#-----------------------------------------------------------
# Vivado v2022.2 (64-bit)
# SW Build 3671981 on Fri Oct 14 04:59:54 MDT 2022
# IP Build 3669848 on Fri Oct 14 08:30:02 MDT 2022
# Start of session at: Mon Aug  4 00:41:49 2025
# Process ID: 5127
# Current directory: /home/goeun/gitHub/Braille_generator_FPGA
# Command line: vivado
# Log file: /home/goeun/gitHub/Braille_generator_FPGA/vivado.log
# Journal file: /home/goeun/gitHub/Braille_generator_FPGA/vivado.jou
# Running On: goeun-desktop, OS: Linux, CPU Frequency: 3788.296 MHz, CPU Physical cores: 4, Host memory: 16573 MB
#-----------------------------------------------------------
start_gui
WARNING: [Board 49-26] cannot add Board Part xilinx.com:vek280_es:part0:1.0 available at /media/goeun/E/Vivado/2022.2/data/xhub/boards/XilinxBoardStore/boards/Xilinx/vek280/es/1.0/board.xml as part xcve2802-vsvh1760-2lp-e-s-es1 specified in board_part file is either invalid or not available
WARNING: [Board 49-26] cannot add Board Part xilinx.com:vhk158_es:part0:1.0 available at /media/goeun/E/Vivado/2022.2/data/xhub/boards/XilinxBoardStore/boards/Xilinx/vhk158/es/1.0/board.xml as part xcvh1582-vsva3697-2mp-e-s-es1 specified in board_part file is either invalid or not available
WARNING: [Board 49-26] cannot add Board Part xilinx.com:vpk120_es:part0:1.2 available at /media/goeun/E/Vivado/2022.2/data/xhub/boards/XilinxBoardStore/boards/Xilinx/vpk120/es/1.2/board.xml as part xcvp1202-vsva2785-2mp-e-s-es1 specified in board_part file is either invalid or not available
WARNING: [Board 49-26] cannot add Board Part xilinx.com:vpk120_es_revb:part0:1.0 available at /media/goeun/E/Vivado/2022.2/data/xhub/boards/XilinxBoardStore/boards/Xilinx/vpk120_revb/es/1.0/board.xml as part xcvp1202-vsva2785-2mp-e-s-es1 specified in board_part file is either invalid or not available
WARNING: [Board 49-26] cannot add Board Part xilinx.com:vpk180_es:part0:1.0 available at /media/goeun/E/Vivado/2022.2/data/xhub/boards/XilinxBoardStore/boards/Xilinx/vpk180/es/1.0/board.xml as part xcvp1802-lsvc4072-2mp-e-s-es1 specified in board_part file is either invalid or not available
WARNING: [Board 49-26] cannot add Board Part xilinx.com:zcu208ld:part0:2.0 available at /media/goeun/E/Vivado/2022.2/data/xhub/boards/XilinxBoardStore/boards/Xilinx/zcu208ld/production/2.0/board.xml as part xczu58dr-fsvg1517-2-i specified in board_part file is either invalid or not available
WARNING: [Board 49-26] cannot add Board Part xilinx.com:zcu216ld:part0:2.0 available at /media/goeun/E/Vivado/2022.2/data/xhub/boards/XilinxBoardStore/boards/Xilinx/zcu216ld/production/2.0/board.xml as part xczu59dr-ffvf1760-2-i specified in board_part file is either invalid or not available
WARNING: [Board 49-26] cannot add Board Part xilinx.com:zcu670:part0:2.0 available at /media/goeun/E/Vivado/2022.2/data/xhub/boards/XilinxBoardStore/boards/Xilinx/zcu670/2.0/board.xml as part xczu67dr-fsve1156-2-i specified in board_part file is either invalid or not available
WARNING: [Board 49-26] cannot add Board Part xilinx.com:zcu670ld:part0:1.0 available at /media/goeun/E/Vivado/2022.2/data/xhub/boards/XilinxBoardStore/boards/Xilinx/zcu670ld/1.0/board.xml as part xczu57dr-fsve1156-2-i specified in board_part file is either invalid or not available
open_project /home/goeun/gitHub/Braille_generator_FPGA/uvm/CNN_UVM.xpr
INFO: [Project 1-313] Project file moved from 'D:/Working/CNN_UVM' since last save.
WARNING: [filemgmt 56-3] Board Part Repository Path: Could not find the directory 'C:/Users/kccistc/AppData/Roaming/Xilinx/Vivado/2020.2/xhub/board_store/xilinx_board_store'.
INFO: [filemgmt 56-3] Default IP Output Path : Could not find the directory '/home/goeun/gitHub/Braille_generator_FPGA/uvm/CNN_UVM.gen/sources_1'.
Scanning sources...
Finished scanning sources
INFO: [Project 1-230] Project 'CNN_UVM.xpr' upgraded for this version of Vivado.
INFO: [IP_Flow 19-234] Refreshing IP repositories
INFO: [IP_Flow 19-1704] No user IP repositories specified
INFO: [IP_Flow 19-2313] Loaded Vivado IP repository '/media/goeun/E/Vivado/2022.2/data/ip'.
update_compile_order -fileset sources_1
update_compile_order -fileset sim_1
launch_simulation
Command: launch_simulation 
INFO: [Vivado 12-12493] Simulation top is 'tb_top'
WARNING: [Vivado 12-13277] Compiled library path does not exist: ''
INFO: [Vivado 12-5682] Launching behavioral simulation in '/home/goeun/gitHub/Braille_generator_FPGA/uvm/CNN_UVM.sim/sim_1/behav/xsim'
INFO: [SIM-utils-51] Simulation object is 'sim_1'
INFO: [SIM-utils-72] Using boost library from '/media/goeun/E/Vivado/2022.2/tps/boost_1_72_0'
INFO: [SIM-utils-54] Inspecting design source files for 'tb_top' in fileset 'sim_1'...
INFO: [USF-XSim-97] Finding global include files...
INFO: [USF-XSim-98] Fetching design files from 'sim_1'...
INFO: [USF-XSim-2] XSim::Compile design
INFO: [USF-XSim-61] Executing 'COMPILE and ANALYZE' step in '/home/goeun/gitHub/Braille_generator_FPGA/uvm/CNN_UVM.sim/sim_1/behav/xsim'
xvlog --incr --relax -L uvm -L uvm -prj tb_top_vlog.prj
INFO: [VRFC 10-2263] Analyzing Verilog file "/home/goeun/gitHub/Braille_generator_FPGA/uvm/CNN_UVM.srcs/sources_1/imports/new/apb3_ip.v" into library xil_defaultlib
INFO: [VRFC 10-311] analyzing module custom_ip_APB3
INFO: [VRFC 10-2263] Analyzing Verilog file "/home/goeun/gitHub/Braille_generator_FPGA/uvm/CNN_UVM.srcs/sources_1/imports/new/top.v" into library xil_defaultlib
INFO: [VRFC 10-311] analyzing module custom_ip_APB3
WARNING: [VRFC 10-3609] overwriting previous definition of module 'custom_ip_APB3' [/home/goeun/gitHub/Braille_generator_FPGA/uvm/CNN_UVM.srcs/sources_1/imports/new/apb3_ip.v:11]
INFO: [VRFC 10-311] analyzing module cnn_kernel
INFO: [VRFC 10-311] analyzing module top
INFO: [VRFC 10-2263] Analyzing SystemVerilog file "/home/goeun/gitHub/Braille_generator_FPGA/uvm/CNN_UVM.srcs/sim_1/imports/new/apb_packet.sv" into library xil_defaultlib
INFO: [VRFC 10-2263] Analyzing SystemVerilog file "/home/goeun/gitHub/Braille_generator_FPGA/uvm/CNN_UVM.srcs/sim_1/imports/new/apb_monitor.sv" into library xil_defaultlib
INFO: [VRFC 10-2263] Analyzing SystemVerilog file "/home/goeun/gitHub/Braille_generator_FPGA/uvm/CNN_UVM.srcs/sim_1/imports/new/apb_driver.sv" into library xil_defaultlib
INFO: [VRFC 10-2263] Analyzing SystemVerilog file "/home/goeun/gitHub/Braille_generator_FPGA/uvm/CNN_UVM.srcs/sim_1/imports/new/apb_sequencer.sv" into library xil_defaultlib
INFO: [VRFC 10-2263] Analyzing SystemVerilog file "/home/goeun/gitHub/Braille_generator_FPGA/uvm/CNN_UVM.srcs/sim_1/imports/new/apb_agent.sv" into library xil_defaultlib
INFO: [VRFC 10-2263] Analyzing SystemVerilog file "/home/goeun/gitHub/Braille_generator_FPGA/uvm/CNN_UVM.srcs/sim_1/imports/new/apb_env.sv" into library xil_defaultlib
INFO: [VRFC 10-2263] Analyzing SystemVerilog file "/home/goeun/gitHub/Braille_generator_FPGA/uvm/CNN_UVM.srcs/sim_1/imports/new/scoreboard.sv" into library xil_defaultlib
ERROR: [VRFC 10-2989] 'last_weight' is not declared [/home/goeun/gitHub/Braille_generator_FPGA/uvm/CNN_UVM.srcs/sim_1/imports/new/scoreboard.sv:53]
ERROR: [VRFC 10-2989] 'FAMP' is not declared [/home/goeun/gitHub/Braille_generator_FPGA/uvm/CNN_UVM.srcs/sim_1/imports/new/scoreboard.sv:58]
ERROR: [VRFC 10-2989] 'FAMP' is not declared [/home/goeun/gitHub/Braille_generator_FPGA/uvm/CNN_UVM.srcs/sim_1/imports/new/scoreboard.sv:75]
INFO: [USF-XSim-69] 'compile' step finished in '1' seconds
INFO: [USF-XSim-99] Step results log file:'/home/goeun/gitHub/Braille_generator_FPGA/uvm/CNN_UVM.sim/sim_1/behav/xsim/xvlog.log'
ERROR: [USF-XSim-62] 'compile' step failed with error(s). Please check the Tcl console output or '/home/goeun/gitHub/Braille_generator_FPGA/uvm/CNN_UVM.sim/sim_1/behav/xsim/xvlog.log' file for more information.
ERROR: [Vivado 12-4473] Detected error while running simulation. Please correct the issue and retry this operation.
ERROR: [Common 17-39] 'launch_simulation' failed due to earlier errors.
launch_simulation
Command: launch_simulation 
INFO: [Vivado 12-12493] Simulation top is 'tb_top'
WARNING: [Vivado 12-13277] Compiled library path does not exist: ''
INFO: [Vivado 12-5682] Launching behavioral simulation in '/home/goeun/gitHub/Braille_generator_FPGA/uvm/CNN_UVM.sim/sim_1/behav/xsim'
INFO: [SIM-utils-51] Simulation object is 'sim_1'
INFO: [SIM-utils-72] Using boost library from '/media/goeun/E/Vivado/2022.2/tps/boost_1_72_0'
INFO: [SIM-utils-54] Inspecting design source files for 'tb_top' in fileset 'sim_1'...
INFO: [USF-XSim-97] Finding global include files...
INFO: [USF-XSim-98] Fetching design files from 'sim_1'...
INFO: [USF-XSim-2] XSim::Compile design
INFO: [USF-XSim-61] Executing 'COMPILE and ANALYZE' step in '/home/goeun/gitHub/Braille_generator_FPGA/uvm/CNN_UVM.sim/sim_1/behav/xsim'
xvlog --incr --relax -L uvm -L uvm -prj tb_top_vlog.prj
INFO: [VRFC 10-2263] Analyzing Verilog file "/home/goeun/gitHub/Braille_generator_FPGA/uvm/CNN_UVM.srcs/sources_1/imports/new/apb3_ip.v" into library xil_defaultlib
INFO: [VRFC 10-311] analyzing module custom_ip_APB3
INFO: [VRFC 10-2263] Analyzing Verilog file "/home/goeun/gitHub/Braille_generator_FPGA/uvm/CNN_UVM.srcs/sources_1/imports/new/top.v" into library xil_defaultlib
INFO: [VRFC 10-311] analyzing module custom_ip_APB3
WARNING: [VRFC 10-3609] overwriting previous definition of module 'custom_ip_APB3' [/home/goeun/gitHub/Braille_generator_FPGA/uvm/CNN_UVM.srcs/sources_1/imports/new/apb3_ip.v:11]
INFO: [VRFC 10-311] analyzing module cnn_kernel
INFO: [VRFC 10-311] analyzing module top
INFO: [VRFC 10-2263] Analyzing SystemVerilog file "/home/goeun/gitHub/Braille_generator_FPGA/uvm/CNN_UVM.srcs/sim_1/imports/new/apb_packet.sv" into library xil_defaultlib
INFO: [VRFC 10-2263] Analyzing SystemVerilog file "/home/goeun/gitHub/Braille_generator_FPGA/uvm/CNN_UVM.srcs/sim_1/imports/new/apb_monitor.sv" into library xil_defaultlib
INFO: [VRFC 10-2263] Analyzing SystemVerilog file "/home/goeun/gitHub/Braille_generator_FPGA/uvm/CNN_UVM.srcs/sim_1/imports/new/apb_driver.sv" into library xil_defaultlib
INFO: [VRFC 10-2263] Analyzing SystemVerilog file "/home/goeun/gitHub/Braille_generator_FPGA/uvm/CNN_UVM.srcs/sim_1/imports/new/apb_sequencer.sv" into library xil_defaultlib
INFO: [VRFC 10-2263] Analyzing SystemVerilog file "/home/goeun/gitHub/Braille_generator_FPGA/uvm/CNN_UVM.srcs/sim_1/imports/new/apb_agent.sv" into library xil_defaultlib
INFO: [VRFC 10-2263] Analyzing SystemVerilog file "/home/goeun/gitHub/Braille_generator_FPGA/uvm/CNN_UVM.srcs/sim_1/imports/new/apb_env.sv" into library xil_defaultlib
INFO: [VRFC 10-2263] Analyzing SystemVerilog file "/home/goeun/gitHub/Braille_generator_FPGA/uvm/CNN_UVM.srcs/sim_1/imports/new/scoreboard.sv" into library xil_defaultlib
INFO: [VRFC 10-2263] Analyzing SystemVerilog file "/home/goeun/gitHub/Braille_generator_FPGA/uvm/CNN_UVM.srcs/sim_1/imports/new/tb_env.sv" into library xil_defaultlib
INFO: [VRFC 10-2263] Analyzing SystemVerilog file "/home/goeun/gitHub/Braille_generator_FPGA/uvm/CNN_UVM.srcs/sim_1/new/cnn_seq.sv" into library xil_defaultlib
INFO: [VRFC 10-2263] Analyzing SystemVerilog file "/home/goeun/gitHub/Braille_generator_FPGA/uvm/CNN_UVM.srcs/sim_1/imports/new/tb_pkg.sv" into library xil_defaultlib
INFO: [VRFC 10-2263] Analyzing SystemVerilog file "/home/goeun/gitHub/Braille_generator_FPGA/uvm/CNN_UVM.srcs/sim_1/imports/new/tb_top.sv" into library xil_defaultlib
WARNING: [VRFC 10-3609] overwriting previous definition of package 'tb_pkg' [/home/goeun/gitHub/Braille_generator_FPGA/uvm/CNN_UVM.srcs/sim_1/imports/new/tb_pkg.sv:1]
INFO: [VRFC 10-311] analyzing module tb_top
INFO: [VRFC 10-2263] Analyzing Verilog file "/home/goeun/gitHub/Braille_generator_FPGA/uvm/CNN_UVM.sim/sim_1/behav/xsim/glbl.v" into library xil_defaultlib
INFO: [VRFC 10-311] analyzing module glbl
Waiting for jobs to finish...
No pending jobs, compilation finished.
INFO: [USF-XSim-69] 'compile' step finished in '2' seconds
INFO: [USF-XSim-3] XSim::Elaborate design
INFO: [USF-XSim-61] Executing 'ELABORATE' step in '/home/goeun/gitHub/Braille_generator_FPGA/uvm/CNN_UVM.sim/sim_1/behav/xsim'
xelab --incr --debug typical --relax --mt 8 -L xil_defaultlib -L uvm -L unisims_ver -L unimacro_ver -L unisims_ver -L secureip --snapshot tb_top_behav xil_defaultlib.tb_top xil_defaultlib.glbl -log elaborate.log -L uvm
Vivado Simulator v2022.2
Copyright 1986-1999, 2001-2022 Xilinx, Inc. All Rights Reserved.
Running: /media/goeun/E/Vivado/2022.2/bin/unwrapped/lnx64.o/xelab --incr --debug typical --relax --mt 8 -L xil_defaultlib -L uvm -L unisims_ver -L unimacro_ver -L unisims_ver -L secureip --snapshot tb_top_behav xil_defaultlib.tb_top xil_defaultlib.glbl -log elaborate.log -L uvm 
Using 8 slave threads.
Starting static elaboration
Pass Through NonSizing Optimizer
ERROR: [VRFC 10-2991] 'O_OT_KERNEL_ACC' is not declared under prefix 'dut' [/home/goeun/gitHub/Braille_generator_FPGA/uvm/CNN_UVM.srcs/sim_1/imports/new/cnn_intf_inst.sv:5]
ERROR: [XSIM 43-3322] Static elaboration of top level Verilog design unit(s) in library work failed.
INFO: [USF-XSim-69] 'elaborate' step finished in '5' seconds
INFO: [USF-XSim-99] Step results log file:'/home/goeun/gitHub/Braille_generator_FPGA/uvm/CNN_UVM.sim/sim_1/behav/xsim/elaborate.log'
ERROR: [USF-XSim-62] 'elaborate' step failed with error(s). Please check the Tcl console output or '/home/goeun/gitHub/Braille_generator_FPGA/uvm/CNN_UVM.sim/sim_1/behav/xsim/elaborate.log' file for more information.
ERROR: [Vivado 12-4473] Detected error while running simulation. Please correct the issue and retry this operation.
launch_simulation: Time (s): cpu = 00:00:08 ; elapsed = 00:00:07 . Memory (MB): peak = 6952.129 ; gain = 0.000 ; free physical = 7354 ; free virtual = 13447
ERROR: [Common 17-39] 'launch_simulation' failed due to earlier errors.
launch_simulation
Command: launch_simulation 
INFO: [Vivado 12-12493] Simulation top is 'tb_top'
WARNING: [Vivado 12-13277] Compiled library path does not exist: ''
INFO: [Vivado 12-5682] Launching behavioral simulation in '/home/goeun/gitHub/Braille_generator_FPGA/uvm/CNN_UVM.sim/sim_1/behav/xsim'
INFO: [SIM-utils-51] Simulation object is 'sim_1'
INFO: [SIM-utils-72] Using boost library from '/media/goeun/E/Vivado/2022.2/tps/boost_1_72_0'
INFO: [SIM-utils-54] Inspecting design source files for 'tb_top' in fileset 'sim_1'...
INFO: [USF-XSim-97] Finding global include files...
INFO: [USF-XSim-98] Fetching design files from 'sim_1'...
INFO: [USF-XSim-2] XSim::Compile design
INFO: [USF-XSim-61] Executing 'COMPILE and ANALYZE' step in '/home/goeun/gitHub/Braille_generator_FPGA/uvm/CNN_UVM.sim/sim_1/behav/xsim'
xvlog --incr --relax -L uvm -L uvm -prj tb_top_vlog.prj
INFO: [VRFC 10-2263] Analyzing SystemVerilog file "/home/goeun/gitHub/Braille_generator_FPGA/uvm/CNN_UVM.srcs/sim_1/imports/new/apb_packet.sv" into library xil_defaultlib
INFO: [VRFC 10-2263] Analyzing SystemVerilog file "/home/goeun/gitHub/Braille_generator_FPGA/uvm/CNN_UVM.srcs/sim_1/imports/new/apb_monitor.sv" into library xil_defaultlib
INFO: [VRFC 10-2263] Analyzing SystemVerilog file "/home/goeun/gitHub/Braille_generator_FPGA/uvm/CNN_UVM.srcs/sim_1/imports/new/apb_driver.sv" into library xil_defaultlib
INFO: [VRFC 10-2263] Analyzing SystemVerilog file "/home/goeun/gitHub/Braille_generator_FPGA/uvm/CNN_UVM.srcs/sim_1/imports/new/apb_sequencer.sv" into library xil_defaultlib
INFO: [VRFC 10-2263] Analyzing SystemVerilog file "/home/goeun/gitHub/Braille_generator_FPGA/uvm/CNN_UVM.srcs/sim_1/imports/new/apb_agent.sv" into library xil_defaultlib
INFO: [VRFC 10-2263] Analyzing SystemVerilog file "/home/goeun/gitHub/Braille_generator_FPGA/uvm/CNN_UVM.srcs/sim_1/imports/new/apb_env.sv" into library xil_defaultlib
INFO: [VRFC 10-2263] Analyzing SystemVerilog file "/home/goeun/gitHub/Braille_generator_FPGA/uvm/CNN_UVM.srcs/sim_1/imports/new/scoreboard.sv" into library xil_defaultlib
INFO: [VRFC 10-2263] Analyzing SystemVerilog file "/home/goeun/gitHub/Braille_generator_FPGA/uvm/CNN_UVM.srcs/sim_1/imports/new/tb_env.sv" into library xil_defaultlib
INFO: [VRFC 10-2263] Analyzing SystemVerilog file "/home/goeun/gitHub/Braille_generator_FPGA/uvm/CNN_UVM.srcs/sim_1/new/cnn_seq.sv" into library xil_defaultlib
INFO: [VRFC 10-2263] Analyzing SystemVerilog file "/home/goeun/gitHub/Braille_generator_FPGA/uvm/CNN_UVM.srcs/sim_1/imports/new/tb_pkg.sv" into library xil_defaultlib
INFO: [VRFC 10-2263] Analyzing SystemVerilog file "/home/goeun/gitHub/Braille_generator_FPGA/uvm/CNN_UVM.srcs/sim_1/imports/new/tb_top.sv" into library xil_defaultlib
WARNING: [VRFC 10-3609] overwriting previous definition of package 'tb_pkg' [/home/goeun/gitHub/Braille_generator_FPGA/uvm/CNN_UVM.srcs/sim_1/imports/new/tb_pkg.sv:1]
INFO: [VRFC 10-311] analyzing module tb_top
Waiting for jobs to finish...
No pending jobs, compilation finished.
INFO: [USF-XSim-69] 'compile' step finished in '1' seconds
INFO: [USF-XSim-3] XSim::Elaborate design
INFO: [USF-XSim-61] Executing 'ELABORATE' step in '/home/goeun/gitHub/Braille_generator_FPGA/uvm/CNN_UVM.sim/sim_1/behav/xsim'
xelab --incr --debug typical --relax --mt 8 -L xil_defaultlib -L uvm -L unisims_ver -L unimacro_ver -L unisims_ver -L secureip --snapshot tb_top_behav xil_defaultlib.tb_top xil_defaultlib.glbl -log elaborate.log -L uvm
Vivado Simulator v2022.2
Copyright 1986-1999, 2001-2022 Xilinx, Inc. All Rights Reserved.
Running: /media/goeun/E/Vivado/2022.2/bin/unwrapped/lnx64.o/xelab --incr --debug typical --relax --mt 8 -L xil_defaultlib -L uvm -L unisims_ver -L unimacro_ver -L unisims_ver -L secureip --snapshot tb_top_behav xil_defaultlib.tb_top xil_defaultlib.glbl -log elaborate.log -L uvm 
Using 8 slave threads.
Starting static elaboration
Pass Through NonSizing Optimizer
WARNING: [VRFC 10-3597] non-void function 'get' called as a task without void casting [/home/goeun/gitHub/Braille_generator_FPGA/uvm/CNN_UVM.srcs/sim_1/imports/new/scoreboard.sv:19]
WARNING: [VRFC 10-3597] non-void function 'get' called as a task without void casting [/home/goeun/gitHub/Braille_generator_FPGA/uvm/CNN_UVM.srcs/sim_1/imports/new/scoreboard.sv:20]
Completed static elaboration
Starting simulation data flow analysis
WARNING: [XSIM 43-4099] "/proj/xbuilds/SWIP/9999.0_0921_2117/installs/lin64/Vivado/2023.1/data/system_verilog/uvm_1.2/xlnx_uvm_package.sv" Line 4356. Module uvm_pkg doesn't have a timescale but at least one module in design has a timescale.
WARNING: [XSIM 43-4099] "/proj/xbuilds/SWIP/9999.0_0921_2117/installs/lin64/Vivado/2023.1/data/system_verilog/uvm_1.2/xlnx_uvm_package.sv" Line 4356. Module uvm_pkg doesn't have a timescale but at least one module in design has a timescale.
WARNING: [XSIM 43-4468] File : /proj/xbuilds/SWIP/9999.0_0921_2117/installs/lin64/Vivado/2023.1/data/system_verilog/uvm_1.2/xlnx_uvm_package.sv, Line : 25994, RANDC variable size more than 8 bits. This will be treated as a RAND variable instead.
WARNING: [XSIM 43-4099] "/home/goeun/gitHub/Braille_generator_FPGA/uvm/CNN_UVM.srcs/sources_1/imports/new/top.v" Line 5. Module top doesn't have a timescale but at least one module in design has a timescale.
WARNING: [XSIM 43-4099] "/home/goeun/gitHub/Braille_generator_FPGA/uvm/CNN_UVM.srcs/sources_1/imports/new/apb3_ip.v" Line 11. Module custom_ip_APB3 doesn't have a timescale but at least one module in design has a timescale.
WARNING: [XSIM 43-4099] "/home/goeun/gitHub/Braille_generator_FPGA/uvm/CNN_UVM.srcs/sources_1/imports/new/cnn_kernel.v" Line 1. Module cnn_kernel doesn't have a timescale but at least one module in design has a timescale.
WARNING: [XSIM 43-4099] "/home/goeun/gitHub/Braille_generator_FPGA/uvm/CNN_UVM.srcs/sources_1/imports/new/top.v" Line 5. Module top doesn't have a timescale but at least one module in design has a timescale.
WARNING: [XSIM 43-4099] "/home/goeun/gitHub/Braille_generator_FPGA/uvm/CNN_UVM.srcs/sources_1/imports/new/apb3_ip.v" Line 11. Module custom_ip_APB3 doesn't have a timescale but at least one module in design has a timescale.
WARNING: [XSIM 43-4099] "/home/goeun/gitHub/Braille_generator_FPGA/uvm/CNN_UVM.srcs/sources_1/imports/new/cnn_kernel.v" Line 1. Module cnn_kernel doesn't have a timescale but at least one module in design has a timescale.
Completed simulation data flow analysis
Time Resolution for simulation is 1ps
Compiling package xil_defaultlib.$unit_apb_packet_sv_543708521
Compiling package uvm.uvm_pkg
Compiling package std.std
Compiling package xil_defaultlib.tb_pkg
Compiling module xil_defaultlib.apb_if
Compiling module xil_defaultlib.cnn_intf
Compiling module xil_defaultlib.custom_ip_APB3
Compiling module xil_defaultlib.cnn_kernel
Compiling module xil_defaultlib.top
Compiling module xil_defaultlib.tb_top
Compiling module xil_defaultlib.glbl
Built simulation snapshot tb_top_behav
execute_script: Time (s): cpu = 00:01:22 ; elapsed = 00:00:31 . Memory (MB): peak = 6952.129 ; gain = 0.000 ; free physical = 7379 ; free virtual = 13544
INFO: [USF-XSim-69] 'elaborate' step finished in '31' seconds
INFO: [USF-XSim-4] XSim::Simulate design
INFO: [USF-XSim-61] Executing 'SIMULATE' step in '/home/goeun/gitHub/Braille_generator_FPGA/uvm/CNN_UVM.sim/sim_1/behav/xsim'
INFO: [USF-XSim-98] *** Running xsim
   with args "tb_top_behav -key {Behavioral:sim_1:Functional:tb_top} -tclbatch {tb_top.tcl} -log {simulate.log}"
INFO: [USF-XSim-8] Loading simulator feature
Time resolution is 1 ps
source tb_top.tcl
# set curr_wave [current_wave_config]
# if { [string length $curr_wave] == 0 } {
#   if { [llength [get_objects]] > 0} {
#     add_wave /
#     set_property needs_save false [current_wave_config]
#   } else {
#      send_msg_id Add_Wave-1 WARNING "No top level signals found. Simulator will start without a wave window. If you want to open a wave window go to 'File->New Waveform Configuration' or type 'create_wave_config' in the TCL console."
#   }
# }
# run 1000ns
UVM_INFO /media/goeun/E/Vivado/2022.2/data/system_verilog/uvm_1.2/xlnx_uvm_package.sv(18601) @ 0: reporter [UVM/RELNOTES] 
      (Specify +UVM_NO_RELNOTES to turn off this notice)
  with `UVM_OBJECT_DO_NOT_NEED_CONSTRUCTOR undefined.

  You are using a version of the UVM library that has been compiled
  with `UVM_NO_DEPRECATED undefined.

  You are using a version of the UVM library that has been compiled

  ***********       IMPORTANT RELEASE NOTES         ************
----------------------------------------------------------------
(C) 2013-2014 NVIDIA Corporation
(C) 2011-2013 Cypress Semiconductor Corp.
(C) 2006-2014 Synopsys, Inc.
(C) 2007-2014 Cadence Design Systems, Inc.
(C) 2007-2014 Mentor Graphics Corporation


----------------------------------------------------------------

UVM_WARNING @ 0: reporter [TPRGED] Type name 'apb_monitor' already registered with factory. No string-based lookup support for multiple types with the same type name.
UVM_WARNING @ 0: reporter [TPRGED] Type name 'apb_driver' already registered with factory. No string-based lookup support for multiple types with the same type name.
UVM_WARNING @ 0: reporter [TPRGED] Type name 'apb_sequencer' already registered with factory. No string-based lookup support for multiple types with the same type name.
UVM_WARNING @ 0: reporter [TPRGED] Type name 'apb_agent' already registered with factory. No string-based lookup support for multiple types with the same type name.
UVM_WARNING @ 0: reporter [TPRGED] Type name 'apb_env' already registered with factory. No string-based lookup support for multiple types with the same type name.
UVM_WARNING @ 0: reporter [TPRGED] Type name 'scoreboard' already registered with factory. No string-based lookup support for multiple types with the same type name.
UVM_WARNING @ 0: reporter [TPRGED] Type name 'tb_env' already registered with factory. No string-based lookup support for multiple types with the same type name.
UVM_WARNING @ 0: reporter [TPRGED] Type name 'apb_packet' already registered with factory. No string-based lookup support for multiple types with the same type name.
UVM_WARNING @ 0: reporter [TPRGED] Type name 'cnn_sequence' already registered with factory. No string-based lookup support for multiple types with the same type name.
UVM_INFO @ 0: reporter [RNTST] Running test cnn_test...
UVM_INFO /home/goeun/gitHub/Braille_generator_FPGA/uvm/CNN_UVM.srcs/sim_1/imports/new/base_test.sv(14) @ 0: uvm_test_top [cnn_test] build_phase(test_lib)uvm_test_top
UVM_INFO /home/goeun/gitHub/Braille_generator_FPGA/uvm/CNN_UVM.srcs/sim_1/imports/new/cnn_test.sv(12) @ 0: uvm_test_top [uvm_test_top] build_phase
UVM_INFO /home/goeun/gitHub/Braille_generator_FPGA/uvm/CNN_UVM.srcs/sim_1/imports/new/tb_env.sv(16) @ 0: uvm_test_top.tb [uvm_test_top.tb] build_phase
UVM_INFO /home/goeun/gitHub/Braille_generator_FPGA/uvm/CNN_UVM.srcs/sim_1/imports/new/apb_env.sv(15) @ 0: uvm_test_top.tb.apb [apb_env] [BUILD PHASE] APB ENV
UVM_INFO /home/goeun/gitHub/Braille_generator_FPGA/uvm/CNN_UVM.srcs/sim_1/imports/new/apb_agent.sv(24) @ 0: uvm_test_top.tb.apb.agent [apb_agent] [BUILD PHASE] APB AGENT 1
UVM_INFO /home/goeun/gitHub/Braille_generator_FPGA/uvm/CNN_UVM.srcs/sim_1/imports/new/apb_driver.sv(16) @ 0: uvm_test_top.tb.apb.agent.driver [apb_driver] [BUILD PHASE] apb_driver build
UVM_INFO /home/goeun/gitHub/Braille_generator_FPGA/uvm/CNN_UVM.srcs/sim_1/imports/new/apb_monitor.sv(23) @ 0: uvm_test_top.tb.apb.agent.monitor [apb_monitor] [BUILD PHASE] apb_monitor build phase
UVM_INFO /home/goeun/gitHub/Braille_generator_FPGA/uvm/CNN_UVM.srcs/sim_1/imports/new/scoreboard.sv(21) @ 0: uvm_test_top.tb.sb [scoreboard] [BUILD_PHASE] scoreboard build
UVM_INFO /home/goeun/gitHub/Braille_generator_FPGA/uvm/CNN_UVM.srcs/sim_1/imports/new/apb_agent.sv(29) @ 0: uvm_test_top.tb.apb.agent [apb_agent] [CONNECT PHASE] connect start
UVM_INFO /home/goeun/gitHub/Braille_generator_FPGA/uvm/CNN_UVM.srcs/sim_1/imports/new/tb_env.sv(21) @ 0: uvm_test_top.tb [uvm_test_top.tb] Connect phase complete.
UVM_INFO /media/goeun/E/Vivado/2022.2/data/system_verilog/uvm_1.2/xlnx_uvm_package.sv(20867) @ 0: reporter [UVM/COMP/NAMECHECK] This implementation of the component name checks requires DPI to be enabled
UVM_INFO /home/goeun/gitHub/Braille_generator_FPGA/uvm/CNN_UVM.srcs/sim_1/imports/new/cnn_test.sv(16) @ 0: uvm_test_top [uvm_test_top] run_phase
UVM_INFO /home/goeun/gitHub/Braille_generator_FPGA/uvm/CNN_UVM.srcs/sim_1/imports/new/scoreboard.sv(26) @ 0: uvm_test_top.tb.sb [scoreboard] [RUN_PHASE] scoreboard run_phase
UVM_INFO /home/goeun/gitHub/Braille_generator_FPGA/uvm/CNN_UVM.srcs/sim_1/imports/new/apb_monitor.sv(31) @ 0: uvm_test_top.tb.apb.agent.monitor [apb_monitor] run_phase
UVM_INFO /home/goeun/gitHub/Braille_generator_FPGA/uvm/CNN_UVM.srcs/sim_1/imports/new/apb_monitor.sv(38) @ 0: uvm_test_top.tb.apb.agent.monitor [uvm_test_top.tb.apb.agent.monitor] Run stage start.
UVM_INFO /home/goeun/gitHub/Braille_generator_FPGA/uvm/CNN_UVM.srcs/sim_1/imports/new/apb_driver.sv(20) @ 0: uvm_test_top.tb.apb.agent.driver [apb_driver] [RUN PHASE] driver run_phase start
UVM_INFO /home/goeun/gitHub/Braille_generator_FPGA/uvm/CNN_UVM.srcs/sim_1/imports/new/apb_driver.sv(40) @ 0: uvm_test_top.tb.apb.agent.driver [apb_driver] Drive signals ... 
UVM_INFO /home/goeun/gitHub/Braille_generator_FPGA/uvm/CNN_UVM.srcs/sim_1/imports/new/cnn_seq.sv(44) @ 0: uvm_test_top.tb.apb.agent.sequencer@@seq [cnn_sequence] cnn_seq body() start
UVM_INFO /home/goeun/gitHub/Braille_generator_FPGA/uvm/CNN_UVM.srcs/sim_1/imports/new/cnn_seq.sv(9) @ 0: uvm_test_top.tb.apb.agent.sequencer@@seq [cnn_sequence] [HW_WRITE] ADDR: 0x008, WDATA: 0x004
UVM_INFO /home/goeun/gitHub/Braille_generator_FPGA/uvm/CNN_UVM.srcs/sim_1/imports/new/apb_driver.sv(30) @ 1000: uvm_test_top.tb.apb.agent.driver [apb_driver] negedge apb_vif.PRESETN
UVM_INFO /home/goeun/gitHub/Braille_generator_FPGA/uvm/CNN_UVM.srcs/sim_1/imports/new/scoreboard.sv(97) @ 20000: uvm_test_top.tb.sb [scoreboard] [Packet] ADDR: 0x008, [DUT] ADDR: 0x008
UVM_INFO /home/goeun/gitHub/Braille_generator_FPGA/uvm/CNN_UVM.srcs/sim_1/imports/new/scoreboard.sv(101) @ 20000: uvm_test_top.tb.sb [scoreboard] [Packet] WDATA: 0x004, [DUT] WDATA: 0x004
UVM_INFO /home/goeun/gitHub/Braille_generator_FPGA/uvm/CNN_UVM.srcs/sim_1/imports/new/cnn_seq.sv(9) @ 35000: uvm_test_top.tb.apb.agent.sequencer@@seq [cnn_sequence] [HW_WRITE] ADDR: 0x004, WDATA: 0x001
UVM_INFO /home/goeun/gitHub/Braille_generator_FPGA/uvm/CNN_UVM.srcs/sim_1/imports/new/scoreboard.sv(97) @ 60000: uvm_test_top.tb.sb [scoreboard] [Packet] ADDR: 0x004, [DUT] ADDR: 0x004
UVM_INFO /home/goeun/gitHub/Braille_generator_FPGA/uvm/CNN_UVM.srcs/sim_1/imports/new/scoreboard.sv(101) @ 60000: uvm_test_top.tb.sb [scoreboard] [Packet] WDATA: 0x001, [DUT] WDATA: 0x001
UVM_INFO /home/goeun/gitHub/Braille_generator_FPGA/uvm/CNN_UVM.srcs/sim_1/imports/new/cnn_seq.sv(9) @ 75000: uvm_test_top.tb.apb.agent.sequencer@@seq [cnn_sequence] [HW_WRITE] ADDR: 0x000, WDATA: 0x002
UVM_INFO /home/goeun/gitHub/Braille_generator_FPGA/uvm/CNN_UVM.srcs/sim_1/imports/new/scoreboard.sv(97) @ 100000: uvm_test_top.tb.sb [scoreboard] [Packet] ADDR: 0x000, [DUT] ADDR: 0x000
UVM_INFO /home/goeun/gitHub/Braille_generator_FPGA/uvm/CNN_UVM.srcs/sim_1/imports/new/scoreboard.sv(101) @ 100000: uvm_test_top.tb.sb [scoreboard] [Packet] WDATA: 0x002, [DUT] WDATA: 0x002
UVM_INFO /home/goeun/gitHub/Braille_generator_FPGA/uvm/CNN_UVM.srcs/sim_1/imports/new/scoreboard.sv(97) @ 140000: uvm_test_top.tb.sb [scoreboard] [Packet] ADDR: 0x008, [DUT] ADDR: 0x008
UVM_INFO /home/goeun/gitHub/Braille_generator_FPGA/uvm/CNN_UVM.srcs/sim_1/imports/new/scoreboard.sv(104) @ 140000: uvm_test_top.tb.sb [scoreboard] [Packet] RDATA: 0x004, [DUT] RDATA: 0x004
UVM_INFO /home/goeun/gitHub/Braille_generator_FPGA/uvm/CNN_UVM.srcs/sim_1/imports/new/cnn_seq.sv(26) @ 155000: uvm_test_top.tb.apb.agent.sequencer@@seq [cnn_sequence] [HW_READ] ADDR: 0x008, RDATA: 0x004
UVM_INFO /home/goeun/gitHub/Braille_generator_FPGA/uvm/CNN_UVM.srcs/sim_1/imports/new/scoreboard.sv(97) @ 180000: uvm_test_top.tb.sb [scoreboard] [Packet] ADDR: 0x004, [DUT] ADDR: 0x004
UVM_INFO /home/goeun/gitHub/Braille_generator_FPGA/uvm/CNN_UVM.srcs/sim_1/imports/new/scoreboard.sv(104) @ 180000: uvm_test_top.tb.sb [scoreboard] [Packet] RDATA: 0x001, [DUT] RDATA: 0x001
UVM_INFO /home/goeun/gitHub/Braille_generator_FPGA/uvm/CNN_UVM.srcs/sim_1/imports/new/cnn_seq.sv(26) @ 195000: uvm_test_top.tb.apb.agent.sequencer@@seq [cnn_sequence] [HW_READ] ADDR: 0x004, RDATA: 0x001
UVM_INFO /home/goeun/gitHub/Braille_generator_FPGA/uvm/CNN_UVM.srcs/sim_1/imports/new/scoreboard.sv(97) @ 220000: uvm_test_top.tb.sb [scoreboard] [Packet] ADDR: 0x000, [DUT] ADDR: 0x000
UVM_INFO /home/goeun/gitHub/Braille_generator_FPGA/uvm/CNN_UVM.srcs/sim_1/imports/new/scoreboard.sv(104) @ 220000: uvm_test_top.tb.sb [scoreboard] [Packet] RDATA: 0x002, [DUT] RDATA: 0x002
UVM_INFO /home/goeun/gitHub/Braille_generator_FPGA/uvm/CNN_UVM.srcs/sim_1/imports/new/cnn_seq.sv(26) @ 235000: uvm_test_top.tb.apb.agent.sequencer@@seq [cnn_sequence] [HW_READ] ADDR: 0x000, RDATA: 0x002
INFO: [USF-XSim-96] XSim completed. Design snapshot 'tb_top_behav' loaded.
INFO: [USF-XSim-97] XSim simulation ran for 1000ns
launch_simulation: Time (s): cpu = 00:01:29 ; elapsed = 00:00:35 . Memory (MB): peak = 7021.324 ; gain = 69.195 ; free physical = 7337 ; free virtual = 13515
run all
UVM_INFO /media/goeun/E/Vivado/2022.2/data/system_verilog/uvm_1.2/xlnx_uvm_package.sv(19968) @ 2235000: reporter [TEST_DONE] 'run' phase is ready to proceed to the 'extract' phase
UVM_INFO /home/goeun/gitHub/Braille_generator_FPGA/uvm/CNN_UVM.srcs/sim_1/imports/new/apb_monitor.sv(59) @ 2235000: uvm_test_top.tb.apb.agent.monitor [apb_monitor] REPORT: COLLECT PACKET: 6
UVM_INFO /media/goeun/E/Vivado/2022.2/data/system_verilog/uvm_1.2/xlnx_uvm_package.sv(13673) @ 2235000: reporter [UVM/REPORT/SERVER] [uvm_test_top.tb.apb.agent.monitor]     1
[uvm_test_top.tb]     2
[uvm_test_top]     2
[scoreboard]    14
[cnn_test]     1
[cnn_sequence]     7
[apb_monitor]     3
[apb_env]     1
[apb_driver]     4
[apb_agent]     2
[UVM/RELNOTES]     1
[UVM/COMP/NAMECHECK]     1
[TPRGED]     9
[TEST_DONE]     1
[RNTST]     1
** Report counts by id
UVM_FATAL :    0
UVM_ERROR :    0
UVM_WARNING :    9
UVM_INFO :   41
** Report counts by severity

--- UVM Report Summary ---


$finish called at time : 2235 ns : File "/media/goeun/E/Vivado/2022.2/data/system_verilog/uvm_1.2/xlnx_uvm_package.sv" Line 18699
relaunch_sim
Command: launch_simulation -step compile -simset sim_1 -mode behavioral
INFO: [Vivado 12-12493] Simulation top is 'tb_top'
WARNING: [Vivado 12-13277] Compiled library path does not exist: ''
INFO: [Vivado 12-5682] Launching behavioral simulation in '/home/goeun/gitHub/Braille_generator_FPGA/uvm/CNN_UVM.sim/sim_1/behav/xsim'
INFO: [SIM-utils-51] Simulation object is 'sim_1'
INFO: [SIM-utils-72] Using boost library from '/media/goeun/E/Vivado/2022.2/tps/boost_1_72_0'
INFO: [SIM-utils-54] Inspecting design source files for 'tb_top' in fileset 'sim_1'...
INFO: [USF-XSim-97] Finding global include files...
INFO: [USF-XSim-98] Fetching design files from 'sim_1'...
INFO: [USF-XSim-2] XSim::Compile design
INFO: [USF-XSim-61] Executing 'COMPILE and ANALYZE' step in '/home/goeun/gitHub/Braille_generator_FPGA/uvm/CNN_UVM.sim/sim_1/behav/xsim'
xvlog --incr --relax -L uvm -L uvm -prj tb_top_vlog.prj
INFO: [VRFC 10-2263] Analyzing SystemVerilog file "/home/goeun/gitHub/Braille_generator_FPGA/uvm/CNN_UVM.srcs/sim_1/imports/new/apb_packet.sv" into library xil_defaultlib
INFO: [VRFC 10-2263] Analyzing SystemVerilog file "/home/goeun/gitHub/Braille_generator_FPGA/uvm/CNN_UVM.srcs/sim_1/imports/new/apb_monitor.sv" into library xil_defaultlib
INFO: [VRFC 10-2263] Analyzing SystemVerilog file "/home/goeun/gitHub/Braille_generator_FPGA/uvm/CNN_UVM.srcs/sim_1/imports/new/apb_driver.sv" into library xil_defaultlib
INFO: [VRFC 10-2263] Analyzing SystemVerilog file "/home/goeun/gitHub/Braille_generator_FPGA/uvm/CNN_UVM.srcs/sim_1/imports/new/apb_sequencer.sv" into library xil_defaultlib
INFO: [VRFC 10-2263] Analyzing SystemVerilog file "/home/goeun/gitHub/Braille_generator_FPGA/uvm/CNN_UVM.srcs/sim_1/imports/new/apb_agent.sv" into library xil_defaultlib
INFO: [VRFC 10-2263] Analyzing SystemVerilog file "/home/goeun/gitHub/Braille_generator_FPGA/uvm/CNN_UVM.srcs/sim_1/imports/new/apb_env.sv" into library xil_defaultlib
INFO: [VRFC 10-2263] Analyzing SystemVerilog file "/home/goeun/gitHub/Braille_generator_FPGA/uvm/CNN_UVM.srcs/sim_1/imports/new/scoreboard.sv" into library xil_defaultlib
INFO: [VRFC 10-2263] Analyzing SystemVerilog file "/home/goeun/gitHub/Braille_generator_FPGA/uvm/CNN_UVM.srcs/sim_1/imports/new/tb_env.sv" into library xil_defaultlib
INFO: [VRFC 10-2263] Analyzing SystemVerilog file "/home/goeun/gitHub/Braille_generator_FPGA/uvm/CNN_UVM.srcs/sim_1/new/cnn_seq.sv" into library xil_defaultlib
INFO: [VRFC 10-2263] Analyzing SystemVerilog file "/home/goeun/gitHub/Braille_generator_FPGA/uvm/CNN_UVM.srcs/sim_1/imports/new/tb_pkg.sv" into library xil_defaultlib
INFO: [VRFC 10-2263] Analyzing SystemVerilog file "/home/goeun/gitHub/Braille_generator_FPGA/uvm/CNN_UVM.srcs/sim_1/imports/new/tb_top.sv" into library xil_defaultlib
WARNING: [VRFC 10-3609] overwriting previous definition of package 'tb_pkg' [/home/goeun/gitHub/Braille_generator_FPGA/uvm/CNN_UVM.srcs/sim_1/imports/new/tb_pkg.sv:1]
INFO: [VRFC 10-311] analyzing module tb_top
Waiting for jobs to finish...
No pending jobs, compilation finished.
INFO: [USF-XSim-69] 'compile' step finished in '2' seconds
launch_simulation: Time (s): cpu = 00:00:14 ; elapsed = 00:00:13 . Memory (MB): peak = 7033.465 ; gain = 0.000 ; free physical = 7291 ; free virtual = 13461
Command: launch_simulation -step elaborate -simset sim_1 -mode behavioral
INFO: [Vivado 12-12493] Simulation top is 'tb_top'
WARNING: [Vivado 12-13277] Compiled library path does not exist: ''
INFO: [Vivado 12-5682] Launching behavioral simulation in '/home/goeun/gitHub/Braille_generator_FPGA/uvm/CNN_UVM.sim/sim_1/behav/xsim'
INFO: [SIM-utils-51] Simulation object is 'sim_1'
INFO: [USF-XSim-3] XSim::Elaborate design
INFO: [USF-XSim-61] Executing 'ELABORATE' step in '/home/goeun/gitHub/Braille_generator_FPGA/uvm/CNN_UVM.sim/sim_1/behav/xsim'
xelab --incr --debug typical --relax --mt 8 -L xil_defaultlib -L uvm -L unisims_ver -L unimacro_ver -L unisims_ver -L secureip --snapshot tb_top_behav xil_defaultlib.tb_top xil_defaultlib.glbl -log elaborate.log -L uvm
Vivado Simulator v2022.2
Copyright 1986-1999, 2001-2022 Xilinx, Inc. All Rights Reserved.
Running: /media/goeun/E/Vivado/2022.2/bin/unwrapped/lnx64.o/xelab --incr --debug typical --relax --mt 8 -L xil_defaultlib -L uvm -L unisims_ver -L unimacro_ver -L unisims_ver -L secureip --snapshot tb_top_behav xil_defaultlib.tb_top xil_defaultlib.glbl -log elaborate.log -L uvm 
Using 8 slave threads.
Starting static elaboration
Pass Through NonSizing Optimizer
WARNING: [VRFC 10-3597] non-void function 'get' called as a task without void casting [/home/goeun/gitHub/Braille_generator_FPGA/uvm/CNN_UVM.srcs/sim_1/imports/new/scoreboard.sv:19]
WARNING: [VRFC 10-3597] non-void function 'get' called as a task without void casting [/home/goeun/gitHub/Braille_generator_FPGA/uvm/CNN_UVM.srcs/sim_1/imports/new/scoreboard.sv:20]
Completed static elaboration
Starting simulation data flow analysis
WARNING: [XSIM 43-4099] "/proj/xbuilds/SWIP/9999.0_0921_2117/installs/lin64/Vivado/2023.1/data/system_verilog/uvm_1.2/xlnx_uvm_package.sv" Line 4356. Module uvm_pkg doesn't have a timescale but at least one module in design has a timescale.
WARNING: [XSIM 43-4099] "/proj/xbuilds/SWIP/9999.0_0921_2117/installs/lin64/Vivado/2023.1/data/system_verilog/uvm_1.2/xlnx_uvm_package.sv" Line 4356. Module uvm_pkg doesn't have a timescale but at least one module in design has a timescale.
WARNING: [XSIM 43-4468] File : /proj/xbuilds/SWIP/9999.0_0921_2117/installs/lin64/Vivado/2023.1/data/system_verilog/uvm_1.2/xlnx_uvm_package.sv, Line : 25994, RANDC variable size more than 8 bits. This will be treated as a RAND variable instead.
WARNING: [XSIM 43-4099] "/home/goeun/gitHub/Braille_generator_FPGA/uvm/CNN_UVM.srcs/sources_1/imports/new/top.v" Line 5. Module top doesn't have a timescale but at least one module in design has a timescale.
WARNING: [XSIM 43-4099] "/home/goeun/gitHub/Braille_generator_FPGA/uvm/CNN_UVM.srcs/sources_1/imports/new/apb3_ip.v" Line 11. Module custom_ip_APB3 doesn't have a timescale but at least one module in design has a timescale.
WARNING: [XSIM 43-4099] "/home/goeun/gitHub/Braille_generator_FPGA/uvm/CNN_UVM.srcs/sources_1/imports/new/cnn_kernel.v" Line 1. Module cnn_kernel doesn't have a timescale but at least one module in design has a timescale.
WARNING: [XSIM 43-4099] "/home/goeun/gitHub/Braille_generator_FPGA/uvm/CNN_UVM.srcs/sources_1/imports/new/top.v" Line 5. Module top doesn't have a timescale but at least one module in design has a timescale.
WARNING: [XSIM 43-4099] "/home/goeun/gitHub/Braille_generator_FPGA/uvm/CNN_UVM.srcs/sources_1/imports/new/apb3_ip.v" Line 11. Module custom_ip_APB3 doesn't have a timescale but at least one module in design has a timescale.
WARNING: [XSIM 43-4099] "/home/goeun/gitHub/Braille_generator_FPGA/uvm/CNN_UVM.srcs/sources_1/imports/new/cnn_kernel.v" Line 1. Module cnn_kernel doesn't have a timescale but at least one module in design has a timescale.
Completed simulation data flow analysis
Time Resolution for simulation is 1ps
Compiling package xil_defaultlib.$unit_apb_packet_sv_543708521
Compiling package uvm.uvm_pkg
Compiling package std.std
Compiling package xil_defaultlib.tb_pkg
Compiling module xil_defaultlib.apb_if
Compiling module xil_defaultlib.cnn_intf
Compiling module xil_defaultlib.custom_ip_APB3
Compiling module xil_defaultlib.cnn_kernel
Compiling module xil_defaultlib.top
Compiling module xil_defaultlib.tb_top
Compiling module xil_defaultlib.glbl
Built simulation snapshot tb_top_behav
execute_script: Time (s): cpu = 00:01:22 ; elapsed = 00:00:30 . Memory (MB): peak = 7033.465 ; gain = 0.000 ; free physical = 7227 ; free virtual = 13398
INFO: [USF-XSim-69] 'elaborate' step finished in '30' seconds
launch_simulation: Time (s): cpu = 00:01:22 ; elapsed = 00:00:30 . Memory (MB): peak = 7033.465 ; gain = 0.000 ; free physical = 7227 ; free virtual = 13398
Time resolution is 1 ps
UVM_INFO /media/goeun/E/Vivado/2022.2/data/system_verilog/uvm_1.2/xlnx_uvm_package.sv(18601) @ 0: reporter [UVM/RELNOTES] 
      (Specify +UVM_NO_RELNOTES to turn off this notice)
  with `UVM_OBJECT_DO_NOT_NEED_CONSTRUCTOR undefined.

  You are using a version of the UVM library that has been compiled
  with `UVM_NO_DEPRECATED undefined.

  You are using a version of the UVM library that has been compiled

  ***********       IMPORTANT RELEASE NOTES         ************
----------------------------------------------------------------
(C) 2013-2014 NVIDIA Corporation
(C) 2011-2013 Cypress Semiconductor Corp.
(C) 2006-2014 Synopsys, Inc.
(C) 2007-2014 Cadence Design Systems, Inc.
(C) 2007-2014 Mentor Graphics Corporation


----------------------------------------------------------------

UVM_WARNING @ 0: reporter [TPRGED] Type name 'apb_monitor' already registered with factory. No string-based lookup support for multiple types with the same type name.
UVM_WARNING @ 0: reporter [TPRGED] Type name 'apb_driver' already registered with factory. No string-based lookup support for multiple types with the same type name.
UVM_WARNING @ 0: reporter [TPRGED] Type name 'apb_sequencer' already registered with factory. No string-based lookup support for multiple types with the same type name.
UVM_WARNING @ 0: reporter [TPRGED] Type name 'apb_agent' already registered with factory. No string-based lookup support for multiple types with the same type name.
UVM_WARNING @ 0: reporter [TPRGED] Type name 'apb_env' already registered with factory. No string-based lookup support for multiple types with the same type name.
UVM_WARNING @ 0: reporter [TPRGED] Type name 'scoreboard' already registered with factory. No string-based lookup support for multiple types with the same type name.
UVM_WARNING @ 0: reporter [TPRGED] Type name 'tb_env' already registered with factory. No string-based lookup support for multiple types with the same type name.
UVM_WARNING @ 0: reporter [TPRGED] Type name 'apb_packet' already registered with factory. No string-based lookup support for multiple types with the same type name.
UVM_WARNING @ 0: reporter [TPRGED] Type name 'cnn_sequence' already registered with factory. No string-based lookup support for multiple types with the same type name.
UVM_INFO @ 0: reporter [RNTST] Running test cnn_test...
UVM_INFO /home/goeun/gitHub/Braille_generator_FPGA/uvm/CNN_UVM.srcs/sim_1/imports/new/base_test.sv(14) @ 0: uvm_test_top [cnn_test] build_phase(test_lib)uvm_test_top
UVM_INFO /home/goeun/gitHub/Braille_generator_FPGA/uvm/CNN_UVM.srcs/sim_1/imports/new/cnn_test.sv(12) @ 0: uvm_test_top [uvm_test_top] build_phase
UVM_INFO /home/goeun/gitHub/Braille_generator_FPGA/uvm/CNN_UVM.srcs/sim_1/imports/new/tb_env.sv(16) @ 0: uvm_test_top.tb [uvm_test_top.tb] build_phase
UVM_INFO /home/goeun/gitHub/Braille_generator_FPGA/uvm/CNN_UVM.srcs/sim_1/imports/new/apb_env.sv(15) @ 0: uvm_test_top.tb.apb [apb_env] [BUILD PHASE] APB ENV
UVM_INFO /home/goeun/gitHub/Braille_generator_FPGA/uvm/CNN_UVM.srcs/sim_1/imports/new/apb_agent.sv(24) @ 0: uvm_test_top.tb.apb.agent [apb_agent] [BUILD PHASE] APB AGENT 1
UVM_INFO /home/goeun/gitHub/Braille_generator_FPGA/uvm/CNN_UVM.srcs/sim_1/imports/new/apb_driver.sv(16) @ 0: uvm_test_top.tb.apb.agent.driver [apb_driver] [BUILD PHASE] apb_driver build
UVM_INFO /home/goeun/gitHub/Braille_generator_FPGA/uvm/CNN_UVM.srcs/sim_1/imports/new/apb_monitor.sv(23) @ 0: uvm_test_top.tb.apb.agent.monitor [apb_monitor] [BUILD PHASE] apb_monitor build phase
UVM_INFO /home/goeun/gitHub/Braille_generator_FPGA/uvm/CNN_UVM.srcs/sim_1/imports/new/scoreboard.sv(21) @ 0: uvm_test_top.tb.sb [scoreboard] [BUILD_PHASE] scoreboard build
UVM_INFO /home/goeun/gitHub/Braille_generator_FPGA/uvm/CNN_UVM.srcs/sim_1/imports/new/apb_agent.sv(29) @ 0: uvm_test_top.tb.apb.agent [apb_agent] [CONNECT PHASE] connect start
UVM_INFO /home/goeun/gitHub/Braille_generator_FPGA/uvm/CNN_UVM.srcs/sim_1/imports/new/tb_env.sv(21) @ 0: uvm_test_top.tb [uvm_test_top.tb] Connect phase complete.
UVM_INFO /media/goeun/E/Vivado/2022.2/data/system_verilog/uvm_1.2/xlnx_uvm_package.sv(20867) @ 0: reporter [UVM/COMP/NAMECHECK] This implementation of the component name checks requires DPI to be enabled
UVM_INFO /home/goeun/gitHub/Braille_generator_FPGA/uvm/CNN_UVM.srcs/sim_1/imports/new/cnn_test.sv(16) @ 0: uvm_test_top [uvm_test_top] run_phase
UVM_INFO /home/goeun/gitHub/Braille_generator_FPGA/uvm/CNN_UVM.srcs/sim_1/imports/new/scoreboard.sv(26) @ 0: uvm_test_top.tb.sb [scoreboard] [RUN_PHASE] scoreboard run_phase
UVM_INFO /home/goeun/gitHub/Braille_generator_FPGA/uvm/CNN_UVM.srcs/sim_1/imports/new/apb_monitor.sv(31) @ 0: uvm_test_top.tb.apb.agent.monitor [apb_monitor] run_phase
UVM_INFO /home/goeun/gitHub/Braille_generator_FPGA/uvm/CNN_UVM.srcs/sim_1/imports/new/apb_monitor.sv(38) @ 0: uvm_test_top.tb.apb.agent.monitor [uvm_test_top.tb.apb.agent.monitor] Run stage start.
UVM_INFO /home/goeun/gitHub/Braille_generator_FPGA/uvm/CNN_UVM.srcs/sim_1/imports/new/apb_driver.sv(20) @ 0: uvm_test_top.tb.apb.agent.driver [apb_driver] [RUN PHASE] driver run_phase start
UVM_INFO /home/goeun/gitHub/Braille_generator_FPGA/uvm/CNN_UVM.srcs/sim_1/imports/new/apb_driver.sv(40) @ 0: uvm_test_top.tb.apb.agent.driver [apb_driver] Drive signals ... 
UVM_INFO /home/goeun/gitHub/Braille_generator_FPGA/uvm/CNN_UVM.srcs/sim_1/imports/new/cnn_seq.sv(44) @ 0: uvm_test_top.tb.apb.agent.sequencer@@seq [cnn_sequence] cnn_seq body() start
UVM_INFO /home/goeun/gitHub/Braille_generator_FPGA/uvm/CNN_UVM.srcs/sim_1/imports/new/cnn_seq.sv(9) @ 0: uvm_test_top.tb.apb.agent.sequencer@@seq [cnn_sequence] [HW_WRITE] ADDR: 0x008, WDATA: 0x004
UVM_INFO /home/goeun/gitHub/Braille_generator_FPGA/uvm/CNN_UVM.srcs/sim_1/imports/new/apb_driver.sv(30) @ 1000: uvm_test_top.tb.apb.agent.driver [apb_driver] negedge apb_vif.PRESETN
UVM_ERROR /home/goeun/gitHub/Braille_generator_FPGA/uvm/CNN_UVM.srcs/sim_1/imports/new/scoreboard.sv(75) @ 25000: uvm_test_top.tb.sb [scoreboard] [FAIL] fmap (0xxx) × weight (0xxx) = 0xxxxx, but cnn_out = 0x0000
UVM_INFO /home/goeun/gitHub/Braille_generator_FPGA/uvm/CNN_UVM.srcs/sim_1/imports/new/cnn_seq.sv(9) @ 35000: uvm_test_top.tb.apb.agent.sequencer@@seq [cnn_sequence] [HW_WRITE] ADDR: 0x004, WDATA: 0x001
UVM_INFO /home/goeun/gitHub/Braille_generator_FPGA/uvm/CNN_UVM.srcs/sim_1/imports/new/scoreboard.sv(59) @ 60000: uvm_test_top.tb.sb [scoreboard] Fmap set to: 0x01
UVM_INFO /home/goeun/gitHub/Braille_generator_FPGA/uvm/CNN_UVM.srcs/sim_1/imports/new/cnn_seq.sv(9) @ 75000: uvm_test_top.tb.apb.agent.sequencer@@seq [cnn_sequence] [HW_WRITE] ADDR: 0x000, WDATA: 0x002
UVM_INFO /home/goeun/gitHub/Braille_generator_FPGA/uvm/CNN_UVM.srcs/sim_1/imports/new/scoreboard.sv(54) @ 100000: uvm_test_top.tb.sb [scoreboard] Weight set to: 0x02
UVM_ERROR /home/goeun/gitHub/Braille_generator_FPGA/uvm/CNN_UVM.srcs/sim_1/imports/new/scoreboard.sv(75) @ 145000: uvm_test_top.tb.sb [scoreboard] [FAIL] fmap (0x01) × weight (0x02) = 0x0002, but cnn_out = 0x0008
UVM_INFO /home/goeun/gitHub/Braille_generator_FPGA/uvm/CNN_UVM.srcs/sim_1/imports/new/cnn_seq.sv(26) @ 155000: uvm_test_top.tb.apb.agent.sequencer@@seq [cnn_sequence] [HW_READ] ADDR: 0x008, RDATA: 0x004
UVM_INFO /home/goeun/gitHub/Braille_generator_FPGA/uvm/CNN_UVM.srcs/sim_1/imports/new/scoreboard.sv(59) @ 180000: uvm_test_top.tb.sb [scoreboard] Fmap set to: 0x01
UVM_INFO /home/goeun/gitHub/Braille_generator_FPGA/uvm/CNN_UVM.srcs/sim_1/imports/new/cnn_seq.sv(26) @ 195000: uvm_test_top.tb.apb.agent.sequencer@@seq [cnn_sequence] [HW_READ] ADDR: 0x004, RDATA: 0x001
UVM_INFO /home/goeun/gitHub/Braille_generator_FPGA/uvm/CNN_UVM.srcs/sim_1/imports/new/scoreboard.sv(54) @ 220000: uvm_test_top.tb.sb [scoreboard] Weight set to: 0x02
UVM_INFO /home/goeun/gitHub/Braille_generator_FPGA/uvm/CNN_UVM.srcs/sim_1/imports/new/cnn_seq.sv(26) @ 235000: uvm_test_top.tb.apb.agent.sequencer@@seq [cnn_sequence] [HW_READ] ADDR: 0x000, RDATA: 0x002
relaunch_sim: Time (s): cpu = 00:01:37 ; elapsed = 00:00:44 . Memory (MB): peak = 7036.199 ; gain = 2.734 ; free physical = 7231 ; free virtual = 13402
run all
UVM_INFO /media/goeun/E/Vivado/2022.2/data/system_verilog/uvm_1.2/xlnx_uvm_package.sv(19968) @ 2235000: reporter [TEST_DONE] 'run' phase is ready to proceed to the 'extract' phase
UVM_INFO /home/goeun/gitHub/Braille_generator_FPGA/uvm/CNN_UVM.srcs/sim_1/imports/new/apb_monitor.sv(59) @ 2235000: uvm_test_top.tb.apb.agent.monitor [apb_monitor] REPORT: COLLECT PACKET: 6
UVM_INFO /media/goeun/E/Vivado/2022.2/data/system_verilog/uvm_1.2/xlnx_uvm_package.sv(13673) @ 2235000: reporter [UVM/REPORT/SERVER] [uvm_test_top.tb.apb.agent.monitor]     1
[uvm_test_top.tb]     2
[uvm_test_top]     2
[scoreboard]     8
[cnn_test]     1
[cnn_sequence]     7
[apb_monitor]     3
[apb_env]     1
[apb_driver]     4
[apb_agent]     2
[UVM/RELNOTES]     1
[UVM/COMP/NAMECHECK]     1
[TPRGED]     9
[TEST_DONE]     1
[RNTST]     1
** Report counts by id
UVM_FATAL :    0
UVM_ERROR :    2
UVM_WARNING :    9
UVM_INFO :   33
** Report counts by severity

--- UVM Report Summary ---


$finish called at time : 2235 ns : File "/media/goeun/E/Vivado/2022.2/data/system_verilog/uvm_1.2/xlnx_uvm_package.sv" Line 18699
relaunch_sim
Command: launch_simulation -step compile -simset sim_1 -mode behavioral
INFO: [Vivado 12-12493] Simulation top is 'tb_top'
WARNING: [Vivado 12-13277] Compiled library path does not exist: ''
INFO: [Vivado 12-5682] Launching behavioral simulation in '/home/goeun/gitHub/Braille_generator_FPGA/uvm/CNN_UVM.sim/sim_1/behav/xsim'
INFO: [SIM-utils-51] Simulation object is 'sim_1'
INFO: [USF-XSim-2] XSim::Compile design
INFO: [USF-XSim-61] Executing 'COMPILE and ANALYZE' step in '/home/goeun/gitHub/Braille_generator_FPGA/uvm/CNN_UVM.sim/sim_1/behav/xsim'
xvlog --incr --relax -L uvm -L uvm -prj tb_top_vlog.prj
INFO: [VRFC 10-2263] Analyzing SystemVerilog file "/home/goeun/gitHub/Braille_generator_FPGA/uvm/CNN_UVM.srcs/sim_1/imports/new/apb_packet.sv" into library xil_defaultlib
INFO: [VRFC 10-2263] Analyzing SystemVerilog file "/home/goeun/gitHub/Braille_generator_FPGA/uvm/CNN_UVM.srcs/sim_1/imports/new/apb_monitor.sv" into library xil_defaultlib
INFO: [VRFC 10-2263] Analyzing SystemVerilog file "/home/goeun/gitHub/Braille_generator_FPGA/uvm/CNN_UVM.srcs/sim_1/imports/new/apb_driver.sv" into library xil_defaultlib
INFO: [VRFC 10-2263] Analyzing SystemVerilog file "/home/goeun/gitHub/Braille_generator_FPGA/uvm/CNN_UVM.srcs/sim_1/imports/new/apb_sequencer.sv" into library xil_defaultlib
INFO: [VRFC 10-2263] Analyzing SystemVerilog file "/home/goeun/gitHub/Braille_generator_FPGA/uvm/CNN_UVM.srcs/sim_1/imports/new/apb_agent.sv" into library xil_defaultlib
INFO: [VRFC 10-2263] Analyzing SystemVerilog file "/home/goeun/gitHub/Braille_generator_FPGA/uvm/CNN_UVM.srcs/sim_1/imports/new/apb_env.sv" into library xil_defaultlib
INFO: [VRFC 10-2263] Analyzing SystemVerilog file "/home/goeun/gitHub/Braille_generator_FPGA/uvm/CNN_UVM.srcs/sim_1/imports/new/scoreboard.sv" into library xil_defaultlib
INFO: [VRFC 10-2263] Analyzing SystemVerilog file "/home/goeun/gitHub/Braille_generator_FPGA/uvm/CNN_UVM.srcs/sim_1/imports/new/tb_env.sv" into library xil_defaultlib
INFO: [VRFC 10-2263] Analyzing SystemVerilog file "/home/goeun/gitHub/Braille_generator_FPGA/uvm/CNN_UVM.srcs/sim_1/new/cnn_seq.sv" into library xil_defaultlib
INFO: [VRFC 10-2263] Analyzing SystemVerilog file "/home/goeun/gitHub/Braille_generator_FPGA/uvm/CNN_UVM.srcs/sim_1/imports/new/tb_pkg.sv" into library xil_defaultlib
INFO: [VRFC 10-2263] Analyzing SystemVerilog file "/home/goeun/gitHub/Braille_generator_FPGA/uvm/CNN_UVM.srcs/sim_1/imports/new/tb_top.sv" into library xil_defaultlib
WARNING: [VRFC 10-3609] overwriting previous definition of package 'tb_pkg' [/home/goeun/gitHub/Braille_generator_FPGA/uvm/CNN_UVM.srcs/sim_1/imports/new/tb_pkg.sv:1]
INFO: [VRFC 10-311] analyzing module tb_top
Waiting for jobs to finish...
No pending jobs, compilation finished.
INFO: [USF-XSim-69] 'compile' step finished in '2' seconds
Command: launch_simulation -step elaborate -simset sim_1 -mode behavioral
INFO: [Vivado 12-12493] Simulation top is 'tb_top'
WARNING: [Vivado 12-13277] Compiled library path does not exist: ''
INFO: [Vivado 12-5682] Launching behavioral simulation in '/home/goeun/gitHub/Braille_generator_FPGA/uvm/CNN_UVM.sim/sim_1/behav/xsim'
INFO: [SIM-utils-51] Simulation object is 'sim_1'
INFO: [USF-XSim-3] XSim::Elaborate design
INFO: [USF-XSim-61] Executing 'ELABORATE' step in '/home/goeun/gitHub/Braille_generator_FPGA/uvm/CNN_UVM.sim/sim_1/behav/xsim'
xelab --incr --debug typical --relax --mt 8 -L xil_defaultlib -L uvm -L unisims_ver -L unimacro_ver -L unisims_ver -L secureip --snapshot tb_top_behav xil_defaultlib.tb_top xil_defaultlib.glbl -log elaborate.log -L uvm
Vivado Simulator v2022.2
Copyright 1986-1999, 2001-2022 Xilinx, Inc. All Rights Reserved.
Running: /media/goeun/E/Vivado/2022.2/bin/unwrapped/lnx64.o/xelab --incr --debug typical --relax --mt 8 -L xil_defaultlib -L uvm -L unisims_ver -L unimacro_ver -L unisims_ver -L secureip --snapshot tb_top_behav xil_defaultlib.tb_top xil_defaultlib.glbl -log elaborate.log -L uvm 
Using 8 slave threads.
Starting static elaboration
Pass Through NonSizing Optimizer
WARNING: [VRFC 10-3597] non-void function 'get' called as a task without void casting [/home/goeun/gitHub/Braille_generator_FPGA/uvm/CNN_UVM.srcs/sim_1/imports/new/scoreboard.sv:19]
WARNING: [VRFC 10-3597] non-void function 'get' called as a task without void casting [/home/goeun/gitHub/Braille_generator_FPGA/uvm/CNN_UVM.srcs/sim_1/imports/new/scoreboard.sv:20]
Completed static elaboration
Starting simulation data flow analysis
WARNING: [XSIM 43-4099] "/proj/xbuilds/SWIP/9999.0_0921_2117/installs/lin64/Vivado/2023.1/data/system_verilog/uvm_1.2/xlnx_uvm_package.sv" Line 4356. Module uvm_pkg doesn't have a timescale but at least one module in design has a timescale.
WARNING: [XSIM 43-4099] "/proj/xbuilds/SWIP/9999.0_0921_2117/installs/lin64/Vivado/2023.1/data/system_verilog/uvm_1.2/xlnx_uvm_package.sv" Line 4356. Module uvm_pkg doesn't have a timescale but at least one module in design has a timescale.
WARNING: [XSIM 43-4468] File : /proj/xbuilds/SWIP/9999.0_0921_2117/installs/lin64/Vivado/2023.1/data/system_verilog/uvm_1.2/xlnx_uvm_package.sv, Line : 25994, RANDC variable size more than 8 bits. This will be treated as a RAND variable instead.
WARNING: [XSIM 43-4099] "/home/goeun/gitHub/Braille_generator_FPGA/uvm/CNN_UVM.srcs/sources_1/imports/new/top.v" Line 5. Module top doesn't have a timescale but at least one module in design has a timescale.
WARNING: [XSIM 43-4099] "/home/goeun/gitHub/Braille_generator_FPGA/uvm/CNN_UVM.srcs/sources_1/imports/new/apb3_ip.v" Line 11. Module custom_ip_APB3 doesn't have a timescale but at least one module in design has a timescale.
WARNING: [XSIM 43-4099] "/home/goeun/gitHub/Braille_generator_FPGA/uvm/CNN_UVM.srcs/sources_1/imports/new/cnn_kernel.v" Line 1. Module cnn_kernel doesn't have a timescale but at least one module in design has a timescale.
WARNING: [XSIM 43-4099] "/home/goeun/gitHub/Braille_generator_FPGA/uvm/CNN_UVM.srcs/sources_1/imports/new/top.v" Line 5. Module top doesn't have a timescale but at least one module in design has a timescale.
WARNING: [XSIM 43-4099] "/home/goeun/gitHub/Braille_generator_FPGA/uvm/CNN_UVM.srcs/sources_1/imports/new/apb3_ip.v" Line 11. Module custom_ip_APB3 doesn't have a timescale but at least one module in design has a timescale.
WARNING: [XSIM 43-4099] "/home/goeun/gitHub/Braille_generator_FPGA/uvm/CNN_UVM.srcs/sources_1/imports/new/cnn_kernel.v" Line 1. Module cnn_kernel doesn't have a timescale but at least one module in design has a timescale.
Completed simulation data flow analysis
Time Resolution for simulation is 1ps
Compiling package xil_defaultlib.$unit_apb_packet_sv_543708521
Compiling package uvm.uvm_pkg
Compiling package std.std
Compiling package xil_defaultlib.tb_pkg
Compiling module xil_defaultlib.apb_if
Compiling module xil_defaultlib.cnn_intf
Compiling module xil_defaultlib.custom_ip_APB3
Compiling module xil_defaultlib.cnn_kernel
Compiling module xil_defaultlib.top
Compiling module xil_defaultlib.tb_top
Compiling module xil_defaultlib.glbl
Built simulation snapshot tb_top_behav
execute_script: Time (s): cpu = 00:01:22 ; elapsed = 00:00:30 . Memory (MB): peak = 7036.465 ; gain = 0.000 ; free physical = 7206 ; free virtual = 13399
INFO: [USF-XSim-69] 'elaborate' step finished in '30' seconds
launch_simulation: Time (s): cpu = 00:01:22 ; elapsed = 00:00:31 . Memory (MB): peak = 7036.465 ; gain = 0.000 ; free physical = 7206 ; free virtual = 13399
Time resolution is 1 ps
UVM_INFO /media/goeun/E/Vivado/2022.2/data/system_verilog/uvm_1.2/xlnx_uvm_package.sv(18601) @ 0: reporter [UVM/RELNOTES] 
      (Specify +UVM_NO_RELNOTES to turn off this notice)
  with `UVM_OBJECT_DO_NOT_NEED_CONSTRUCTOR undefined.

  You are using a version of the UVM library that has been compiled
  with `UVM_NO_DEPRECATED undefined.

  You are using a version of the UVM library that has been compiled

  ***********       IMPORTANT RELEASE NOTES         ************
----------------------------------------------------------------
(C) 2013-2014 NVIDIA Corporation
(C) 2011-2013 Cypress Semiconductor Corp.
(C) 2006-2014 Synopsys, Inc.
(C) 2007-2014 Cadence Design Systems, Inc.
(C) 2007-2014 Mentor Graphics Corporation


----------------------------------------------------------------

UVM_WARNING @ 0: reporter [TPRGED] Type name 'apb_monitor' already registered with factory. No string-based lookup support for multiple types with the same type name.
UVM_WARNING @ 0: reporter [TPRGED] Type name 'apb_driver' already registered with factory. No string-based lookup support for multiple types with the same type name.
UVM_WARNING @ 0: reporter [TPRGED] Type name 'apb_sequencer' already registered with factory. No string-based lookup support for multiple types with the same type name.
UVM_WARNING @ 0: reporter [TPRGED] Type name 'apb_agent' already registered with factory. No string-based lookup support for multiple types with the same type name.
UVM_WARNING @ 0: reporter [TPRGED] Type name 'apb_env' already registered with factory. No string-based lookup support for multiple types with the same type name.
UVM_WARNING @ 0: reporter [TPRGED] Type name 'scoreboard' already registered with factory. No string-based lookup support for multiple types with the same type name.
UVM_WARNING @ 0: reporter [TPRGED] Type name 'tb_env' already registered with factory. No string-based lookup support for multiple types with the same type name.
UVM_WARNING @ 0: reporter [TPRGED] Type name 'apb_packet' already registered with factory. No string-based lookup support for multiple types with the same type name.
UVM_WARNING @ 0: reporter [TPRGED] Type name 'cnn_sequence' already registered with factory. No string-based lookup support for multiple types with the same type name.
UVM_INFO @ 0: reporter [RNTST] Running test cnn_test...
UVM_INFO /home/goeun/gitHub/Braille_generator_FPGA/uvm/CNN_UVM.srcs/sim_1/imports/new/base_test.sv(14) @ 0: uvm_test_top [cnn_test] build_phase(test_lib)uvm_test_top
UVM_INFO /home/goeun/gitHub/Braille_generator_FPGA/uvm/CNN_UVM.srcs/sim_1/imports/new/cnn_test.sv(12) @ 0: uvm_test_top [uvm_test_top] build_phase
UVM_INFO /home/goeun/gitHub/Braille_generator_FPGA/uvm/CNN_UVM.srcs/sim_1/imports/new/tb_env.sv(16) @ 0: uvm_test_top.tb [uvm_test_top.tb] build_phase
UVM_INFO /home/goeun/gitHub/Braille_generator_FPGA/uvm/CNN_UVM.srcs/sim_1/imports/new/apb_env.sv(15) @ 0: uvm_test_top.tb.apb [apb_env] [BUILD PHASE] APB ENV
UVM_INFO /home/goeun/gitHub/Braille_generator_FPGA/uvm/CNN_UVM.srcs/sim_1/imports/new/apb_agent.sv(24) @ 0: uvm_test_top.tb.apb.agent [apb_agent] [BUILD PHASE] APB AGENT 1
UVM_INFO /home/goeun/gitHub/Braille_generator_FPGA/uvm/CNN_UVM.srcs/sim_1/imports/new/apb_driver.sv(16) @ 0: uvm_test_top.tb.apb.agent.driver [apb_driver] [BUILD PHASE] apb_driver build
UVM_INFO /home/goeun/gitHub/Braille_generator_FPGA/uvm/CNN_UVM.srcs/sim_1/imports/new/apb_monitor.sv(23) @ 0: uvm_test_top.tb.apb.agent.monitor [apb_monitor] [BUILD PHASE] apb_monitor build phase
UVM_INFO /home/goeun/gitHub/Braille_generator_FPGA/uvm/CNN_UVM.srcs/sim_1/imports/new/scoreboard.sv(21) @ 0: uvm_test_top.tb.sb [scoreboard] [BUILD_PHASE] scoreboard build
UVM_INFO /home/goeun/gitHub/Braille_generator_FPGA/uvm/CNN_UVM.srcs/sim_1/imports/new/apb_agent.sv(29) @ 0: uvm_test_top.tb.apb.agent [apb_agent] [CONNECT PHASE] connect start
UVM_INFO /home/goeun/gitHub/Braille_generator_FPGA/uvm/CNN_UVM.srcs/sim_1/imports/new/tb_env.sv(21) @ 0: uvm_test_top.tb [uvm_test_top.tb] Connect phase complete.
UVM_INFO /media/goeun/E/Vivado/2022.2/data/system_verilog/uvm_1.2/xlnx_uvm_package.sv(20867) @ 0: reporter [UVM/COMP/NAMECHECK] This implementation of the component name checks requires DPI to be enabled
UVM_INFO /home/goeun/gitHub/Braille_generator_FPGA/uvm/CNN_UVM.srcs/sim_1/imports/new/cnn_test.sv(16) @ 0: uvm_test_top [uvm_test_top] run_phase
UVM_INFO /home/goeun/gitHub/Braille_generator_FPGA/uvm/CNN_UVM.srcs/sim_1/imports/new/scoreboard.sv(26) @ 0: uvm_test_top.tb.sb [scoreboard] [RUN_PHASE] scoreboard run_phase
UVM_INFO /home/goeun/gitHub/Braille_generator_FPGA/uvm/CNN_UVM.srcs/sim_1/imports/new/apb_monitor.sv(31) @ 0: uvm_test_top.tb.apb.agent.monitor [apb_monitor] run_phase
UVM_INFO /home/goeun/gitHub/Braille_generator_FPGA/uvm/CNN_UVM.srcs/sim_1/imports/new/apb_monitor.sv(38) @ 0: uvm_test_top.tb.apb.agent.monitor [uvm_test_top.tb.apb.agent.monitor] Run stage start.
UVM_INFO /home/goeun/gitHub/Braille_generator_FPGA/uvm/CNN_UVM.srcs/sim_1/imports/new/apb_driver.sv(20) @ 0: uvm_test_top.tb.apb.agent.driver [apb_driver] [RUN PHASE] driver run_phase start
UVM_INFO /home/goeun/gitHub/Braille_generator_FPGA/uvm/CNN_UVM.srcs/sim_1/imports/new/apb_driver.sv(40) @ 0: uvm_test_top.tb.apb.agent.driver [apb_driver] Drive signals ... 
UVM_INFO /home/goeun/gitHub/Braille_generator_FPGA/uvm/CNN_UVM.srcs/sim_1/imports/new/cnn_seq.sv(44) @ 0: uvm_test_top.tb.apb.agent.sequencer@@seq [cnn_sequence] cnn_seq body() start
UVM_INFO /home/goeun/gitHub/Braille_generator_FPGA/uvm/CNN_UVM.srcs/sim_1/imports/new/cnn_seq.sv(9) @ 0: uvm_test_top.tb.apb.agent.sequencer@@seq [cnn_sequence] [HW_WRITE] ADDR: 0x000, WDATA: 0x002
UVM_INFO /home/goeun/gitHub/Braille_generator_FPGA/uvm/CNN_UVM.srcs/sim_1/imports/new/apb_driver.sv(30) @ 1000: uvm_test_top.tb.apb.agent.driver [apb_driver] negedge apb_vif.PRESETN
UVM_INFO /home/goeun/gitHub/Braille_generator_FPGA/uvm/CNN_UVM.srcs/sim_1/imports/new/scoreboard.sv(54) @ 20000: uvm_test_top.tb.sb [scoreboard] Weight set to: 0x02
UVM_INFO /home/goeun/gitHub/Braille_generator_FPGA/uvm/CNN_UVM.srcs/sim_1/imports/new/cnn_seq.sv(9) @ 35000: uvm_test_top.tb.apb.agent.sequencer@@seq [cnn_sequence] [HW_WRITE] ADDR: 0x004, WDATA: 0x001
UVM_INFO /home/goeun/gitHub/Braille_generator_FPGA/uvm/CNN_UVM.srcs/sim_1/imports/new/scoreboard.sv(59) @ 60000: uvm_test_top.tb.sb [scoreboard] Fmap set to: 0x01
UVM_INFO /home/goeun/gitHub/Braille_generator_FPGA/uvm/CNN_UVM.srcs/sim_1/imports/new/cnn_seq.sv(9) @ 75000: uvm_test_top.tb.apb.agent.sequencer@@seq [cnn_sequence] [HW_WRITE] ADDR: 0x008, WDATA: 0x004
UVM_ERROR /home/goeun/gitHub/Braille_generator_FPGA/uvm/CNN_UVM.srcs/sim_1/imports/new/scoreboard.sv(75) @ 105000: uvm_test_top.tb.sb [scoreboard] [FAIL] fmap (0x01) × weight (0x02) = 0x0002, but cnn_out = 0x0000
UVM_ERROR /home/goeun/gitHub/Braille_generator_FPGA/uvm/CNN_UVM.srcs/sim_1/imports/new/scoreboard.sv(75) @ 145000: uvm_test_top.tb.sb [scoreboard] [FAIL] fmap (0x01) × weight (0x02) = 0x0002, but cnn_out = 0x0008
UVM_INFO /home/goeun/gitHub/Braille_generator_FPGA/uvm/CNN_UVM.srcs/sim_1/imports/new/cnn_seq.sv(26) @ 155000: uvm_test_top.tb.apb.agent.sequencer@@seq [cnn_sequence] [HW_READ] ADDR: 0x008, RDATA: 0x004
UVM_INFO /home/goeun/gitHub/Braille_generator_FPGA/uvm/CNN_UVM.srcs/sim_1/imports/new/scoreboard.sv(59) @ 180000: uvm_test_top.tb.sb [scoreboard] Fmap set to: 0x01
UVM_INFO /home/goeun/gitHub/Braille_generator_FPGA/uvm/CNN_UVM.srcs/sim_1/imports/new/cnn_seq.sv(26) @ 195000: uvm_test_top.tb.apb.agent.sequencer@@seq [cnn_sequence] [HW_READ] ADDR: 0x004, RDATA: 0x001
UVM_INFO /home/goeun/gitHub/Braille_generator_FPGA/uvm/CNN_UVM.srcs/sim_1/imports/new/scoreboard.sv(54) @ 220000: uvm_test_top.tb.sb [scoreboard] Weight set to: 0x02
UVM_INFO /home/goeun/gitHub/Braille_generator_FPGA/uvm/CNN_UVM.srcs/sim_1/imports/new/cnn_seq.sv(26) @ 235000: uvm_test_top.tb.apb.agent.sequencer@@seq [cnn_sequence] [HW_READ] ADDR: 0x000, RDATA: 0x002
relaunch_sim: Time (s): cpu = 00:01:25 ; elapsed = 00:00:34 . Memory (MB): peak = 7037.199 ; gain = 0.734 ; free physical = 7225 ; free virtual = 13417
run all
UVM_INFO /media/goeun/E/Vivado/2022.2/data/system_verilog/uvm_1.2/xlnx_uvm_package.sv(19968) @ 2235000: reporter [TEST_DONE] 'run' phase is ready to proceed to the 'extract' phase
UVM_INFO /home/goeun/gitHub/Braille_generator_FPGA/uvm/CNN_UVM.srcs/sim_1/imports/new/apb_monitor.sv(59) @ 2235000: uvm_test_top.tb.apb.agent.monitor [apb_monitor] REPORT: COLLECT PACKET: 6
UVM_INFO /media/goeun/E/Vivado/2022.2/data/system_verilog/uvm_1.2/xlnx_uvm_package.sv(13673) @ 2235000: reporter [UVM/REPORT/SERVER] [uvm_test_top.tb.apb.agent.monitor]     1
[uvm_test_top.tb]     2
[uvm_test_top]     2
[scoreboard]     8
[cnn_test]     1
[cnn_sequence]     7
[apb_monitor]     3
[apb_env]     1
[apb_driver]     4
[apb_agent]     2
[UVM/RELNOTES]     1
[UVM/COMP/NAMECHECK]     1
[TPRGED]     9
[TEST_DONE]     1
[RNTST]     1
** Report counts by id
UVM_FATAL :    0
UVM_ERROR :    2
UVM_WARNING :    9
UVM_INFO :   33
** Report counts by severity

--- UVM Report Summary ---


$finish called at time : 2235 ns : File "/media/goeun/E/Vivado/2022.2/data/system_verilog/uvm_1.2/xlnx_uvm_package.sv" Line 18699
relaunch_sim
Command: launch_simulation -step compile -simset sim_1 -mode behavioral
INFO: [Vivado 12-12493] Simulation top is 'tb_top'
WARNING: [Vivado 12-13277] Compiled library path does not exist: ''
INFO: [Vivado 12-5682] Launching behavioral simulation in '/home/goeun/gitHub/Braille_generator_FPGA/uvm/CNN_UVM.sim/sim_1/behav/xsim'
INFO: [SIM-utils-51] Simulation object is 'sim_1'
INFO: [USF-XSim-2] XSim::Compile design
INFO: [USF-XSim-61] Executing 'COMPILE and ANALYZE' step in '/home/goeun/gitHub/Braille_generator_FPGA/uvm/CNN_UVM.sim/sim_1/behav/xsim'
xvlog --incr --relax -L uvm -L uvm -prj tb_top_vlog.prj
INFO: [VRFC 10-2263] Analyzing SystemVerilog file "/home/goeun/gitHub/Braille_generator_FPGA/uvm/CNN_UVM.srcs/sim_1/imports/new/apb_packet.sv" into library xil_defaultlib
INFO: [VRFC 10-2263] Analyzing SystemVerilog file "/home/goeun/gitHub/Braille_generator_FPGA/uvm/CNN_UVM.srcs/sim_1/imports/new/apb_monitor.sv" into library xil_defaultlib
INFO: [VRFC 10-2263] Analyzing SystemVerilog file "/home/goeun/gitHub/Braille_generator_FPGA/uvm/CNN_UVM.srcs/sim_1/imports/new/apb_driver.sv" into library xil_defaultlib
INFO: [VRFC 10-2263] Analyzing SystemVerilog file "/home/goeun/gitHub/Braille_generator_FPGA/uvm/CNN_UVM.srcs/sim_1/imports/new/apb_sequencer.sv" into library xil_defaultlib
INFO: [VRFC 10-2263] Analyzing SystemVerilog file "/home/goeun/gitHub/Braille_generator_FPGA/uvm/CNN_UVM.srcs/sim_1/imports/new/apb_agent.sv" into library xil_defaultlib
INFO: [VRFC 10-2263] Analyzing SystemVerilog file "/home/goeun/gitHub/Braille_generator_FPGA/uvm/CNN_UVM.srcs/sim_1/imports/new/apb_env.sv" into library xil_defaultlib
INFO: [VRFC 10-2263] Analyzing SystemVerilog file "/home/goeun/gitHub/Braille_generator_FPGA/uvm/CNN_UVM.srcs/sim_1/imports/new/scoreboard.sv" into library xil_defaultlib
INFO: [VRFC 10-2263] Analyzing SystemVerilog file "/home/goeun/gitHub/Braille_generator_FPGA/uvm/CNN_UVM.srcs/sim_1/imports/new/tb_env.sv" into library xil_defaultlib
INFO: [VRFC 10-2263] Analyzing SystemVerilog file "/home/goeun/gitHub/Braille_generator_FPGA/uvm/CNN_UVM.srcs/sim_1/new/cnn_seq.sv" into library xil_defaultlib
INFO: [VRFC 10-2263] Analyzing SystemVerilog file "/home/goeun/gitHub/Braille_generator_FPGA/uvm/CNN_UVM.srcs/sim_1/imports/new/tb_pkg.sv" into library xil_defaultlib
INFO: [VRFC 10-2263] Analyzing SystemVerilog file "/home/goeun/gitHub/Braille_generator_FPGA/uvm/CNN_UVM.srcs/sim_1/imports/new/tb_top.sv" into library xil_defaultlib
WARNING: [VRFC 10-3609] overwriting previous definition of package 'tb_pkg' [/home/goeun/gitHub/Braille_generator_FPGA/uvm/CNN_UVM.srcs/sim_1/imports/new/tb_pkg.sv:1]
INFO: [VRFC 10-311] analyzing module tb_top
Waiting for jobs to finish...
No pending jobs, compilation finished.
INFO: [USF-XSim-69] 'compile' step finished in '2' seconds
Command: launch_simulation -step elaborate -simset sim_1 -mode behavioral
INFO: [Vivado 12-12493] Simulation top is 'tb_top'
WARNING: [Vivado 12-13277] Compiled library path does not exist: ''
INFO: [Vivado 12-5682] Launching behavioral simulation in '/home/goeun/gitHub/Braille_generator_FPGA/uvm/CNN_UVM.sim/sim_1/behav/xsim'
INFO: [SIM-utils-51] Simulation object is 'sim_1'
INFO: [USF-XSim-3] XSim::Elaborate design
INFO: [USF-XSim-61] Executing 'ELABORATE' step in '/home/goeun/gitHub/Braille_generator_FPGA/uvm/CNN_UVM.sim/sim_1/behav/xsim'
xelab --incr --debug typical --relax --mt 8 -L xil_defaultlib -L uvm -L unisims_ver -L unimacro_ver -L unisims_ver -L secureip --snapshot tb_top_behav xil_defaultlib.tb_top xil_defaultlib.glbl -log elaborate.log -L uvm
Vivado Simulator v2022.2
Copyright 1986-1999, 2001-2022 Xilinx, Inc. All Rights Reserved.
Running: /media/goeun/E/Vivado/2022.2/bin/unwrapped/lnx64.o/xelab --incr --debug typical --relax --mt 8 -L xil_defaultlib -L uvm -L unisims_ver -L unimacro_ver -L unisims_ver -L secureip --snapshot tb_top_behav xil_defaultlib.tb_top xil_defaultlib.glbl -log elaborate.log -L uvm 
Using 8 slave threads.
Starting static elaboration
Pass Through NonSizing Optimizer
WARNING: [VRFC 10-3597] non-void function 'get' called as a task without void casting [/home/goeun/gitHub/Braille_generator_FPGA/uvm/CNN_UVM.srcs/sim_1/imports/new/scoreboard.sv:19]
WARNING: [VRFC 10-3597] non-void function 'get' called as a task without void casting [/home/goeun/gitHub/Braille_generator_FPGA/uvm/CNN_UVM.srcs/sim_1/imports/new/scoreboard.sv:20]
Completed static elaboration
Starting simulation data flow analysis
WARNING: [XSIM 43-4099] "/proj/xbuilds/SWIP/9999.0_0921_2117/installs/lin64/Vivado/2023.1/data/system_verilog/uvm_1.2/xlnx_uvm_package.sv" Line 4356. Module uvm_pkg doesn't have a timescale but at least one module in design has a timescale.
WARNING: [XSIM 43-4099] "/proj/xbuilds/SWIP/9999.0_0921_2117/installs/lin64/Vivado/2023.1/data/system_verilog/uvm_1.2/xlnx_uvm_package.sv" Line 4356. Module uvm_pkg doesn't have a timescale but at least one module in design has a timescale.
WARNING: [XSIM 43-4468] File : /proj/xbuilds/SWIP/9999.0_0921_2117/installs/lin64/Vivado/2023.1/data/system_verilog/uvm_1.2/xlnx_uvm_package.sv, Line : 25994, RANDC variable size more than 8 bits. This will be treated as a RAND variable instead.
WARNING: [XSIM 43-4099] "/home/goeun/gitHub/Braille_generator_FPGA/uvm/CNN_UVM.srcs/sources_1/imports/new/top.v" Line 5. Module top doesn't have a timescale but at least one module in design has a timescale.
WARNING: [XSIM 43-4099] "/home/goeun/gitHub/Braille_generator_FPGA/uvm/CNN_UVM.srcs/sources_1/imports/new/apb3_ip.v" Line 11. Module custom_ip_APB3 doesn't have a timescale but at least one module in design has a timescale.
WARNING: [XSIM 43-4099] "/home/goeun/gitHub/Braille_generator_FPGA/uvm/CNN_UVM.srcs/sources_1/imports/new/cnn_kernel.v" Line 1. Module cnn_kernel doesn't have a timescale but at least one module in design has a timescale.
WARNING: [XSIM 43-4099] "/home/goeun/gitHub/Braille_generator_FPGA/uvm/CNN_UVM.srcs/sources_1/imports/new/top.v" Line 5. Module top doesn't have a timescale but at least one module in design has a timescale.
WARNING: [XSIM 43-4099] "/home/goeun/gitHub/Braille_generator_FPGA/uvm/CNN_UVM.srcs/sources_1/imports/new/apb3_ip.v" Line 11. Module custom_ip_APB3 doesn't have a timescale but at least one module in design has a timescale.
WARNING: [XSIM 43-4099] "/home/goeun/gitHub/Braille_generator_FPGA/uvm/CNN_UVM.srcs/sources_1/imports/new/cnn_kernel.v" Line 1. Module cnn_kernel doesn't have a timescale but at least one module in design has a timescale.
Completed simulation data flow analysis
Time Resolution for simulation is 1ps
Compiling package xil_defaultlib.$unit_apb_packet_sv_543708521
Compiling package uvm.uvm_pkg
Compiling package std.std
Compiling package xil_defaultlib.tb_pkg
Compiling module xil_defaultlib.apb_if
Compiling module xil_defaultlib.cnn_intf
Compiling module xil_defaultlib.custom_ip_APB3
Compiling module xil_defaultlib.cnn_kernel
Compiling module xil_defaultlib.top
Compiling module xil_defaultlib.tb_top
Compiling module xil_defaultlib.glbl
Built simulation snapshot tb_top_behav
execute_script: Time (s): cpu = 00:01:25 ; elapsed = 00:00:33 . Memory (MB): peak = 7038.465 ; gain = 0.000 ; free physical = 7194 ; free virtual = 13376
INFO: [USF-XSim-69] 'elaborate' step finished in '33' seconds
launch_simulation: Time (s): cpu = 00:01:25 ; elapsed = 00:00:33 . Memory (MB): peak = 7038.465 ; gain = 0.000 ; free physical = 7194 ; free virtual = 13376
Time resolution is 1 ps
UVM_INFO /media/goeun/E/Vivado/2022.2/data/system_verilog/uvm_1.2/xlnx_uvm_package.sv(18601) @ 0: reporter [UVM/RELNOTES] 
      (Specify +UVM_NO_RELNOTES to turn off this notice)
  with `UVM_OBJECT_DO_NOT_NEED_CONSTRUCTOR undefined.

  You are using a version of the UVM library that has been compiled
  with `UVM_NO_DEPRECATED undefined.

  You are using a version of the UVM library that has been compiled

  ***********       IMPORTANT RELEASE NOTES         ************
----------------------------------------------------------------
(C) 2013-2014 NVIDIA Corporation
(C) 2011-2013 Cypress Semiconductor Corp.
(C) 2006-2014 Synopsys, Inc.
(C) 2007-2014 Cadence Design Systems, Inc.
(C) 2007-2014 Mentor Graphics Corporation


----------------------------------------------------------------

UVM_WARNING @ 0: reporter [TPRGED] Type name 'apb_monitor' already registered with factory. No string-based lookup support for multiple types with the same type name.
UVM_WARNING @ 0: reporter [TPRGED] Type name 'apb_driver' already registered with factory. No string-based lookup support for multiple types with the same type name.
UVM_WARNING @ 0: reporter [TPRGED] Type name 'apb_sequencer' already registered with factory. No string-based lookup support for multiple types with the same type name.
UVM_WARNING @ 0: reporter [TPRGED] Type name 'apb_agent' already registered with factory. No string-based lookup support for multiple types with the same type name.
UVM_WARNING @ 0: reporter [TPRGED] Type name 'apb_env' already registered with factory. No string-based lookup support for multiple types with the same type name.
UVM_WARNING @ 0: reporter [TPRGED] Type name 'scoreboard' already registered with factory. No string-based lookup support for multiple types with the same type name.
UVM_WARNING @ 0: reporter [TPRGED] Type name 'tb_env' already registered with factory. No string-based lookup support for multiple types with the same type name.
UVM_WARNING @ 0: reporter [TPRGED] Type name 'apb_packet' already registered with factory. No string-based lookup support for multiple types with the same type name.
UVM_WARNING @ 0: reporter [TPRGED] Type name 'cnn_sequence' already registered with factory. No string-based lookup support for multiple types with the same type name.
UVM_INFO @ 0: reporter [RNTST] Running test cnn_test...
UVM_INFO /home/goeun/gitHub/Braille_generator_FPGA/uvm/CNN_UVM.srcs/sim_1/imports/new/base_test.sv(14) @ 0: uvm_test_top [cnn_test] build_phase(test_lib)uvm_test_top
UVM_INFO /home/goeun/gitHub/Braille_generator_FPGA/uvm/CNN_UVM.srcs/sim_1/imports/new/cnn_test.sv(12) @ 0: uvm_test_top [uvm_test_top] build_phase
UVM_INFO /home/goeun/gitHub/Braille_generator_FPGA/uvm/CNN_UVM.srcs/sim_1/imports/new/tb_env.sv(16) @ 0: uvm_test_top.tb [uvm_test_top.tb] build_phase
UVM_INFO /home/goeun/gitHub/Braille_generator_FPGA/uvm/CNN_UVM.srcs/sim_1/imports/new/apb_env.sv(15) @ 0: uvm_test_top.tb.apb [apb_env] [BUILD PHASE] APB ENV
UVM_INFO /home/goeun/gitHub/Braille_generator_FPGA/uvm/CNN_UVM.srcs/sim_1/imports/new/apb_agent.sv(24) @ 0: uvm_test_top.tb.apb.agent [apb_agent] [BUILD PHASE] APB AGENT 1
UVM_INFO /home/goeun/gitHub/Braille_generator_FPGA/uvm/CNN_UVM.srcs/sim_1/imports/new/apb_driver.sv(16) @ 0: uvm_test_top.tb.apb.agent.driver [apb_driver] [BUILD PHASE] apb_driver build
UVM_INFO /home/goeun/gitHub/Braille_generator_FPGA/uvm/CNN_UVM.srcs/sim_1/imports/new/apb_monitor.sv(23) @ 0: uvm_test_top.tb.apb.agent.monitor [apb_monitor] [BUILD PHASE] apb_monitor build phase
UVM_INFO /home/goeun/gitHub/Braille_generator_FPGA/uvm/CNN_UVM.srcs/sim_1/imports/new/scoreboard.sv(21) @ 0: uvm_test_top.tb.sb [scoreboard] [BUILD_PHASE] scoreboard build
UVM_INFO /home/goeun/gitHub/Braille_generator_FPGA/uvm/CNN_UVM.srcs/sim_1/imports/new/apb_agent.sv(29) @ 0: uvm_test_top.tb.apb.agent [apb_agent] [CONNECT PHASE] connect start
UVM_INFO /home/goeun/gitHub/Braille_generator_FPGA/uvm/CNN_UVM.srcs/sim_1/imports/new/tb_env.sv(21) @ 0: uvm_test_top.tb [uvm_test_top.tb] Connect phase complete.
UVM_INFO /media/goeun/E/Vivado/2022.2/data/system_verilog/uvm_1.2/xlnx_uvm_package.sv(20867) @ 0: reporter [UVM/COMP/NAMECHECK] This implementation of the component name checks requires DPI to be enabled
UVM_INFO /home/goeun/gitHub/Braille_generator_FPGA/uvm/CNN_UVM.srcs/sim_1/imports/new/cnn_test.sv(16) @ 0: uvm_test_top [uvm_test_top] run_phase
UVM_INFO /home/goeun/gitHub/Braille_generator_FPGA/uvm/CNN_UVM.srcs/sim_1/imports/new/scoreboard.sv(26) @ 0: uvm_test_top.tb.sb [scoreboard] [RUN_PHASE] scoreboard run_phase
UVM_INFO /home/goeun/gitHub/Braille_generator_FPGA/uvm/CNN_UVM.srcs/sim_1/imports/new/apb_monitor.sv(31) @ 0: uvm_test_top.tb.apb.agent.monitor [apb_monitor] run_phase
UVM_INFO /home/goeun/gitHub/Braille_generator_FPGA/uvm/CNN_UVM.srcs/sim_1/imports/new/apb_monitor.sv(38) @ 0: uvm_test_top.tb.apb.agent.monitor [uvm_test_top.tb.apb.agent.monitor] Run stage start.
UVM_INFO /home/goeun/gitHub/Braille_generator_FPGA/uvm/CNN_UVM.srcs/sim_1/imports/new/apb_driver.sv(20) @ 0: uvm_test_top.tb.apb.agent.driver [apb_driver] [RUN PHASE] driver run_phase start
UVM_INFO /home/goeun/gitHub/Braille_generator_FPGA/uvm/CNN_UVM.srcs/sim_1/imports/new/apb_driver.sv(40) @ 0: uvm_test_top.tb.apb.agent.driver [apb_driver] Drive signals ... 
UVM_INFO /home/goeun/gitHub/Braille_generator_FPGA/uvm/CNN_UVM.srcs/sim_1/imports/new/cnn_seq.sv(44) @ 0: uvm_test_top.tb.apb.agent.sequencer@@seq [cnn_sequence] cnn_seq body() start
UVM_INFO /home/goeun/gitHub/Braille_generator_FPGA/uvm/CNN_UVM.srcs/sim_1/imports/new/cnn_seq.sv(9) @ 0: uvm_test_top.tb.apb.agent.sequencer@@seq [cnn_sequence] [HW_WRITE] ADDR: 0x000, WDATA: 0x002
UVM_INFO /home/goeun/gitHub/Braille_generator_FPGA/uvm/CNN_UVM.srcs/sim_1/imports/new/apb_driver.sv(30) @ 1000: uvm_test_top.tb.apb.agent.driver [apb_driver] negedge apb_vif.PRESETN
UVM_INFO /home/goeun/gitHub/Braille_generator_FPGA/uvm/CNN_UVM.srcs/sim_1/imports/new/scoreboard.sv(54) @ 20000: uvm_test_top.tb.sb [scoreboard] Weight set to: 0x02
UVM_INFO /home/goeun/gitHub/Braille_generator_FPGA/uvm/CNN_UVM.srcs/sim_1/imports/new/cnn_seq.sv(9) @ 35000: uvm_test_top.tb.apb.agent.sequencer@@seq [cnn_sequence] [HW_WRITE] ADDR: 0x004, WDATA: 0x001
UVM_INFO /home/goeun/gitHub/Braille_generator_FPGA/uvm/CNN_UVM.srcs/sim_1/imports/new/scoreboard.sv(59) @ 60000: uvm_test_top.tb.sb [scoreboard] Fmap set to: 0x01
UVM_INFO /home/goeun/gitHub/Braille_generator_FPGA/uvm/CNN_UVM.srcs/sim_1/imports/new/cnn_seq.sv(9) @ 75000: uvm_test_top.tb.apb.agent.sequencer@@seq [cnn_sequence] [HW_WRITE] ADDR: 0x008, WDATA: 0x004
UVM_ERROR /home/goeun/gitHub/Braille_generator_FPGA/uvm/CNN_UVM.srcs/sim_1/imports/new/scoreboard.sv(75) @ 115000: uvm_test_top.tb.sb [scoreboard] [FAIL] fmap (0x01) × weight (0x02) = 0x0002, but cnn_out = 0x0008
UVM_ERROR /home/goeun/gitHub/Braille_generator_FPGA/uvm/CNN_UVM.srcs/sim_1/imports/new/scoreboard.sv(75) @ 155000: uvm_test_top.tb.sb [scoreboard] [FAIL] fmap (0x01) × weight (0x02) = 0x0002, but cnn_out = 0x0008
UVM_INFO /home/goeun/gitHub/Braille_generator_FPGA/uvm/CNN_UVM.srcs/sim_1/imports/new/cnn_seq.sv(26) @ 155000: uvm_test_top.tb.apb.agent.sequencer@@seq [cnn_sequence] [HW_READ] ADDR: 0x008, RDATA: 0x004
UVM_INFO /home/goeun/gitHub/Braille_generator_FPGA/uvm/CNN_UVM.srcs/sim_1/imports/new/scoreboard.sv(59) @ 180000: uvm_test_top.tb.sb [scoreboard] Fmap set to: 0x01
UVM_INFO /home/goeun/gitHub/Braille_generator_FPGA/uvm/CNN_UVM.srcs/sim_1/imports/new/cnn_seq.sv(26) @ 195000: uvm_test_top.tb.apb.agent.sequencer@@seq [cnn_sequence] [HW_READ] ADDR: 0x004, RDATA: 0x001
UVM_INFO /home/goeun/gitHub/Braille_generator_FPGA/uvm/CNN_UVM.srcs/sim_1/imports/new/scoreboard.sv(54) @ 220000: uvm_test_top.tb.sb [scoreboard] Weight set to: 0x02
UVM_INFO /home/goeun/gitHub/Braille_generator_FPGA/uvm/CNN_UVM.srcs/sim_1/imports/new/cnn_seq.sv(26) @ 235000: uvm_test_top.tb.apb.agent.sequencer@@seq [cnn_sequence] [HW_READ] ADDR: 0x000, RDATA: 0x002
relaunch_sim: Time (s): cpu = 00:01:40 ; elapsed = 00:00:37 . Memory (MB): peak = 7045.203 ; gain = 6.738 ; free physical = 7193 ; free virtual = 13375
relaunch_sim
Command: launch_simulation -step compile -simset sim_1 -mode behavioral
INFO: [Vivado 12-12493] Simulation top is 'tb_top'
WARNING: [Vivado 12-13277] Compiled library path does not exist: ''
INFO: [Vivado 12-5682] Launching behavioral simulation in '/home/goeun/gitHub/Braille_generator_FPGA/uvm/CNN_UVM.sim/sim_1/behav/xsim'
INFO: [SIM-utils-51] Simulation object is 'sim_1'
INFO: [USF-XSim-2] XSim::Compile design
INFO: [USF-XSim-61] Executing 'COMPILE and ANALYZE' step in '/home/goeun/gitHub/Braille_generator_FPGA/uvm/CNN_UVM.sim/sim_1/behav/xsim'
xvlog --incr --relax -L uvm -L uvm -prj tb_top_vlog.prj
INFO: [VRFC 10-2263] Analyzing SystemVerilog file "/home/goeun/gitHub/Braille_generator_FPGA/uvm/CNN_UVM.srcs/sim_1/imports/new/apb_packet.sv" into library xil_defaultlib
INFO: [VRFC 10-2263] Analyzing SystemVerilog file "/home/goeun/gitHub/Braille_generator_FPGA/uvm/CNN_UVM.srcs/sim_1/imports/new/apb_monitor.sv" into library xil_defaultlib
INFO: [VRFC 10-2263] Analyzing SystemVerilog file "/home/goeun/gitHub/Braille_generator_FPGA/uvm/CNN_UVM.srcs/sim_1/imports/new/apb_driver.sv" into library xil_defaultlib
INFO: [VRFC 10-2263] Analyzing SystemVerilog file "/home/goeun/gitHub/Braille_generator_FPGA/uvm/CNN_UVM.srcs/sim_1/imports/new/apb_sequencer.sv" into library xil_defaultlib
INFO: [VRFC 10-2263] Analyzing SystemVerilog file "/home/goeun/gitHub/Braille_generator_FPGA/uvm/CNN_UVM.srcs/sim_1/imports/new/apb_agent.sv" into library xil_defaultlib
INFO: [VRFC 10-2263] Analyzing SystemVerilog file "/home/goeun/gitHub/Braille_generator_FPGA/uvm/CNN_UVM.srcs/sim_1/imports/new/apb_env.sv" into library xil_defaultlib
INFO: [VRFC 10-2263] Analyzing SystemVerilog file "/home/goeun/gitHub/Braille_generator_FPGA/uvm/CNN_UVM.srcs/sim_1/imports/new/scoreboard.sv" into library xil_defaultlib
INFO: [VRFC 10-2263] Analyzing SystemVerilog file "/home/goeun/gitHub/Braille_generator_FPGA/uvm/CNN_UVM.srcs/sim_1/imports/new/tb_env.sv" into library xil_defaultlib
INFO: [VRFC 10-2263] Analyzing SystemVerilog file "/home/goeun/gitHub/Braille_generator_FPGA/uvm/CNN_UVM.srcs/sim_1/new/cnn_seq.sv" into library xil_defaultlib
INFO: [VRFC 10-2263] Analyzing SystemVerilog file "/home/goeun/gitHub/Braille_generator_FPGA/uvm/CNN_UVM.srcs/sim_1/imports/new/tb_pkg.sv" into library xil_defaultlib
INFO: [VRFC 10-2263] Analyzing SystemVerilog file "/home/goeun/gitHub/Braille_generator_FPGA/uvm/CNN_UVM.srcs/sim_1/imports/new/tb_top.sv" into library xil_defaultlib
WARNING: [VRFC 10-3609] overwriting previous definition of package 'tb_pkg' [/home/goeun/gitHub/Braille_generator_FPGA/uvm/CNN_UVM.srcs/sim_1/imports/new/tb_pkg.sv:1]
INFO: [VRFC 10-311] analyzing module tb_top
Waiting for jobs to finish...
No pending jobs, compilation finished.
INFO: [USF-XSim-69] 'compile' step finished in '2' seconds
Command: launch_simulation -step elaborate -simset sim_1 -mode behavioral
INFO: [Vivado 12-12493] Simulation top is 'tb_top'
WARNING: [Vivado 12-13277] Compiled library path does not exist: ''
INFO: [Vivado 12-5682] Launching behavioral simulation in '/home/goeun/gitHub/Braille_generator_FPGA/uvm/CNN_UVM.sim/sim_1/behav/xsim'
INFO: [SIM-utils-51] Simulation object is 'sim_1'
INFO: [USF-XSim-3] XSim::Elaborate design
INFO: [USF-XSim-61] Executing 'ELABORATE' step in '/home/goeun/gitHub/Braille_generator_FPGA/uvm/CNN_UVM.sim/sim_1/behav/xsim'
xelab --incr --debug typical --relax --mt 8 -L xil_defaultlib -L uvm -L unisims_ver -L unimacro_ver -L unisims_ver -L secureip --snapshot tb_top_behav xil_defaultlib.tb_top xil_defaultlib.glbl -log elaborate.log -L uvm
Vivado Simulator v2022.2
Copyright 1986-1999, 2001-2022 Xilinx, Inc. All Rights Reserved.
Running: /media/goeun/E/Vivado/2022.2/bin/unwrapped/lnx64.o/xelab --incr --debug typical --relax --mt 8 -L xil_defaultlib -L uvm -L unisims_ver -L unimacro_ver -L unisims_ver -L secureip --snapshot tb_top_behav xil_defaultlib.tb_top xil_defaultlib.glbl -log elaborate.log -L uvm 
Using 8 slave threads.
Starting static elaboration
Pass Through NonSizing Optimizer
WARNING: [VRFC 10-3597] non-void function 'get' called as a task without void casting [/home/goeun/gitHub/Braille_generator_FPGA/uvm/CNN_UVM.srcs/sim_1/imports/new/scoreboard.sv:19]
WARNING: [VRFC 10-3597] non-void function 'get' called as a task without void casting [/home/goeun/gitHub/Braille_generator_FPGA/uvm/CNN_UVM.srcs/sim_1/imports/new/scoreboard.sv:20]
Completed static elaboration
Starting simulation data flow analysis
WARNING: [XSIM 43-4099] "/proj/xbuilds/SWIP/9999.0_0921_2117/installs/lin64/Vivado/2023.1/data/system_verilog/uvm_1.2/xlnx_uvm_package.sv" Line 4356. Module uvm_pkg doesn't have a timescale but at least one module in design has a timescale.
WARNING: [XSIM 43-4099] "/proj/xbuilds/SWIP/9999.0_0921_2117/installs/lin64/Vivado/2023.1/data/system_verilog/uvm_1.2/xlnx_uvm_package.sv" Line 4356. Module uvm_pkg doesn't have a timescale but at least one module in design has a timescale.
WARNING: [XSIM 43-4468] File : /proj/xbuilds/SWIP/9999.0_0921_2117/installs/lin64/Vivado/2023.1/data/system_verilog/uvm_1.2/xlnx_uvm_package.sv, Line : 25994, RANDC variable size more than 8 bits. This will be treated as a RAND variable instead.
WARNING: [XSIM 43-4099] "/home/goeun/gitHub/Braille_generator_FPGA/uvm/CNN_UVM.srcs/sources_1/imports/new/top.v" Line 5. Module top doesn't have a timescale but at least one module in design has a timescale.
WARNING: [XSIM 43-4099] "/home/goeun/gitHub/Braille_generator_FPGA/uvm/CNN_UVM.srcs/sources_1/imports/new/apb3_ip.v" Line 11. Module custom_ip_APB3 doesn't have a timescale but at least one module in design has a timescale.
WARNING: [XSIM 43-4099] "/home/goeun/gitHub/Braille_generator_FPGA/uvm/CNN_UVM.srcs/sources_1/imports/new/cnn_kernel.v" Line 1. Module cnn_kernel doesn't have a timescale but at least one module in design has a timescale.
WARNING: [XSIM 43-4099] "/home/goeun/gitHub/Braille_generator_FPGA/uvm/CNN_UVM.srcs/sources_1/imports/new/top.v" Line 5. Module top doesn't have a timescale but at least one module in design has a timescale.
WARNING: [XSIM 43-4099] "/home/goeun/gitHub/Braille_generator_FPGA/uvm/CNN_UVM.srcs/sources_1/imports/new/apb3_ip.v" Line 11. Module custom_ip_APB3 doesn't have a timescale but at least one module in design has a timescale.
WARNING: [XSIM 43-4099] "/home/goeun/gitHub/Braille_generator_FPGA/uvm/CNN_UVM.srcs/sources_1/imports/new/cnn_kernel.v" Line 1. Module cnn_kernel doesn't have a timescale but at least one module in design has a timescale.
Completed simulation data flow analysis
Time Resolution for simulation is 1ps
Compiling package xil_defaultlib.$unit_apb_packet_sv_543708521
Compiling package uvm.uvm_pkg
Compiling package std.std
Compiling package xil_defaultlib.tb_pkg
Compiling module xil_defaultlib.apb_if
Compiling module xil_defaultlib.cnn_intf
Compiling module xil_defaultlib.custom_ip_APB3
Compiling module xil_defaultlib.cnn_kernel
Compiling module xil_defaultlib.top
Compiling module xil_defaultlib.tb_top
Compiling module xil_defaultlib.glbl
Built simulation snapshot tb_top_behav
execute_script: Time (s): cpu = 00:01:23 ; elapsed = 00:00:31 . Memory (MB): peak = 7053.203 ; gain = 0.000 ; free physical = 7215 ; free virtual = 13389
INFO: [USF-XSim-69] 'elaborate' step finished in '32' seconds
launch_simulation: Time (s): cpu = 00:01:23 ; elapsed = 00:00:31 . Memory (MB): peak = 7053.203 ; gain = 0.000 ; free physical = 7215 ; free virtual = 13389
Time resolution is 1 ps
UVM_INFO /media/goeun/E/Vivado/2022.2/data/system_verilog/uvm_1.2/xlnx_uvm_package.sv(18601) @ 0: reporter [UVM/RELNOTES] 
      (Specify +UVM_NO_RELNOTES to turn off this notice)
  with `UVM_OBJECT_DO_NOT_NEED_CONSTRUCTOR undefined.

  You are using a version of the UVM library that has been compiled
  with `UVM_NO_DEPRECATED undefined.

  You are using a version of the UVM library that has been compiled

  ***********       IMPORTANT RELEASE NOTES         ************
----------------------------------------------------------------
(C) 2013-2014 NVIDIA Corporation
(C) 2011-2013 Cypress Semiconductor Corp.
(C) 2006-2014 Synopsys, Inc.
(C) 2007-2014 Cadence Design Systems, Inc.
(C) 2007-2014 Mentor Graphics Corporation


----------------------------------------------------------------

UVM_WARNING @ 0: reporter [TPRGED] Type name 'apb_monitor' already registered with factory. No string-based lookup support for multiple types with the same type name.
UVM_WARNING @ 0: reporter [TPRGED] Type name 'apb_driver' already registered with factory. No string-based lookup support for multiple types with the same type name.
UVM_WARNING @ 0: reporter [TPRGED] Type name 'apb_sequencer' already registered with factory. No string-based lookup support for multiple types with the same type name.
UVM_WARNING @ 0: reporter [TPRGED] Type name 'apb_agent' already registered with factory. No string-based lookup support for multiple types with the same type name.
UVM_WARNING @ 0: reporter [TPRGED] Type name 'apb_env' already registered with factory. No string-based lookup support for multiple types with the same type name.
UVM_WARNING @ 0: reporter [TPRGED] Type name 'scoreboard' already registered with factory. No string-based lookup support for multiple types with the same type name.
UVM_WARNING @ 0: reporter [TPRGED] Type name 'tb_env' already registered with factory. No string-based lookup support for multiple types with the same type name.
UVM_WARNING @ 0: reporter [TPRGED] Type name 'apb_packet' already registered with factory. No string-based lookup support for multiple types with the same type name.
UVM_WARNING @ 0: reporter [TPRGED] Type name 'cnn_sequence' already registered with factory. No string-based lookup support for multiple types with the same type name.
UVM_INFO @ 0: reporter [RNTST] Running test cnn_test...
UVM_INFO /home/goeun/gitHub/Braille_generator_FPGA/uvm/CNN_UVM.srcs/sim_1/imports/new/base_test.sv(14) @ 0: uvm_test_top [cnn_test] build_phase(test_lib)uvm_test_top
UVM_INFO /home/goeun/gitHub/Braille_generator_FPGA/uvm/CNN_UVM.srcs/sim_1/imports/new/cnn_test.sv(12) @ 0: uvm_test_top [uvm_test_top] build_phase
UVM_INFO /home/goeun/gitHub/Braille_generator_FPGA/uvm/CNN_UVM.srcs/sim_1/imports/new/tb_env.sv(16) @ 0: uvm_test_top.tb [uvm_test_top.tb] build_phase
UVM_INFO /home/goeun/gitHub/Braille_generator_FPGA/uvm/CNN_UVM.srcs/sim_1/imports/new/apb_env.sv(15) @ 0: uvm_test_top.tb.apb [apb_env] [BUILD PHASE] APB ENV
UVM_INFO /home/goeun/gitHub/Braille_generator_FPGA/uvm/CNN_UVM.srcs/sim_1/imports/new/apb_agent.sv(24) @ 0: uvm_test_top.tb.apb.agent [apb_agent] [BUILD PHASE] APB AGENT 1
UVM_INFO /home/goeun/gitHub/Braille_generator_FPGA/uvm/CNN_UVM.srcs/sim_1/imports/new/apb_driver.sv(16) @ 0: uvm_test_top.tb.apb.agent.driver [apb_driver] [BUILD PHASE] apb_driver build
UVM_INFO /home/goeun/gitHub/Braille_generator_FPGA/uvm/CNN_UVM.srcs/sim_1/imports/new/apb_monitor.sv(23) @ 0: uvm_test_top.tb.apb.agent.monitor [apb_monitor] [BUILD PHASE] apb_monitor build phase
UVM_INFO /home/goeun/gitHub/Braille_generator_FPGA/uvm/CNN_UVM.srcs/sim_1/imports/new/scoreboard.sv(21) @ 0: uvm_test_top.tb.sb [scoreboard] [BUILD_PHASE] scoreboard build
UVM_INFO /home/goeun/gitHub/Braille_generator_FPGA/uvm/CNN_UVM.srcs/sim_1/imports/new/apb_agent.sv(29) @ 0: uvm_test_top.tb.apb.agent [apb_agent] [CONNECT PHASE] connect start
UVM_INFO /home/goeun/gitHub/Braille_generator_FPGA/uvm/CNN_UVM.srcs/sim_1/imports/new/tb_env.sv(21) @ 0: uvm_test_top.tb [uvm_test_top.tb] Connect phase complete.
UVM_INFO /media/goeun/E/Vivado/2022.2/data/system_verilog/uvm_1.2/xlnx_uvm_package.sv(20867) @ 0: reporter [UVM/COMP/NAMECHECK] This implementation of the component name checks requires DPI to be enabled
UVM_INFO /home/goeun/gitHub/Braille_generator_FPGA/uvm/CNN_UVM.srcs/sim_1/imports/new/cnn_test.sv(16) @ 0: uvm_test_top [uvm_test_top] run_phase
UVM_INFO /home/goeun/gitHub/Braille_generator_FPGA/uvm/CNN_UVM.srcs/sim_1/imports/new/scoreboard.sv(26) @ 0: uvm_test_top.tb.sb [scoreboard] [RUN_PHASE] scoreboard run_phase
UVM_INFO /home/goeun/gitHub/Braille_generator_FPGA/uvm/CNN_UVM.srcs/sim_1/imports/new/apb_monitor.sv(31) @ 0: uvm_test_top.tb.apb.agent.monitor [apb_monitor] run_phase
UVM_INFO /home/goeun/gitHub/Braille_generator_FPGA/uvm/CNN_UVM.srcs/sim_1/imports/new/apb_monitor.sv(38) @ 0: uvm_test_top.tb.apb.agent.monitor [uvm_test_top.tb.apb.agent.monitor] Run stage start.
UVM_INFO /home/goeun/gitHub/Braille_generator_FPGA/uvm/CNN_UVM.srcs/sim_1/imports/new/apb_driver.sv(20) @ 0: uvm_test_top.tb.apb.agent.driver [apb_driver] [RUN PHASE] driver run_phase start
UVM_INFO /home/goeun/gitHub/Braille_generator_FPGA/uvm/CNN_UVM.srcs/sim_1/imports/new/apb_driver.sv(40) @ 0: uvm_test_top.tb.apb.agent.driver [apb_driver] Drive signals ... 
UVM_INFO /home/goeun/gitHub/Braille_generator_FPGA/uvm/CNN_UVM.srcs/sim_1/imports/new/cnn_seq.sv(44) @ 0: uvm_test_top.tb.apb.agent.sequencer@@seq [cnn_sequence] cnn_seq body() start
UVM_INFO /home/goeun/gitHub/Braille_generator_FPGA/uvm/CNN_UVM.srcs/sim_1/imports/new/cnn_seq.sv(9) @ 0: uvm_test_top.tb.apb.agent.sequencer@@seq [cnn_sequence] [HW_WRITE] ADDR: 0x000, WDATA: 0x002
UVM_INFO /home/goeun/gitHub/Braille_generator_FPGA/uvm/CNN_UVM.srcs/sim_1/imports/new/apb_driver.sv(30) @ 1000: uvm_test_top.tb.apb.agent.driver [apb_driver] negedge apb_vif.PRESETN
UVM_INFO /home/goeun/gitHub/Braille_generator_FPGA/uvm/CNN_UVM.srcs/sim_1/imports/new/scoreboard.sv(54) @ 20000: uvm_test_top.tb.sb [scoreboard] Weight set to: 0x02
UVM_INFO /home/goeun/gitHub/Braille_generator_FPGA/uvm/CNN_UVM.srcs/sim_1/imports/new/cnn_seq.sv(9) @ 35000: uvm_test_top.tb.apb.agent.sequencer@@seq [cnn_sequence] [HW_WRITE] ADDR: 0x004, WDATA: 0x001
UVM_INFO /home/goeun/gitHub/Braille_generator_FPGA/uvm/CNN_UVM.srcs/sim_1/imports/new/scoreboard.sv(59) @ 60000: uvm_test_top.tb.sb [scoreboard] Fmap set to: 0x01
UVM_INFO /home/goeun/gitHub/Braille_generator_FPGA/uvm/CNN_UVM.srcs/sim_1/imports/new/cnn_seq.sv(9) @ 75000: uvm_test_top.tb.apb.agent.sequencer@@seq [cnn_sequence] [HW_WRITE] ADDR: 0x008, WDATA: 0x004
UVM_ERROR /home/goeun/gitHub/Braille_generator_FPGA/uvm/CNN_UVM.srcs/sim_1/imports/new/scoreboard.sv(75) @ 115000: uvm_test_top.tb.sb [scoreboard] [FAIL] fmap (0x01) × weight (0x02) = 0x0002, but cnn_out = 0x0008
UVM_ERROR /home/goeun/gitHub/Braille_generator_FPGA/uvm/CNN_UVM.srcs/sim_1/imports/new/scoreboard.sv(75) @ 155000: uvm_test_top.tb.sb [scoreboard] [FAIL] fmap (0x01) × weight (0x02) = 0x0002, but cnn_out = 0x0008
UVM_INFO /home/goeun/gitHub/Braille_generator_FPGA/uvm/CNN_UVM.srcs/sim_1/imports/new/cnn_seq.sv(26) @ 155000: uvm_test_top.tb.apb.agent.sequencer@@seq [cnn_sequence] [HW_READ] ADDR: 0x008, RDATA: 0x004
UVM_INFO /home/goeun/gitHub/Braille_generator_FPGA/uvm/CNN_UVM.srcs/sim_1/imports/new/scoreboard.sv(59) @ 180000: uvm_test_top.tb.sb [scoreboard] Fmap set to: 0x01
UVM_INFO /home/goeun/gitHub/Braille_generator_FPGA/uvm/CNN_UVM.srcs/sim_1/imports/new/cnn_seq.sv(26) @ 195000: uvm_test_top.tb.apb.agent.sequencer@@seq [cnn_sequence] [HW_READ] ADDR: 0x004, RDATA: 0x001
UVM_INFO /home/goeun/gitHub/Braille_generator_FPGA/uvm/CNN_UVM.srcs/sim_1/imports/new/scoreboard.sv(54) @ 220000: uvm_test_top.tb.sb [scoreboard] Weight set to: 0x02
UVM_INFO /home/goeun/gitHub/Braille_generator_FPGA/uvm/CNN_UVM.srcs/sim_1/imports/new/cnn_seq.sv(26) @ 235000: uvm_test_top.tb.apb.agent.sequencer@@seq [cnn_sequence] [HW_READ] ADDR: 0x000, RDATA: 0x002
relaunch_sim: Time (s): cpu = 00:01:26 ; elapsed = 00:00:35 . Memory (MB): peak = 7055.207 ; gain = 2.004 ; free physical = 7217 ; free virtual = 13391
relaunch_sim
Command: launch_simulation -step compile -simset sim_1 -mode behavioral
INFO: [Vivado 12-12493] Simulation top is 'tb_top'
WARNING: [Vivado 12-13277] Compiled library path does not exist: ''
INFO: [Vivado 12-5682] Launching behavioral simulation in '/home/goeun/gitHub/Braille_generator_FPGA/uvm/CNN_UVM.sim/sim_1/behav/xsim'
INFO: [SIM-utils-51] Simulation object is 'sim_1'
INFO: [USF-XSim-2] XSim::Compile design
INFO: [USF-XSim-61] Executing 'COMPILE and ANALYZE' step in '/home/goeun/gitHub/Braille_generator_FPGA/uvm/CNN_UVM.sim/sim_1/behav/xsim'
xvlog --incr --relax -L uvm -L uvm -prj tb_top_vlog.prj
INFO: [VRFC 10-2263] Analyzing SystemVerilog file "/home/goeun/gitHub/Braille_generator_FPGA/uvm/CNN_UVM.srcs/sim_1/imports/new/apb_packet.sv" into library xil_defaultlib
INFO: [VRFC 10-2263] Analyzing SystemVerilog file "/home/goeun/gitHub/Braille_generator_FPGA/uvm/CNN_UVM.srcs/sim_1/imports/new/apb_monitor.sv" into library xil_defaultlib
INFO: [VRFC 10-2263] Analyzing SystemVerilog file "/home/goeun/gitHub/Braille_generator_FPGA/uvm/CNN_UVM.srcs/sim_1/imports/new/apb_driver.sv" into library xil_defaultlib
INFO: [VRFC 10-2263] Analyzing SystemVerilog file "/home/goeun/gitHub/Braille_generator_FPGA/uvm/CNN_UVM.srcs/sim_1/imports/new/apb_sequencer.sv" into library xil_defaultlib
INFO: [VRFC 10-2263] Analyzing SystemVerilog file "/home/goeun/gitHub/Braille_generator_FPGA/uvm/CNN_UVM.srcs/sim_1/imports/new/apb_agent.sv" into library xil_defaultlib
INFO: [VRFC 10-2263] Analyzing SystemVerilog file "/home/goeun/gitHub/Braille_generator_FPGA/uvm/CNN_UVM.srcs/sim_1/imports/new/apb_env.sv" into library xil_defaultlib
INFO: [VRFC 10-2263] Analyzing SystemVerilog file "/home/goeun/gitHub/Braille_generator_FPGA/uvm/CNN_UVM.srcs/sim_1/imports/new/scoreboard.sv" into library xil_defaultlib
INFO: [VRFC 10-2263] Analyzing SystemVerilog file "/home/goeun/gitHub/Braille_generator_FPGA/uvm/CNN_UVM.srcs/sim_1/imports/new/tb_env.sv" into library xil_defaultlib
INFO: [VRFC 10-2263] Analyzing SystemVerilog file "/home/goeun/gitHub/Braille_generator_FPGA/uvm/CNN_UVM.srcs/sim_1/new/cnn_seq.sv" into library xil_defaultlib
INFO: [VRFC 10-2263] Analyzing SystemVerilog file "/home/goeun/gitHub/Braille_generator_FPGA/uvm/CNN_UVM.srcs/sim_1/imports/new/tb_pkg.sv" into library xil_defaultlib
INFO: [VRFC 10-2263] Analyzing SystemVerilog file "/home/goeun/gitHub/Braille_generator_FPGA/uvm/CNN_UVM.srcs/sim_1/imports/new/tb_top.sv" into library xil_defaultlib
WARNING: [VRFC 10-3609] overwriting previous definition of package 'tb_pkg' [/home/goeun/gitHub/Braille_generator_FPGA/uvm/CNN_UVM.srcs/sim_1/imports/new/tb_pkg.sv:1]
INFO: [VRFC 10-311] analyzing module tb_top
Waiting for jobs to finish...
No pending jobs, compilation finished.
INFO: [USF-XSim-69] 'compile' step finished in '2' seconds
launch_simulation: Time (s): cpu = 00:00:14 ; elapsed = 00:00:09 . Memory (MB): peak = 7071.219 ; gain = 0.000 ; free physical = 7126 ; free virtual = 13337
Command: launch_simulation -step elaborate -simset sim_1 -mode behavioral
INFO: [Vivado 12-12493] Simulation top is 'tb_top'
WARNING: [Vivado 12-13277] Compiled library path does not exist: ''
INFO: [Vivado 12-5682] Launching behavioral simulation in '/home/goeun/gitHub/Braille_generator_FPGA/uvm/CNN_UVM.sim/sim_1/behav/xsim'
INFO: [SIM-utils-51] Simulation object is 'sim_1'
INFO: [USF-XSim-3] XSim::Elaborate design
INFO: [USF-XSim-61] Executing 'ELABORATE' step in '/home/goeun/gitHub/Braille_generator_FPGA/uvm/CNN_UVM.sim/sim_1/behav/xsim'
xelab --incr --debug typical --relax --mt 8 -L xil_defaultlib -L uvm -L unisims_ver -L unimacro_ver -L unisims_ver -L secureip --snapshot tb_top_behav xil_defaultlib.tb_top xil_defaultlib.glbl -log elaborate.log -L uvm
Vivado Simulator v2022.2
Copyright 1986-1999, 2001-2022 Xilinx, Inc. All Rights Reserved.
Running: /media/goeun/E/Vivado/2022.2/bin/unwrapped/lnx64.o/xelab --incr --debug typical --relax --mt 8 -L xil_defaultlib -L uvm -L unisims_ver -L unimacro_ver -L unisims_ver -L secureip --snapshot tb_top_behav xil_defaultlib.tb_top xil_defaultlib.glbl -log elaborate.log -L uvm 
Using 8 slave threads.
Starting static elaboration
Pass Through NonSizing Optimizer
WARNING: [VRFC 10-3597] non-void function 'get' called as a task without void casting [/home/goeun/gitHub/Braille_generator_FPGA/uvm/CNN_UVM.srcs/sim_1/imports/new/scoreboard.sv:19]
WARNING: [VRFC 10-3597] non-void function 'get' called as a task without void casting [/home/goeun/gitHub/Braille_generator_FPGA/uvm/CNN_UVM.srcs/sim_1/imports/new/scoreboard.sv:20]
Completed static elaboration
Starting simulation data flow analysis
WARNING: [XSIM 43-4099] "/proj/xbuilds/SWIP/9999.0_0921_2117/installs/lin64/Vivado/2023.1/data/system_verilog/uvm_1.2/xlnx_uvm_package.sv" Line 4356. Module uvm_pkg doesn't have a timescale but at least one module in design has a timescale.
WARNING: [XSIM 43-4099] "/proj/xbuilds/SWIP/9999.0_0921_2117/installs/lin64/Vivado/2023.1/data/system_verilog/uvm_1.2/xlnx_uvm_package.sv" Line 4356. Module uvm_pkg doesn't have a timescale but at least one module in design has a timescale.
WARNING: [XSIM 43-4468] File : /proj/xbuilds/SWIP/9999.0_0921_2117/installs/lin64/Vivado/2023.1/data/system_verilog/uvm_1.2/xlnx_uvm_package.sv, Line : 25994, RANDC variable size more than 8 bits. This will be treated as a RAND variable instead.
WARNING: [XSIM 43-4099] "/home/goeun/gitHub/Braille_generator_FPGA/uvm/CNN_UVM.srcs/sources_1/imports/new/top.v" Line 5. Module top doesn't have a timescale but at least one module in design has a timescale.
WARNING: [XSIM 43-4099] "/home/goeun/gitHub/Braille_generator_FPGA/uvm/CNN_UVM.srcs/sources_1/imports/new/apb3_ip.v" Line 11. Module custom_ip_APB3 doesn't have a timescale but at least one module in design has a timescale.
WARNING: [XSIM 43-4099] "/home/goeun/gitHub/Braille_generator_FPGA/uvm/CNN_UVM.srcs/sources_1/imports/new/cnn_kernel.v" Line 1. Module cnn_kernel doesn't have a timescale but at least one module in design has a timescale.
WARNING: [XSIM 43-4099] "/home/goeun/gitHub/Braille_generator_FPGA/uvm/CNN_UVM.srcs/sources_1/imports/new/top.v" Line 5. Module top doesn't have a timescale but at least one module in design has a timescale.
WARNING: [XSIM 43-4099] "/home/goeun/gitHub/Braille_generator_FPGA/uvm/CNN_UVM.srcs/sources_1/imports/new/apb3_ip.v" Line 11. Module custom_ip_APB3 doesn't have a timescale but at least one module in design has a timescale.
WARNING: [XSIM 43-4099] "/home/goeun/gitHub/Braille_generator_FPGA/uvm/CNN_UVM.srcs/sources_1/imports/new/cnn_kernel.v" Line 1. Module cnn_kernel doesn't have a timescale but at least one module in design has a timescale.
Completed simulation data flow analysis
Time Resolution for simulation is 1ps
Compiling package xil_defaultlib.$unit_apb_packet_sv_543708521
Compiling package uvm.uvm_pkg
Compiling package std.std
Compiling package xil_defaultlib.tb_pkg
Compiling module xil_defaultlib.apb_if
Compiling module xil_defaultlib.cnn_intf
Compiling module xil_defaultlib.custom_ip_APB3
Compiling module xil_defaultlib.cnn_kernel
Compiling module xil_defaultlib.top
Compiling module xil_defaultlib.tb_top
Compiling module xil_defaultlib.glbl
Built simulation snapshot tb_top_behav
execute_script: Time (s): cpu = 00:01:21 ; elapsed = 00:00:30 . Memory (MB): peak = 7071.219 ; gain = 0.000 ; free physical = 7099 ; free virtual = 13310
INFO: [USF-XSim-69] 'elaborate' step finished in '30' seconds
launch_simulation: Time (s): cpu = 00:01:21 ; elapsed = 00:00:30 . Memory (MB): peak = 7071.219 ; gain = 0.000 ; free physical = 7099 ; free virtual = 13310
Time resolution is 1 ps
UVM_INFO /media/goeun/E/Vivado/2022.2/data/system_verilog/uvm_1.2/xlnx_uvm_package.sv(18601) @ 0: reporter [UVM/RELNOTES] 
      (Specify +UVM_NO_RELNOTES to turn off this notice)
  with `UVM_OBJECT_DO_NOT_NEED_CONSTRUCTOR undefined.

  You are using a version of the UVM library that has been compiled
  with `UVM_NO_DEPRECATED undefined.

  You are using a version of the UVM library that has been compiled

  ***********       IMPORTANT RELEASE NOTES         ************
----------------------------------------------------------------
(C) 2013-2014 NVIDIA Corporation
(C) 2011-2013 Cypress Semiconductor Corp.
(C) 2006-2014 Synopsys, Inc.
(C) 2007-2014 Cadence Design Systems, Inc.
(C) 2007-2014 Mentor Graphics Corporation


----------------------------------------------------------------

UVM_WARNING @ 0: reporter [TPRGED] Type name 'apb_monitor' already registered with factory. No string-based lookup support for multiple types with the same type name.
UVM_WARNING @ 0: reporter [TPRGED] Type name 'apb_driver' already registered with factory. No string-based lookup support for multiple types with the same type name.
UVM_WARNING @ 0: reporter [TPRGED] Type name 'apb_sequencer' already registered with factory. No string-based lookup support for multiple types with the same type name.
UVM_WARNING @ 0: reporter [TPRGED] Type name 'apb_agent' already registered with factory. No string-based lookup support for multiple types with the same type name.
UVM_WARNING @ 0: reporter [TPRGED] Type name 'apb_env' already registered with factory. No string-based lookup support for multiple types with the same type name.
UVM_WARNING @ 0: reporter [TPRGED] Type name 'scoreboard' already registered with factory. No string-based lookup support for multiple types with the same type name.
UVM_WARNING @ 0: reporter [TPRGED] Type name 'tb_env' already registered with factory. No string-based lookup support for multiple types with the same type name.
UVM_WARNING @ 0: reporter [TPRGED] Type name 'apb_packet' already registered with factory. No string-based lookup support for multiple types with the same type name.
UVM_WARNING @ 0: reporter [TPRGED] Type name 'cnn_sequence' already registered with factory. No string-based lookup support for multiple types with the same type name.
UVM_INFO @ 0: reporter [RNTST] Running test cnn_test...
UVM_INFO /home/goeun/gitHub/Braille_generator_FPGA/uvm/CNN_UVM.srcs/sim_1/imports/new/base_test.sv(14) @ 0: uvm_test_top [cnn_test] build_phase(test_lib)uvm_test_top
UVM_INFO /home/goeun/gitHub/Braille_generator_FPGA/uvm/CNN_UVM.srcs/sim_1/imports/new/cnn_test.sv(12) @ 0: uvm_test_top [uvm_test_top] build_phase
UVM_INFO /home/goeun/gitHub/Braille_generator_FPGA/uvm/CNN_UVM.srcs/sim_1/imports/new/tb_env.sv(16) @ 0: uvm_test_top.tb [uvm_test_top.tb] build_phase
UVM_INFO /home/goeun/gitHub/Braille_generator_FPGA/uvm/CNN_UVM.srcs/sim_1/imports/new/apb_env.sv(15) @ 0: uvm_test_top.tb.apb [apb_env] [BUILD PHASE] APB ENV
UVM_INFO /home/goeun/gitHub/Braille_generator_FPGA/uvm/CNN_UVM.srcs/sim_1/imports/new/apb_agent.sv(24) @ 0: uvm_test_top.tb.apb.agent [apb_agent] [BUILD PHASE] APB AGENT 1
UVM_INFO /home/goeun/gitHub/Braille_generator_FPGA/uvm/CNN_UVM.srcs/sim_1/imports/new/apb_driver.sv(16) @ 0: uvm_test_top.tb.apb.agent.driver [apb_driver] [BUILD PHASE] apb_driver build
UVM_INFO /home/goeun/gitHub/Braille_generator_FPGA/uvm/CNN_UVM.srcs/sim_1/imports/new/apb_monitor.sv(23) @ 0: uvm_test_top.tb.apb.agent.monitor [apb_monitor] [BUILD PHASE] apb_monitor build phase
UVM_INFO /home/goeun/gitHub/Braille_generator_FPGA/uvm/CNN_UVM.srcs/sim_1/imports/new/scoreboard.sv(21) @ 0: uvm_test_top.tb.sb [scoreboard] [BUILD_PHASE] scoreboard build
UVM_INFO /home/goeun/gitHub/Braille_generator_FPGA/uvm/CNN_UVM.srcs/sim_1/imports/new/apb_agent.sv(29) @ 0: uvm_test_top.tb.apb.agent [apb_agent] [CONNECT PHASE] connect start
UVM_INFO /home/goeun/gitHub/Braille_generator_FPGA/uvm/CNN_UVM.srcs/sim_1/imports/new/tb_env.sv(21) @ 0: uvm_test_top.tb [uvm_test_top.tb] Connect phase complete.
UVM_INFO /media/goeun/E/Vivado/2022.2/data/system_verilog/uvm_1.2/xlnx_uvm_package.sv(20867) @ 0: reporter [UVM/COMP/NAMECHECK] This implementation of the component name checks requires DPI to be enabled
UVM_INFO /home/goeun/gitHub/Braille_generator_FPGA/uvm/CNN_UVM.srcs/sim_1/imports/new/cnn_test.sv(16) @ 0: uvm_test_top [uvm_test_top] run_phase
UVM_INFO /home/goeun/gitHub/Braille_generator_FPGA/uvm/CNN_UVM.srcs/sim_1/imports/new/scoreboard.sv(26) @ 0: uvm_test_top.tb.sb [scoreboard] [RUN_PHASE] scoreboard run_phase
UVM_INFO /home/goeun/gitHub/Braille_generator_FPGA/uvm/CNN_UVM.srcs/sim_1/imports/new/apb_monitor.sv(31) @ 0: uvm_test_top.tb.apb.agent.monitor [apb_monitor] run_phase
UVM_INFO /home/goeun/gitHub/Braille_generator_FPGA/uvm/CNN_UVM.srcs/sim_1/imports/new/apb_monitor.sv(38) @ 0: uvm_test_top.tb.apb.agent.monitor [uvm_test_top.tb.apb.agent.monitor] Run stage start.
UVM_INFO /home/goeun/gitHub/Braille_generator_FPGA/uvm/CNN_UVM.srcs/sim_1/imports/new/apb_driver.sv(20) @ 0: uvm_test_top.tb.apb.agent.driver [apb_driver] [RUN PHASE] driver run_phase start
UVM_INFO /home/goeun/gitHub/Braille_generator_FPGA/uvm/CNN_UVM.srcs/sim_1/imports/new/apb_driver.sv(40) @ 0: uvm_test_top.tb.apb.agent.driver [apb_driver] Drive signals ... 
UVM_INFO /home/goeun/gitHub/Braille_generator_FPGA/uvm/CNN_UVM.srcs/sim_1/imports/new/cnn_seq.sv(44) @ 0: uvm_test_top.tb.apb.agent.sequencer@@seq [cnn_sequence] cnn_seq body() start
UVM_INFO /home/goeun/gitHub/Braille_generator_FPGA/uvm/CNN_UVM.srcs/sim_1/imports/new/cnn_seq.sv(9) @ 0: uvm_test_top.tb.apb.agent.sequencer@@seq [cnn_sequence] [HW_WRITE] ADDR: 0x000, WDATA: 0x002
UVM_INFO /home/goeun/gitHub/Braille_generator_FPGA/uvm/CNN_UVM.srcs/sim_1/imports/new/apb_driver.sv(30) @ 1000: uvm_test_top.tb.apb.agent.driver [apb_driver] negedge apb_vif.PRESETN
UVM_INFO /home/goeun/gitHub/Braille_generator_FPGA/uvm/CNN_UVM.srcs/sim_1/imports/new/scoreboard.sv(55) @ 35000: uvm_test_top.tb.sb [scoreboard] Weight set to: 0x02
UVM_INFO /home/goeun/gitHub/Braille_generator_FPGA/uvm/CNN_UVM.srcs/sim_1/imports/new/cnn_seq.sv(9) @ 35000: uvm_test_top.tb.apb.agent.sequencer@@seq [cnn_sequence] [HW_WRITE] ADDR: 0x004, WDATA: 0x001
UVM_INFO /home/goeun/gitHub/Braille_generator_FPGA/uvm/CNN_UVM.srcs/sim_1/imports/new/scoreboard.sv(60) @ 75000: uvm_test_top.tb.sb [scoreboard] Fmap set to: 0x01
UVM_INFO /home/goeun/gitHub/Braille_generator_FPGA/uvm/CNN_UVM.srcs/sim_1/imports/new/cnn_seq.sv(9) @ 75000: uvm_test_top.tb.apb.agent.sequencer@@seq [cnn_sequence] [HW_WRITE] ADDR: 0x008, WDATA: 0x004
UVM_ERROR /home/goeun/gitHub/Braille_generator_FPGA/uvm/CNN_UVM.srcs/sim_1/imports/new/scoreboard.sv(75) @ 115000: uvm_test_top.tb.sb [scoreboard] [FAIL] fmap (0x01) × weight (0x02) = 0x0002, but cnn_out = 0x0008
UVM_ERROR /home/goeun/gitHub/Braille_generator_FPGA/uvm/CNN_UVM.srcs/sim_1/imports/new/scoreboard.sv(75) @ 155000: uvm_test_top.tb.sb [scoreboard] [FAIL] fmap (0x01) × weight (0x02) = 0x0002, but cnn_out = 0x0008
UVM_INFO /home/goeun/gitHub/Braille_generator_FPGA/uvm/CNN_UVM.srcs/sim_1/imports/new/cnn_seq.sv(26) @ 155000: uvm_test_top.tb.apb.agent.sequencer@@seq [cnn_sequence] [HW_READ] ADDR: 0x008, RDATA: 0x004
UVM_INFO /home/goeun/gitHub/Braille_generator_FPGA/uvm/CNN_UVM.srcs/sim_1/imports/new/scoreboard.sv(60) @ 195000: uvm_test_top.tb.sb [scoreboard] Fmap set to: 0x01
UVM_INFO /home/goeun/gitHub/Braille_generator_FPGA/uvm/CNN_UVM.srcs/sim_1/imports/new/cnn_seq.sv(26) @ 195000: uvm_test_top.tb.apb.agent.sequencer@@seq [cnn_sequence] [HW_READ] ADDR: 0x004, RDATA: 0x001
UVM_INFO /home/goeun/gitHub/Braille_generator_FPGA/uvm/CNN_UVM.srcs/sim_1/imports/new/scoreboard.sv(55) @ 235000: uvm_test_top.tb.sb [scoreboard] Weight set to: 0x02
UVM_INFO /home/goeun/gitHub/Braille_generator_FPGA/uvm/CNN_UVM.srcs/sim_1/imports/new/cnn_seq.sv(26) @ 235000: uvm_test_top.tb.apb.agent.sequencer@@seq [cnn_sequence] [HW_READ] ADDR: 0x000, RDATA: 0x002
relaunch_sim: Time (s): cpu = 00:01:36 ; elapsed = 00:00:41 . Memory (MB): peak = 7079.219 ; gain = 8.000 ; free physical = 7099 ; free virtual = 13310
run all
UVM_INFO /media/goeun/E/Vivado/2022.2/data/system_verilog/uvm_1.2/xlnx_uvm_package.sv(19968) @ 2235000: reporter [TEST_DONE] 'run' phase is ready to proceed to the 'extract' phase
UVM_INFO /home/goeun/gitHub/Braille_generator_FPGA/uvm/CNN_UVM.srcs/sim_1/imports/new/apb_monitor.sv(59) @ 2235000: uvm_test_top.tb.apb.agent.monitor [apb_monitor] REPORT: COLLECT PACKET: 6
UVM_INFO /media/goeun/E/Vivado/2022.2/data/system_verilog/uvm_1.2/xlnx_uvm_package.sv(13673) @ 2235000: reporter [UVM/REPORT/SERVER] [uvm_test_top.tb.apb.agent.monitor]     1
[uvm_test_top.tb]     2
[uvm_test_top]     2
[scoreboard]     8
[cnn_test]     1
[cnn_sequence]     7
[apb_monitor]     3
[apb_env]     1
[apb_driver]     4
[apb_agent]     2
[UVM/RELNOTES]     1
[UVM/COMP/NAMECHECK]     1
[TPRGED]     9
[TEST_DONE]     1
[RNTST]     1
** Report counts by id
UVM_FATAL :    0
UVM_ERROR :    2
UVM_WARNING :    9
UVM_INFO :   33
** Report counts by severity

--- UVM Report Summary ---


$finish called at time : 2235 ns : File "/media/goeun/E/Vivado/2022.2/data/system_verilog/uvm_1.2/xlnx_uvm_package.sv" Line 18699
relaunch_sim
Command: launch_simulation -step compile -simset sim_1 -mode behavioral
INFO: [Vivado 12-12493] Simulation top is 'tb_top'
WARNING: [Vivado 12-13277] Compiled library path does not exist: ''
INFO: [Vivado 12-5682] Launching behavioral simulation in '/home/goeun/gitHub/Braille_generator_FPGA/uvm/CNN_UVM.sim/sim_1/behav/xsim'
INFO: [SIM-utils-51] Simulation object is 'sim_1'
INFO: [USF-XSim-2] XSim::Compile design
INFO: [USF-XSim-61] Executing 'COMPILE and ANALYZE' step in '/home/goeun/gitHub/Braille_generator_FPGA/uvm/CNN_UVM.sim/sim_1/behav/xsim'
xvlog --incr --relax -L uvm -L uvm -prj tb_top_vlog.prj
INFO: [VRFC 10-2263] Analyzing SystemVerilog file "/home/goeun/gitHub/Braille_generator_FPGA/uvm/CNN_UVM.srcs/sim_1/imports/new/apb_packet.sv" into library xil_defaultlib
INFO: [VRFC 10-2263] Analyzing SystemVerilog file "/home/goeun/gitHub/Braille_generator_FPGA/uvm/CNN_UVM.srcs/sim_1/imports/new/apb_monitor.sv" into library xil_defaultlib
INFO: [VRFC 10-2263] Analyzing SystemVerilog file "/home/goeun/gitHub/Braille_generator_FPGA/uvm/CNN_UVM.srcs/sim_1/imports/new/apb_driver.sv" into library xil_defaultlib
INFO: [VRFC 10-2263] Analyzing SystemVerilog file "/home/goeun/gitHub/Braille_generator_FPGA/uvm/CNN_UVM.srcs/sim_1/imports/new/apb_sequencer.sv" into library xil_defaultlib
INFO: [VRFC 10-2263] Analyzing SystemVerilog file "/home/goeun/gitHub/Braille_generator_FPGA/uvm/CNN_UVM.srcs/sim_1/imports/new/apb_agent.sv" into library xil_defaultlib
INFO: [VRFC 10-2263] Analyzing SystemVerilog file "/home/goeun/gitHub/Braille_generator_FPGA/uvm/CNN_UVM.srcs/sim_1/imports/new/apb_env.sv" into library xil_defaultlib
INFO: [VRFC 10-2263] Analyzing SystemVerilog file "/home/goeun/gitHub/Braille_generator_FPGA/uvm/CNN_UVM.srcs/sim_1/imports/new/scoreboard.sv" into library xil_defaultlib
INFO: [VRFC 10-2263] Analyzing SystemVerilog file "/home/goeun/gitHub/Braille_generator_FPGA/uvm/CNN_UVM.srcs/sim_1/imports/new/tb_env.sv" into library xil_defaultlib
INFO: [VRFC 10-2263] Analyzing SystemVerilog file "/home/goeun/gitHub/Braille_generator_FPGA/uvm/CNN_UVM.srcs/sim_1/new/cnn_seq.sv" into library xil_defaultlib
INFO: [VRFC 10-2263] Analyzing SystemVerilog file "/home/goeun/gitHub/Braille_generator_FPGA/uvm/CNN_UVM.srcs/sim_1/imports/new/tb_pkg.sv" into library xil_defaultlib
INFO: [VRFC 10-2263] Analyzing SystemVerilog file "/home/goeun/gitHub/Braille_generator_FPGA/uvm/CNN_UVM.srcs/sim_1/imports/new/tb_top.sv" into library xil_defaultlib
WARNING: [VRFC 10-3609] overwriting previous definition of package 'tb_pkg' [/home/goeun/gitHub/Braille_generator_FPGA/uvm/CNN_UVM.srcs/sim_1/imports/new/tb_pkg.sv:1]
INFO: [VRFC 10-311] analyzing module tb_top
Waiting for jobs to finish...
No pending jobs, compilation finished.
INFO: [USF-XSim-69] 'compile' step finished in '2' seconds
Command: launch_simulation -step elaborate -simset sim_1 -mode behavioral
INFO: [Vivado 12-12493] Simulation top is 'tb_top'
WARNING: [Vivado 12-13277] Compiled library path does not exist: ''
INFO: [Vivado 12-5682] Launching behavioral simulation in '/home/goeun/gitHub/Braille_generator_FPGA/uvm/CNN_UVM.sim/sim_1/behav/xsim'
INFO: [SIM-utils-51] Simulation object is 'sim_1'
INFO: [USF-XSim-3] XSim::Elaborate design
INFO: [USF-XSim-61] Executing 'ELABORATE' step in '/home/goeun/gitHub/Braille_generator_FPGA/uvm/CNN_UVM.sim/sim_1/behav/xsim'
xelab --incr --debug typical --relax --mt 8 -L xil_defaultlib -L uvm -L unisims_ver -L unimacro_ver -L unisims_ver -L secureip --snapshot tb_top_behav xil_defaultlib.tb_top xil_defaultlib.glbl -log elaborate.log -L uvm
Vivado Simulator v2022.2
Copyright 1986-1999, 2001-2022 Xilinx, Inc. All Rights Reserved.
Running: /media/goeun/E/Vivado/2022.2/bin/unwrapped/lnx64.o/xelab --incr --debug typical --relax --mt 8 -L xil_defaultlib -L uvm -L unisims_ver -L unimacro_ver -L unisims_ver -L secureip --snapshot tb_top_behav xil_defaultlib.tb_top xil_defaultlib.glbl -log elaborate.log -L uvm 
Using 8 slave threads.
Starting static elaboration
Pass Through NonSizing Optimizer
WARNING: [VRFC 10-3597] non-void function 'get' called as a task without void casting [/home/goeun/gitHub/Braille_generator_FPGA/uvm/CNN_UVM.srcs/sim_1/imports/new/scoreboard.sv:19]
WARNING: [VRFC 10-3597] non-void function 'get' called as a task without void casting [/home/goeun/gitHub/Braille_generator_FPGA/uvm/CNN_UVM.srcs/sim_1/imports/new/scoreboard.sv:20]
Completed static elaboration
Starting simulation data flow analysis
WARNING: [XSIM 43-4099] "/proj/xbuilds/SWIP/9999.0_0921_2117/installs/lin64/Vivado/2023.1/data/system_verilog/uvm_1.2/xlnx_uvm_package.sv" Line 4356. Module uvm_pkg doesn't have a timescale but at least one module in design has a timescale.
WARNING: [XSIM 43-4099] "/proj/xbuilds/SWIP/9999.0_0921_2117/installs/lin64/Vivado/2023.1/data/system_verilog/uvm_1.2/xlnx_uvm_package.sv" Line 4356. Module uvm_pkg doesn't have a timescale but at least one module in design has a timescale.
WARNING: [XSIM 43-4468] File : /proj/xbuilds/SWIP/9999.0_0921_2117/installs/lin64/Vivado/2023.1/data/system_verilog/uvm_1.2/xlnx_uvm_package.sv, Line : 25994, RANDC variable size more than 8 bits. This will be treated as a RAND variable instead.
WARNING: [XSIM 43-4099] "/home/goeun/gitHub/Braille_generator_FPGA/uvm/CNN_UVM.srcs/sources_1/imports/new/top.v" Line 5. Module top doesn't have a timescale but at least one module in design has a timescale.
WARNING: [XSIM 43-4099] "/home/goeun/gitHub/Braille_generator_FPGA/uvm/CNN_UVM.srcs/sources_1/imports/new/apb3_ip.v" Line 11. Module custom_ip_APB3 doesn't have a timescale but at least one module in design has a timescale.
WARNING: [XSIM 43-4099] "/home/goeun/gitHub/Braille_generator_FPGA/uvm/CNN_UVM.srcs/sources_1/imports/new/cnn_kernel.v" Line 1. Module cnn_kernel doesn't have a timescale but at least one module in design has a timescale.
WARNING: [XSIM 43-4099] "/home/goeun/gitHub/Braille_generator_FPGA/uvm/CNN_UVM.srcs/sources_1/imports/new/top.v" Line 5. Module top doesn't have a timescale but at least one module in design has a timescale.
WARNING: [XSIM 43-4099] "/home/goeun/gitHub/Braille_generator_FPGA/uvm/CNN_UVM.srcs/sources_1/imports/new/apb3_ip.v" Line 11. Module custom_ip_APB3 doesn't have a timescale but at least one module in design has a timescale.
WARNING: [XSIM 43-4099] "/home/goeun/gitHub/Braille_generator_FPGA/uvm/CNN_UVM.srcs/sources_1/imports/new/cnn_kernel.v" Line 1. Module cnn_kernel doesn't have a timescale but at least one module in design has a timescale.
Completed simulation data flow analysis
Time Resolution for simulation is 1ps
Compiling package xil_defaultlib.$unit_apb_packet_sv_543708521
Compiling package uvm.uvm_pkg
Compiling package std.std
Compiling package xil_defaultlib.tb_pkg
Compiling module xil_defaultlib.apb_if
Compiling module xil_defaultlib.cnn_intf
Compiling module xil_defaultlib.custom_ip_APB3
Compiling module xil_defaultlib.cnn_kernel
Compiling module xil_defaultlib.top
Compiling module xil_defaultlib.tb_top
Compiling module xil_defaultlib.glbl
Built simulation snapshot tb_top_behav
execute_script: Time (s): cpu = 00:01:24 ; elapsed = 00:00:33 . Memory (MB): peak = 7079.484 ; gain = 0.000 ; free physical = 6452 ; free virtual = 12920
INFO: [USF-XSim-69] 'elaborate' step finished in '32' seconds
launch_simulation: Time (s): cpu = 00:01:24 ; elapsed = 00:00:33 . Memory (MB): peak = 7079.484 ; gain = 0.000 ; free physical = 6452 ; free virtual = 12920
Time resolution is 1 ps
UVM_INFO /media/goeun/E/Vivado/2022.2/data/system_verilog/uvm_1.2/xlnx_uvm_package.sv(18601) @ 0: reporter [UVM/RELNOTES] 
      (Specify +UVM_NO_RELNOTES to turn off this notice)
  with `UVM_OBJECT_DO_NOT_NEED_CONSTRUCTOR undefined.

  You are using a version of the UVM library that has been compiled
  with `UVM_NO_DEPRECATED undefined.

  You are using a version of the UVM library that has been compiled

  ***********       IMPORTANT RELEASE NOTES         ************
----------------------------------------------------------------
(C) 2013-2014 NVIDIA Corporation
(C) 2011-2013 Cypress Semiconductor Corp.
(C) 2006-2014 Synopsys, Inc.
(C) 2007-2014 Cadence Design Systems, Inc.
(C) 2007-2014 Mentor Graphics Corporation


----------------------------------------------------------------

UVM_WARNING @ 0: reporter [TPRGED] Type name 'apb_monitor' already registered with factory. No string-based lookup support for multiple types with the same type name.
UVM_WARNING @ 0: reporter [TPRGED] Type name 'apb_driver' already registered with factory. No string-based lookup support for multiple types with the same type name.
UVM_WARNING @ 0: reporter [TPRGED] Type name 'apb_sequencer' already registered with factory. No string-based lookup support for multiple types with the same type name.
UVM_WARNING @ 0: reporter [TPRGED] Type name 'apb_agent' already registered with factory. No string-based lookup support for multiple types with the same type name.
UVM_WARNING @ 0: reporter [TPRGED] Type name 'apb_env' already registered with factory. No string-based lookup support for multiple types with the same type name.
UVM_WARNING @ 0: reporter [TPRGED] Type name 'scoreboard' already registered with factory. No string-based lookup support for multiple types with the same type name.
UVM_WARNING @ 0: reporter [TPRGED] Type name 'tb_env' already registered with factory. No string-based lookup support for multiple types with the same type name.
UVM_WARNING @ 0: reporter [TPRGED] Type name 'apb_packet' already registered with factory. No string-based lookup support for multiple types with the same type name.
UVM_WARNING @ 0: reporter [TPRGED] Type name 'cnn_sequence' already registered with factory. No string-based lookup support for multiple types with the same type name.
UVM_INFO @ 0: reporter [RNTST] Running test cnn_test...
UVM_INFO /home/goeun/gitHub/Braille_generator_FPGA/uvm/CNN_UVM.srcs/sim_1/imports/new/base_test.sv(14) @ 0: uvm_test_top [cnn_test] build_phase(test_lib)uvm_test_top
UVM_INFO /home/goeun/gitHub/Braille_generator_FPGA/uvm/CNN_UVM.srcs/sim_1/imports/new/cnn_test.sv(12) @ 0: uvm_test_top [uvm_test_top] build_phase
UVM_INFO /home/goeun/gitHub/Braille_generator_FPGA/uvm/CNN_UVM.srcs/sim_1/imports/new/tb_env.sv(16) @ 0: uvm_test_top.tb [uvm_test_top.tb] build_phase
UVM_INFO /home/goeun/gitHub/Braille_generator_FPGA/uvm/CNN_UVM.srcs/sim_1/imports/new/apb_env.sv(15) @ 0: uvm_test_top.tb.apb [apb_env] [BUILD PHASE] APB ENV
UVM_INFO /home/goeun/gitHub/Braille_generator_FPGA/uvm/CNN_UVM.srcs/sim_1/imports/new/apb_agent.sv(24) @ 0: uvm_test_top.tb.apb.agent [apb_agent] [BUILD PHASE] APB AGENT 1
UVM_INFO /home/goeun/gitHub/Braille_generator_FPGA/uvm/CNN_UVM.srcs/sim_1/imports/new/apb_driver.sv(16) @ 0: uvm_test_top.tb.apb.agent.driver [apb_driver] [BUILD PHASE] apb_driver build
UVM_INFO /home/goeun/gitHub/Braille_generator_FPGA/uvm/CNN_UVM.srcs/sim_1/imports/new/apb_monitor.sv(23) @ 0: uvm_test_top.tb.apb.agent.monitor [apb_monitor] [BUILD PHASE] apb_monitor build phase
UVM_INFO /home/goeun/gitHub/Braille_generator_FPGA/uvm/CNN_UVM.srcs/sim_1/imports/new/scoreboard.sv(21) @ 0: uvm_test_top.tb.sb [scoreboard] [BUILD_PHASE] scoreboard build
UVM_INFO /home/goeun/gitHub/Braille_generator_FPGA/uvm/CNN_UVM.srcs/sim_1/imports/new/apb_agent.sv(29) @ 0: uvm_test_top.tb.apb.agent [apb_agent] [CONNECT PHASE] connect start
UVM_INFO /home/goeun/gitHub/Braille_generator_FPGA/uvm/CNN_UVM.srcs/sim_1/imports/new/tb_env.sv(21) @ 0: uvm_test_top.tb [uvm_test_top.tb] Connect phase complete.
UVM_INFO /media/goeun/E/Vivado/2022.2/data/system_verilog/uvm_1.2/xlnx_uvm_package.sv(20867) @ 0: reporter [UVM/COMP/NAMECHECK] This implementation of the component name checks requires DPI to be enabled
UVM_INFO /home/goeun/gitHub/Braille_generator_FPGA/uvm/CNN_UVM.srcs/sim_1/imports/new/cnn_test.sv(16) @ 0: uvm_test_top [uvm_test_top] run_phase
UVM_INFO /home/goeun/gitHub/Braille_generator_FPGA/uvm/CNN_UVM.srcs/sim_1/imports/new/scoreboard.sv(26) @ 0: uvm_test_top.tb.sb [scoreboard] [RUN_PHASE] scoreboard run_phase
UVM_INFO /home/goeun/gitHub/Braille_generator_FPGA/uvm/CNN_UVM.srcs/sim_1/imports/new/apb_monitor.sv(31) @ 0: uvm_test_top.tb.apb.agent.monitor [apb_monitor] run_phase
UVM_INFO /home/goeun/gitHub/Braille_generator_FPGA/uvm/CNN_UVM.srcs/sim_1/imports/new/apb_monitor.sv(38) @ 0: uvm_test_top.tb.apb.agent.monitor [uvm_test_top.tb.apb.agent.monitor] Run stage start.
UVM_INFO /home/goeun/gitHub/Braille_generator_FPGA/uvm/CNN_UVM.srcs/sim_1/imports/new/apb_driver.sv(20) @ 0: uvm_test_top.tb.apb.agent.driver [apb_driver] [RUN PHASE] driver run_phase start
UVM_INFO /home/goeun/gitHub/Braille_generator_FPGA/uvm/CNN_UVM.srcs/sim_1/imports/new/apb_driver.sv(40) @ 0: uvm_test_top.tb.apb.agent.driver [apb_driver] Drive signals ... 
UVM_INFO /home/goeun/gitHub/Braille_generator_FPGA/uvm/CNN_UVM.srcs/sim_1/imports/new/cnn_seq.sv(44) @ 0: uvm_test_top.tb.apb.agent.sequencer@@seq [cnn_sequence] cnn_seq body() start
UVM_INFO /home/goeun/gitHub/Braille_generator_FPGA/uvm/CNN_UVM.srcs/sim_1/imports/new/cnn_seq.sv(9) @ 0: uvm_test_top.tb.apb.agent.sequencer@@seq [cnn_sequence] [HW_WRITE] ADDR: 0x000, WDATA: 0x002
UVM_INFO /home/goeun/gitHub/Braille_generator_FPGA/uvm/CNN_UVM.srcs/sim_1/imports/new/apb_driver.sv(30) @ 1000: uvm_test_top.tb.apb.agent.driver [apb_driver] negedge apb_vif.PRESETN
UVM_INFO /home/goeun/gitHub/Braille_generator_FPGA/uvm/CNN_UVM.srcs/sim_1/imports/new/scoreboard.sv(55) @ 35000: uvm_test_top.tb.sb [scoreboard] Weight set to: 0x02
UVM_INFO /home/goeun/gitHub/Braille_generator_FPGA/uvm/CNN_UVM.srcs/sim_1/imports/new/cnn_seq.sv(9) @ 35000: uvm_test_top.tb.apb.agent.sequencer@@seq [cnn_sequence] [HW_WRITE] ADDR: 0x008, WDATA: 0x004
UVM_ERROR /home/goeun/gitHub/Braille_generator_FPGA/uvm/CNN_UVM.srcs/sim_1/imports/new/scoreboard.sv(75) @ 75000: uvm_test_top.tb.sb [scoreboard] [FAIL] fmap (0xxx) × weight (0x02) = 0xxxxx, but cnn_out = 0x0008
UVM_INFO /home/goeun/gitHub/Braille_generator_FPGA/uvm/CNN_UVM.srcs/sim_1/imports/new/cnn_seq.sv(9) @ 75000: uvm_test_top.tb.apb.agent.sequencer@@seq [cnn_sequence] [HW_WRITE] ADDR: 0x004, WDATA: 0x001
UVM_INFO /home/goeun/gitHub/Braille_generator_FPGA/uvm/CNN_UVM.srcs/sim_1/imports/new/scoreboard.sv(60) @ 115000: uvm_test_top.tb.sb [scoreboard] Fmap set to: 0x01
UVM_INFO /home/goeun/gitHub/Braille_generator_FPGA/uvm/CNN_UVM.srcs/sim_1/imports/new/scoreboard.sv(55) @ 155000: uvm_test_top.tb.sb [scoreboard] Weight set to: 0x02
UVM_INFO /home/goeun/gitHub/Braille_generator_FPGA/uvm/CNN_UVM.srcs/sim_1/imports/new/cnn_seq.sv(26) @ 155000: uvm_test_top.tb.apb.agent.sequencer@@seq [cnn_sequence] [HW_READ] ADDR: 0x000, RDATA: 0x002
UVM_ERROR /home/goeun/gitHub/Braille_generator_FPGA/uvm/CNN_UVM.srcs/sim_1/imports/new/scoreboard.sv(75) @ 195000: uvm_test_top.tb.sb [scoreboard] [FAIL] fmap (0x01) × weight (0x02) = 0x0002, but cnn_out = 0x0008
UVM_INFO /home/goeun/gitHub/Braille_generator_FPGA/uvm/CNN_UVM.srcs/sim_1/imports/new/cnn_seq.sv(26) @ 195000: uvm_test_top.tb.apb.agent.sequencer@@seq [cnn_sequence] [HW_READ] ADDR: 0x008, RDATA: 0x004
UVM_INFO /home/goeun/gitHub/Braille_generator_FPGA/uvm/CNN_UVM.srcs/sim_1/imports/new/scoreboard.sv(60) @ 235000: uvm_test_top.tb.sb [scoreboard] Fmap set to: 0x01
UVM_INFO /home/goeun/gitHub/Braille_generator_FPGA/uvm/CNN_UVM.srcs/sim_1/imports/new/cnn_seq.sv(26) @ 235000: uvm_test_top.tb.apb.agent.sequencer@@seq [cnn_sequence] [HW_READ] ADDR: 0x004, RDATA: 0x001
relaunch_sim: Time (s): cpu = 00:01:26 ; elapsed = 00:00:36 . Memory (MB): peak = 7079.484 ; gain = 0.000 ; free physical = 6464 ; free virtual = 12931
relaunch_sim
Command: launch_simulation -step compile -simset sim_1 -mode behavioral
INFO: [Vivado 12-12493] Simulation top is 'tb_top'
WARNING: [Vivado 12-13277] Compiled library path does not exist: ''
INFO: [Vivado 12-5682] Launching behavioral simulation in '/home/goeun/gitHub/Braille_generator_FPGA/uvm/CNN_UVM.sim/sim_1/behav/xsim'
INFO: [SIM-utils-51] Simulation object is 'sim_1'
INFO: [USF-XSim-2] XSim::Compile design
INFO: [USF-XSim-61] Executing 'COMPILE and ANALYZE' step in '/home/goeun/gitHub/Braille_generator_FPGA/uvm/CNN_UVM.sim/sim_1/behav/xsim'
xvlog --incr --relax -L uvm -L uvm -prj tb_top_vlog.prj
INFO: [VRFC 10-2263] Analyzing SystemVerilog file "/home/goeun/gitHub/Braille_generator_FPGA/uvm/CNN_UVM.srcs/sim_1/imports/new/apb_packet.sv" into library xil_defaultlib
INFO: [VRFC 10-2263] Analyzing SystemVerilog file "/home/goeun/gitHub/Braille_generator_FPGA/uvm/CNN_UVM.srcs/sim_1/imports/new/apb_monitor.sv" into library xil_defaultlib
INFO: [VRFC 10-2263] Analyzing SystemVerilog file "/home/goeun/gitHub/Braille_generator_FPGA/uvm/CNN_UVM.srcs/sim_1/imports/new/apb_driver.sv" into library xil_defaultlib
INFO: [VRFC 10-2263] Analyzing SystemVerilog file "/home/goeun/gitHub/Braille_generator_FPGA/uvm/CNN_UVM.srcs/sim_1/imports/new/apb_sequencer.sv" into library xil_defaultlib
INFO: [VRFC 10-2263] Analyzing SystemVerilog file "/home/goeun/gitHub/Braille_generator_FPGA/uvm/CNN_UVM.srcs/sim_1/imports/new/apb_agent.sv" into library xil_defaultlib
INFO: [VRFC 10-2263] Analyzing SystemVerilog file "/home/goeun/gitHub/Braille_generator_FPGA/uvm/CNN_UVM.srcs/sim_1/imports/new/apb_env.sv" into library xil_defaultlib
INFO: [VRFC 10-2263] Analyzing SystemVerilog file "/home/goeun/gitHub/Braille_generator_FPGA/uvm/CNN_UVM.srcs/sim_1/imports/new/scoreboard.sv" into library xil_defaultlib
INFO: [VRFC 10-2263] Analyzing SystemVerilog file "/home/goeun/gitHub/Braille_generator_FPGA/uvm/CNN_UVM.srcs/sim_1/imports/new/tb_env.sv" into library xil_defaultlib
INFO: [VRFC 10-2263] Analyzing SystemVerilog file "/home/goeun/gitHub/Braille_generator_FPGA/uvm/CNN_UVM.srcs/sim_1/new/cnn_seq.sv" into library xil_defaultlib
INFO: [VRFC 10-2263] Analyzing SystemVerilog file "/home/goeun/gitHub/Braille_generator_FPGA/uvm/CNN_UVM.srcs/sim_1/imports/new/tb_pkg.sv" into library xil_defaultlib
INFO: [VRFC 10-2263] Analyzing SystemVerilog file "/home/goeun/gitHub/Braille_generator_FPGA/uvm/CNN_UVM.srcs/sim_1/imports/new/tb_top.sv" into library xil_defaultlib
WARNING: [VRFC 10-3609] overwriting previous definition of package 'tb_pkg' [/home/goeun/gitHub/Braille_generator_FPGA/uvm/CNN_UVM.srcs/sim_1/imports/new/tb_pkg.sv:1]
INFO: [VRFC 10-311] analyzing module tb_top
Waiting for jobs to finish...
No pending jobs, compilation finished.
INFO: [USF-XSim-69] 'compile' step finished in '1' seconds
launch_simulation: Time (s): cpu = 00:00:15 ; elapsed = 00:00:05 . Memory (MB): peak = 7092.922 ; gain = 0.000 ; free physical = 6482 ; free virtual = 12955
Command: launch_simulation -step elaborate -simset sim_1 -mode behavioral
INFO: [Vivado 12-12493] Simulation top is 'tb_top'
WARNING: [Vivado 12-13277] Compiled library path does not exist: ''
INFO: [Vivado 12-5682] Launching behavioral simulation in '/home/goeun/gitHub/Braille_generator_FPGA/uvm/CNN_UVM.sim/sim_1/behav/xsim'
INFO: [SIM-utils-51] Simulation object is 'sim_1'
INFO: [USF-XSim-3] XSim::Elaborate design
INFO: [USF-XSim-61] Executing 'ELABORATE' step in '/home/goeun/gitHub/Braille_generator_FPGA/uvm/CNN_UVM.sim/sim_1/behav/xsim'
xelab --incr --debug typical --relax --mt 8 -L xil_defaultlib -L uvm -L unisims_ver -L unimacro_ver -L unisims_ver -L secureip --snapshot tb_top_behav xil_defaultlib.tb_top xil_defaultlib.glbl -log elaborate.log -L uvm
Vivado Simulator v2022.2
Copyright 1986-1999, 2001-2022 Xilinx, Inc. All Rights Reserved.
Running: /media/goeun/E/Vivado/2022.2/bin/unwrapped/lnx64.o/xelab --incr --debug typical --relax --mt 8 -L xil_defaultlib -L uvm -L unisims_ver -L unimacro_ver -L unisims_ver -L secureip --snapshot tb_top_behav xil_defaultlib.tb_top xil_defaultlib.glbl -log elaborate.log -L uvm 
Using 8 slave threads.
Starting static elaboration
Pass Through NonSizing Optimizer
ERROR: [VRFC 10-2989] 'apb_intf' is not declared [/home/goeun/gitHub/Braille_generator_FPGA/uvm/CNN_UVM.srcs/sim_1/imports/new/scoreboard.sv:50]
ERROR: [VRFC 10-2989] 'apb_intf' is not declared [/home/goeun/gitHub/Braille_generator_FPGA/uvm/CNN_UVM.srcs/sim_1/imports/new/scoreboard.sv:51]
ERROR: [VRFC 10-2989] 'apb_intf' is not declared [/home/goeun/gitHub/Braille_generator_FPGA/uvm/CNN_UVM.srcs/sim_1/imports/new/scoreboard.sv:53]
ERROR: [VRFC 10-2989] 'apb_intf' is not declared [/home/goeun/gitHub/Braille_generator_FPGA/uvm/CNN_UVM.srcs/sim_1/imports/new/scoreboard.sv:58]
ERROR: [XSIM 43-3322] Static elaboration of top level Verilog design unit(s) in library work failed.
INFO: [USF-XSim-69] 'elaborate' step finished in '5' seconds
INFO: [USF-XSim-99] Step results log file:'/home/goeun/gitHub/Braille_generator_FPGA/uvm/CNN_UVM.sim/sim_1/behav/xsim/elaborate.log'
ERROR: [USF-XSim-62] 'elaborate' step failed with error(s). Please check the Tcl console output or '/home/goeun/gitHub/Braille_generator_FPGA/uvm/CNN_UVM.sim/sim_1/behav/xsim/elaborate.log' file for more information.
ERROR: [Vivado 12-4473] Detected error while running simulation. Please correct the issue and retry this operation.
ERROR: [Common 17-39] 'launch_simulation' failed due to earlier errors.
ERROR: [Common 17-69] Command failed: ERROR: [Common 17-39] 'launch_simulation' failed due to earlier errors.

relaunch_sim
Command: launch_simulation -step compile -simset sim_1 -mode behavioral
INFO: [Vivado 12-12493] Simulation top is 'tb_top'
WARNING: [Vivado 12-13277] Compiled library path does not exist: ''
INFO: [Vivado 12-5682] Launching behavioral simulation in '/home/goeun/gitHub/Braille_generator_FPGA/uvm/CNN_UVM.sim/sim_1/behav/xsim'
INFO: [SIM-utils-51] Simulation object is 'sim_1'
INFO: [USF-XSim-2] XSim::Compile design
INFO: [USF-XSim-61] Executing 'COMPILE and ANALYZE' step in '/home/goeun/gitHub/Braille_generator_FPGA/uvm/CNN_UVM.sim/sim_1/behav/xsim'
xvlog --incr --relax -L uvm -L uvm -prj tb_top_vlog.prj
INFO: [VRFC 10-2263] Analyzing SystemVerilog file "/home/goeun/gitHub/Braille_generator_FPGA/uvm/CNN_UVM.srcs/sim_1/imports/new/apb_packet.sv" into library xil_defaultlib
INFO: [VRFC 10-2263] Analyzing SystemVerilog file "/home/goeun/gitHub/Braille_generator_FPGA/uvm/CNN_UVM.srcs/sim_1/imports/new/apb_monitor.sv" into library xil_defaultlib
INFO: [VRFC 10-2263] Analyzing SystemVerilog file "/home/goeun/gitHub/Braille_generator_FPGA/uvm/CNN_UVM.srcs/sim_1/imports/new/apb_driver.sv" into library xil_defaultlib
INFO: [VRFC 10-2263] Analyzing SystemVerilog file "/home/goeun/gitHub/Braille_generator_FPGA/uvm/CNN_UVM.srcs/sim_1/imports/new/apb_sequencer.sv" into library xil_defaultlib
INFO: [VRFC 10-2263] Analyzing SystemVerilog file "/home/goeun/gitHub/Braille_generator_FPGA/uvm/CNN_UVM.srcs/sim_1/imports/new/apb_agent.sv" into library xil_defaultlib
INFO: [VRFC 10-2263] Analyzing SystemVerilog file "/home/goeun/gitHub/Braille_generator_FPGA/uvm/CNN_UVM.srcs/sim_1/imports/new/apb_env.sv" into library xil_defaultlib
INFO: [VRFC 10-2263] Analyzing SystemVerilog file "/home/goeun/gitHub/Braille_generator_FPGA/uvm/CNN_UVM.srcs/sim_1/imports/new/scoreboard.sv" into library xil_defaultlib
INFO: [VRFC 10-2263] Analyzing SystemVerilog file "/home/goeun/gitHub/Braille_generator_FPGA/uvm/CNN_UVM.srcs/sim_1/imports/new/tb_env.sv" into library xil_defaultlib
INFO: [VRFC 10-2263] Analyzing SystemVerilog file "/home/goeun/gitHub/Braille_generator_FPGA/uvm/CNN_UVM.srcs/sim_1/new/cnn_seq.sv" into library xil_defaultlib
INFO: [VRFC 10-2263] Analyzing SystemVerilog file "/home/goeun/gitHub/Braille_generator_FPGA/uvm/CNN_UVM.srcs/sim_1/imports/new/tb_pkg.sv" into library xil_defaultlib
INFO: [VRFC 10-2263] Analyzing SystemVerilog file "/home/goeun/gitHub/Braille_generator_FPGA/uvm/CNN_UVM.srcs/sim_1/imports/new/tb_top.sv" into library xil_defaultlib
WARNING: [VRFC 10-3609] overwriting previous definition of package 'tb_pkg' [/home/goeun/gitHub/Braille_generator_FPGA/uvm/CNN_UVM.srcs/sim_1/imports/new/tb_pkg.sv:1]
INFO: [VRFC 10-311] analyzing module tb_top
Waiting for jobs to finish...
No pending jobs, compilation finished.
INFO: [USF-XSim-69] 'compile' step finished in '2' seconds
launch_simulation: Time (s): cpu = 00:00:14 ; elapsed = 00:00:13 . Memory (MB): peak = 7092.922 ; gain = 0.000 ; free physical = 6458 ; free virtual = 12931
Command: launch_simulation -step elaborate -simset sim_1 -mode behavioral
INFO: [Vivado 12-12493] Simulation top is 'tb_top'
WARNING: [Vivado 12-13277] Compiled library path does not exist: ''
INFO: [Vivado 12-5682] Launching behavioral simulation in '/home/goeun/gitHub/Braille_generator_FPGA/uvm/CNN_UVM.sim/sim_1/behav/xsim'
INFO: [SIM-utils-51] Simulation object is 'sim_1'
INFO: [USF-XSim-3] XSim::Elaborate design
INFO: [USF-XSim-61] Executing 'ELABORATE' step in '/home/goeun/gitHub/Braille_generator_FPGA/uvm/CNN_UVM.sim/sim_1/behav/xsim'
xelab --incr --debug typical --relax --mt 8 -L xil_defaultlib -L uvm -L unisims_ver -L unimacro_ver -L unisims_ver -L secureip --snapshot tb_top_behav xil_defaultlib.tb_top xil_defaultlib.glbl -log elaborate.log -L uvm
Vivado Simulator v2022.2
Copyright 1986-1999, 2001-2022 Xilinx, Inc. All Rights Reserved.
Running: /media/goeun/E/Vivado/2022.2/bin/unwrapped/lnx64.o/xelab --incr --debug typical --relax --mt 8 -L xil_defaultlib -L uvm -L unisims_ver -L unimacro_ver -L unisims_ver -L secureip --snapshot tb_top_behav xil_defaultlib.tb_top xil_defaultlib.glbl -log elaborate.log -L uvm 
Using 8 slave threads.
Starting static elaboration
Pass Through NonSizing Optimizer
ERROR: [VRFC 10-2991] 'ADDR' is not declared under prefix 'apb_vif' [/home/goeun/gitHub/Braille_generator_FPGA/uvm/CNN_UVM.srcs/sim_1/imports/new/scoreboard.sv:51]
ERROR: [XSIM 43-3322] Static elaboration of top level Verilog design unit(s) in library work failed.
INFO: [USF-XSim-69] 'elaborate' step finished in '4' seconds
INFO: [USF-XSim-99] Step results log file:'/home/goeun/gitHub/Braille_generator_FPGA/uvm/CNN_UVM.sim/sim_1/behav/xsim/elaborate.log'
ERROR: [USF-XSim-62] 'elaborate' step failed with error(s). Please check the Tcl console output or '/home/goeun/gitHub/Braille_generator_FPGA/uvm/CNN_UVM.sim/sim_1/behav/xsim/elaborate.log' file for more information.
ERROR: [Vivado 12-4473] Detected error while running simulation. Please correct the issue and retry this operation.
ERROR: [Common 17-39] 'launch_simulation' failed due to earlier errors.
ERROR: [Common 17-69] Command failed: ERROR: [Common 17-39] 'launch_simulation' failed due to earlier errors.

relaunch_sim
Command: launch_simulation -step compile -simset sim_1 -mode behavioral
INFO: [Vivado 12-12493] Simulation top is 'tb_top'
WARNING: [Vivado 12-13277] Compiled library path does not exist: ''
INFO: [Vivado 12-5682] Launching behavioral simulation in '/home/goeun/gitHub/Braille_generator_FPGA/uvm/CNN_UVM.sim/sim_1/behav/xsim'
INFO: [SIM-utils-51] Simulation object is 'sim_1'
INFO: [USF-XSim-2] XSim::Compile design
INFO: [USF-XSim-61] Executing 'COMPILE and ANALYZE' step in '/home/goeun/gitHub/Braille_generator_FPGA/uvm/CNN_UVM.sim/sim_1/behav/xsim'
xvlog --incr --relax -L uvm -L uvm -prj tb_top_vlog.prj
INFO: [VRFC 10-2263] Analyzing SystemVerilog file "/home/goeun/gitHub/Braille_generator_FPGA/uvm/CNN_UVM.srcs/sim_1/imports/new/apb_packet.sv" into library xil_defaultlib
INFO: [VRFC 10-2263] Analyzing SystemVerilog file "/home/goeun/gitHub/Braille_generator_FPGA/uvm/CNN_UVM.srcs/sim_1/imports/new/apb_monitor.sv" into library xil_defaultlib
INFO: [VRFC 10-2263] Analyzing SystemVerilog file "/home/goeun/gitHub/Braille_generator_FPGA/uvm/CNN_UVM.srcs/sim_1/imports/new/apb_driver.sv" into library xil_defaultlib
INFO: [VRFC 10-2263] Analyzing SystemVerilog file "/home/goeun/gitHub/Braille_generator_FPGA/uvm/CNN_UVM.srcs/sim_1/imports/new/apb_sequencer.sv" into library xil_defaultlib
INFO: [VRFC 10-2263] Analyzing SystemVerilog file "/home/goeun/gitHub/Braille_generator_FPGA/uvm/CNN_UVM.srcs/sim_1/imports/new/apb_agent.sv" into library xil_defaultlib
INFO: [VRFC 10-2263] Analyzing SystemVerilog file "/home/goeun/gitHub/Braille_generator_FPGA/uvm/CNN_UVM.srcs/sim_1/imports/new/apb_env.sv" into library xil_defaultlib
INFO: [VRFC 10-2263] Analyzing SystemVerilog file "/home/goeun/gitHub/Braille_generator_FPGA/uvm/CNN_UVM.srcs/sim_1/imports/new/scoreboard.sv" into library xil_defaultlib
INFO: [VRFC 10-2263] Analyzing SystemVerilog file "/home/goeun/gitHub/Braille_generator_FPGA/uvm/CNN_UVM.srcs/sim_1/imports/new/tb_env.sv" into library xil_defaultlib
INFO: [VRFC 10-2263] Analyzing SystemVerilog file "/home/goeun/gitHub/Braille_generator_FPGA/uvm/CNN_UVM.srcs/sim_1/new/cnn_seq.sv" into library xil_defaultlib
INFO: [VRFC 10-2263] Analyzing SystemVerilog file "/home/goeun/gitHub/Braille_generator_FPGA/uvm/CNN_UVM.srcs/sim_1/imports/new/tb_pkg.sv" into library xil_defaultlib
INFO: [VRFC 10-2263] Analyzing SystemVerilog file "/home/goeun/gitHub/Braille_generator_FPGA/uvm/CNN_UVM.srcs/sim_1/imports/new/tb_top.sv" into library xil_defaultlib
WARNING: [VRFC 10-3609] overwriting previous definition of package 'tb_pkg' [/home/goeun/gitHub/Braille_generator_FPGA/uvm/CNN_UVM.srcs/sim_1/imports/new/tb_pkg.sv:1]
INFO: [VRFC 10-311] analyzing module tb_top
Waiting for jobs to finish...
No pending jobs, compilation finished.
INFO: [USF-XSim-69] 'compile' step finished in '2' seconds
launch_simulation: Time (s): cpu = 00:00:15 ; elapsed = 00:00:11 . Memory (MB): peak = 7092.922 ; gain = 0.000 ; free physical = 6419 ; free virtual = 12930
Command: launch_simulation -step elaborate -simset sim_1 -mode behavioral
INFO: [Vivado 12-12493] Simulation top is 'tb_top'
WARNING: [Vivado 12-13277] Compiled library path does not exist: ''
INFO: [Vivado 12-5682] Launching behavioral simulation in '/home/goeun/gitHub/Braille_generator_FPGA/uvm/CNN_UVM.sim/sim_1/behav/xsim'
INFO: [SIM-utils-51] Simulation object is 'sim_1'
INFO: [USF-XSim-3] XSim::Elaborate design
INFO: [USF-XSim-61] Executing 'ELABORATE' step in '/home/goeun/gitHub/Braille_generator_FPGA/uvm/CNN_UVM.sim/sim_1/behav/xsim'
xelab --incr --debug typical --relax --mt 8 -L xil_defaultlib -L uvm -L unisims_ver -L unimacro_ver -L unisims_ver -L secureip --snapshot tb_top_behav xil_defaultlib.tb_top xil_defaultlib.glbl -log elaborate.log -L uvm
Vivado Simulator v2022.2
Copyright 1986-1999, 2001-2022 Xilinx, Inc. All Rights Reserved.
Running: /media/goeun/E/Vivado/2022.2/bin/unwrapped/lnx64.o/xelab --incr --debug typical --relax --mt 8 -L xil_defaultlib -L uvm -L unisims_ver -L unimacro_ver -L unisims_ver -L secureip --snapshot tb_top_behav xil_defaultlib.tb_top xil_defaultlib.glbl -log elaborate.log -L uvm 
Using 8 slave threads.
Starting static elaboration
Pass Through NonSizing Optimizer
WARNING: [VRFC 10-3597] non-void function 'get' called as a task without void casting [/home/goeun/gitHub/Braille_generator_FPGA/uvm/CNN_UVM.srcs/sim_1/imports/new/scoreboard.sv:19]
WARNING: [VRFC 10-3597] non-void function 'get' called as a task without void casting [/home/goeun/gitHub/Braille_generator_FPGA/uvm/CNN_UVM.srcs/sim_1/imports/new/scoreboard.sv:20]
Completed static elaboration
Starting simulation data flow analysis
WARNING: [XSIM 43-4099] "/proj/xbuilds/SWIP/9999.0_0921_2117/installs/lin64/Vivado/2023.1/data/system_verilog/uvm_1.2/xlnx_uvm_package.sv" Line 4356. Module uvm_pkg doesn't have a timescale but at least one module in design has a timescale.
WARNING: [XSIM 43-4099] "/proj/xbuilds/SWIP/9999.0_0921_2117/installs/lin64/Vivado/2023.1/data/system_verilog/uvm_1.2/xlnx_uvm_package.sv" Line 4356. Module uvm_pkg doesn't have a timescale but at least one module in design has a timescale.
WARNING: [XSIM 43-4468] File : /proj/xbuilds/SWIP/9999.0_0921_2117/installs/lin64/Vivado/2023.1/data/system_verilog/uvm_1.2/xlnx_uvm_package.sv, Line : 25994, RANDC variable size more than 8 bits. This will be treated as a RAND variable instead.
WARNING: [XSIM 43-4099] "/home/goeun/gitHub/Braille_generator_FPGA/uvm/CNN_UVM.srcs/sources_1/imports/new/top.v" Line 5. Module top doesn't have a timescale but at least one module in design has a timescale.
WARNING: [XSIM 43-4099] "/home/goeun/gitHub/Braille_generator_FPGA/uvm/CNN_UVM.srcs/sources_1/imports/new/apb3_ip.v" Line 11. Module custom_ip_APB3 doesn't have a timescale but at least one module in design has a timescale.
WARNING: [XSIM 43-4099] "/home/goeun/gitHub/Braille_generator_FPGA/uvm/CNN_UVM.srcs/sources_1/imports/new/cnn_kernel.v" Line 1. Module cnn_kernel doesn't have a timescale but at least one module in design has a timescale.
WARNING: [XSIM 43-4099] "/home/goeun/gitHub/Braille_generator_FPGA/uvm/CNN_UVM.srcs/sources_1/imports/new/top.v" Line 5. Module top doesn't have a timescale but at least one module in design has a timescale.
WARNING: [XSIM 43-4099] "/home/goeun/gitHub/Braille_generator_FPGA/uvm/CNN_UVM.srcs/sources_1/imports/new/apb3_ip.v" Line 11. Module custom_ip_APB3 doesn't have a timescale but at least one module in design has a timescale.
WARNING: [XSIM 43-4099] "/home/goeun/gitHub/Braille_generator_FPGA/uvm/CNN_UVM.srcs/sources_1/imports/new/cnn_kernel.v" Line 1. Module cnn_kernel doesn't have a timescale but at least one module in design has a timescale.
Completed simulation data flow analysis
Time Resolution for simulation is 1ps
Compiling package xil_defaultlib.$unit_apb_packet_sv_543708521
Compiling package uvm.uvm_pkg
Compiling package std.std
Compiling package xil_defaultlib.tb_pkg
Compiling module xil_defaultlib.apb_if
Compiling module xil_defaultlib.cnn_intf
Compiling module xil_defaultlib.custom_ip_APB3
Compiling module xil_defaultlib.cnn_kernel
Compiling module xil_defaultlib.top
Compiling module xil_defaultlib.tb_top
Compiling module xil_defaultlib.glbl
Built simulation snapshot tb_top_behav
execute_script: Time (s): cpu = 00:01:23 ; elapsed = 00:00:32 . Memory (MB): peak = 7092.922 ; gain = 0.000 ; free physical = 6354 ; free virtual = 12837
INFO: [USF-XSim-69] 'elaborate' step finished in '32' seconds
launch_simulation: Time (s): cpu = 00:01:23 ; elapsed = 00:00:32 . Memory (MB): peak = 7092.922 ; gain = 0.000 ; free physical = 6354 ; free virtual = 12837
Time resolution is 1 ps
UVM_INFO /media/goeun/E/Vivado/2022.2/data/system_verilog/uvm_1.2/xlnx_uvm_package.sv(18601) @ 0: reporter [UVM/RELNOTES] 
      (Specify +UVM_NO_RELNOTES to turn off this notice)
  with `UVM_OBJECT_DO_NOT_NEED_CONSTRUCTOR undefined.

  You are using a version of the UVM library that has been compiled
  with `UVM_NO_DEPRECATED undefined.

  You are using a version of the UVM library that has been compiled

  ***********       IMPORTANT RELEASE NOTES         ************
----------------------------------------------------------------
(C) 2013-2014 NVIDIA Corporation
(C) 2011-2013 Cypress Semiconductor Corp.
(C) 2006-2014 Synopsys, Inc.
(C) 2007-2014 Cadence Design Systems, Inc.
(C) 2007-2014 Mentor Graphics Corporation


----------------------------------------------------------------

UVM_WARNING @ 0: reporter [TPRGED] Type name 'apb_monitor' already registered with factory. No string-based lookup support for multiple types with the same type name.
UVM_WARNING @ 0: reporter [TPRGED] Type name 'apb_driver' already registered with factory. No string-based lookup support for multiple types with the same type name.
UVM_WARNING @ 0: reporter [TPRGED] Type name 'apb_sequencer' already registered with factory. No string-based lookup support for multiple types with the same type name.
UVM_WARNING @ 0: reporter [TPRGED] Type name 'apb_agent' already registered with factory. No string-based lookup support for multiple types with the same type name.
UVM_WARNING @ 0: reporter [TPRGED] Type name 'apb_env' already registered with factory. No string-based lookup support for multiple types with the same type name.
UVM_WARNING @ 0: reporter [TPRGED] Type name 'scoreboard' already registered with factory. No string-based lookup support for multiple types with the same type name.
UVM_WARNING @ 0: reporter [TPRGED] Type name 'tb_env' already registered with factory. No string-based lookup support for multiple types with the same type name.
UVM_WARNING @ 0: reporter [TPRGED] Type name 'apb_packet' already registered with factory. No string-based lookup support for multiple types with the same type name.
UVM_WARNING @ 0: reporter [TPRGED] Type name 'cnn_sequence' already registered with factory. No string-based lookup support for multiple types with the same type name.
UVM_INFO @ 0: reporter [RNTST] Running test cnn_test...
UVM_INFO /home/goeun/gitHub/Braille_generator_FPGA/uvm/CNN_UVM.srcs/sim_1/imports/new/base_test.sv(14) @ 0: uvm_test_top [cnn_test] build_phase(test_lib)uvm_test_top
UVM_INFO /home/goeun/gitHub/Braille_generator_FPGA/uvm/CNN_UVM.srcs/sim_1/imports/new/cnn_test.sv(12) @ 0: uvm_test_top [uvm_test_top] build_phase
UVM_INFO /home/goeun/gitHub/Braille_generator_FPGA/uvm/CNN_UVM.srcs/sim_1/imports/new/tb_env.sv(16) @ 0: uvm_test_top.tb [uvm_test_top.tb] build_phase
UVM_INFO /home/goeun/gitHub/Braille_generator_FPGA/uvm/CNN_UVM.srcs/sim_1/imports/new/apb_env.sv(15) @ 0: uvm_test_top.tb.apb [apb_env] [BUILD PHASE] APB ENV
UVM_INFO /home/goeun/gitHub/Braille_generator_FPGA/uvm/CNN_UVM.srcs/sim_1/imports/new/apb_agent.sv(24) @ 0: uvm_test_top.tb.apb.agent [apb_agent] [BUILD PHASE] APB AGENT 1
UVM_INFO /home/goeun/gitHub/Braille_generator_FPGA/uvm/CNN_UVM.srcs/sim_1/imports/new/apb_driver.sv(16) @ 0: uvm_test_top.tb.apb.agent.driver [apb_driver] [BUILD PHASE] apb_driver build
UVM_INFO /home/goeun/gitHub/Braille_generator_FPGA/uvm/CNN_UVM.srcs/sim_1/imports/new/apb_monitor.sv(23) @ 0: uvm_test_top.tb.apb.agent.monitor [apb_monitor] [BUILD PHASE] apb_monitor build phase
UVM_INFO /home/goeun/gitHub/Braille_generator_FPGA/uvm/CNN_UVM.srcs/sim_1/imports/new/scoreboard.sv(21) @ 0: uvm_test_top.tb.sb [scoreboard] [BUILD_PHASE] scoreboard build
UVM_INFO /home/goeun/gitHub/Braille_generator_FPGA/uvm/CNN_UVM.srcs/sim_1/imports/new/apb_agent.sv(29) @ 0: uvm_test_top.tb.apb.agent [apb_agent] [CONNECT PHASE] connect start
UVM_INFO /home/goeun/gitHub/Braille_generator_FPGA/uvm/CNN_UVM.srcs/sim_1/imports/new/tb_env.sv(21) @ 0: uvm_test_top.tb [uvm_test_top.tb] Connect phase complete.
UVM_INFO /media/goeun/E/Vivado/2022.2/data/system_verilog/uvm_1.2/xlnx_uvm_package.sv(20867) @ 0: reporter [UVM/COMP/NAMECHECK] This implementation of the component name checks requires DPI to be enabled
UVM_INFO /home/goeun/gitHub/Braille_generator_FPGA/uvm/CNN_UVM.srcs/sim_1/imports/new/cnn_test.sv(16) @ 0: uvm_test_top [uvm_test_top] run_phase
UVM_INFO /home/goeun/gitHub/Braille_generator_FPGA/uvm/CNN_UVM.srcs/sim_1/imports/new/scoreboard.sv(26) @ 0: uvm_test_top.tb.sb [scoreboard] [RUN_PHASE] scoreboard run_phase
INFO: [Common 17-41] Interrupt caught. Command should exit soon.
run: Time (s): cpu = 00:00:02 ; elapsed = 00:01:18 . Memory (MB): peak = 7111.609 ; gain = 0.000 ; free physical = 6431 ; free virtual = 12899
INFO: [Common 17-344] 'run' was cancelled
INFO: [Common 17-344] 'source' was cancelled
relaunch_xsim_kernel: Time (s): cpu = 00:00:02 ; elapsed = 00:01:19 . Memory (MB): peak = 7111.609 ; gain = 18.688 ; free physical = 6431 ; free virtual = 12899
INFO: [Common 17-344] 'relaunch_xsim_kernel' was cancelled
INFO: [Common 17-344] 'relaunch_sim' was cancelled
relaunch_sim
INFO: xsimkernel Simulation Memory Usage: 140668 KB (Peak: 183056 KB), Simulation CPU Usage: 77710 ms
Command: launch_simulation -step compile -simset sim_1 -mode behavioral
INFO: [Vivado 12-12493] Simulation top is 'tb_top'
WARNING: [Vivado 12-13277] Compiled library path does not exist: ''
INFO: [Vivado 12-5682] Launching behavioral simulation in '/home/goeun/gitHub/Braille_generator_FPGA/uvm/CNN_UVM.sim/sim_1/behav/xsim'
INFO: [SIM-utils-51] Simulation object is 'sim_1'
INFO: [USF-XSim-2] XSim::Compile design
INFO: [USF-XSim-61] Executing 'COMPILE and ANALYZE' step in '/home/goeun/gitHub/Braille_generator_FPGA/uvm/CNN_UVM.sim/sim_1/behav/xsim'
xvlog --incr --relax -L uvm -L uvm -prj tb_top_vlog.prj
Waiting for jobs to finish...
No pending jobs, compilation finished.
INFO: [USF-XSim-69] 'compile' step finished in '1' seconds
Command: launch_simulation -step elaborate -simset sim_1 -mode behavioral
INFO: [Vivado 12-12493] Simulation top is 'tb_top'
WARNING: [Vivado 12-13277] Compiled library path does not exist: ''
INFO: [Vivado 12-5682] Launching behavioral simulation in '/home/goeun/gitHub/Braille_generator_FPGA/uvm/CNN_UVM.sim/sim_1/behav/xsim'
INFO: [SIM-utils-51] Simulation object is 'sim_1'
INFO: [USF-XSim-3] XSim::Elaborate design
INFO: [USF-XSim-61] Executing 'ELABORATE' step in '/home/goeun/gitHub/Braille_generator_FPGA/uvm/CNN_UVM.sim/sim_1/behav/xsim'
xelab --incr --debug typical --relax --mt 8 -L xil_defaultlib -L uvm -L unisims_ver -L unimacro_ver -L unisims_ver -L secureip --snapshot tb_top_behav xil_defaultlib.tb_top xil_defaultlib.glbl -log elaborate.log -L uvm
Vivado Simulator v2022.2
Copyright 1986-1999, 2001-2022 Xilinx, Inc. All Rights Reserved.
Running: /media/goeun/E/Vivado/2022.2/bin/unwrapped/lnx64.o/xelab --incr --debug typical --relax --mt 8 -L xil_defaultlib -L uvm -L unisims_ver -L unimacro_ver -L unisims_ver -L secureip --snapshot tb_top_behav xil_defaultlib.tb_top xil_defaultlib.glbl -log elaborate.log -L uvm 
Using 8 slave threads.
Starting static elaboration
Pass Through NonSizing Optimizer
WARNING: [VRFC 10-3597] non-void function 'get' called as a task without void casting [/home/goeun/gitHub/Braille_generator_FPGA/uvm/CNN_UVM.srcs/sim_1/imports/new/scoreboard.sv:19]
WARNING: [VRFC 10-3597] non-void function 'get' called as a task without void casting [/home/goeun/gitHub/Braille_generator_FPGA/uvm/CNN_UVM.srcs/sim_1/imports/new/scoreboard.sv:20]
Completed static elaboration
INFO: [XSIM 43-4323] No Change in HDL. Linking previously generated obj files to create kernel
INFO: [USF-XSim-69] 'elaborate' step finished in '5' seconds
launch_simulation: Time (s): cpu = 00:00:05 ; elapsed = 00:00:05 . Memory (MB): peak = 7127.766 ; gain = 0.000 ; free physical = 6389 ; free virtual = 12850
Time resolution is 1 ps
UVM_INFO /media/goeun/E/Vivado/2022.2/data/system_verilog/uvm_1.2/xlnx_uvm_package.sv(18601) @ 0: reporter [UVM/RELNOTES] 
      (Specify +UVM_NO_RELNOTES to turn off this notice)
  with `UVM_OBJECT_DO_NOT_NEED_CONSTRUCTOR undefined.

  You are using a version of the UVM library that has been compiled
  with `UVM_NO_DEPRECATED undefined.

  You are using a version of the UVM library that has been compiled

  ***********       IMPORTANT RELEASE NOTES         ************
----------------------------------------------------------------
(C) 2013-2014 NVIDIA Corporation
(C) 2011-2013 Cypress Semiconductor Corp.
(C) 2006-2014 Synopsys, Inc.
(C) 2007-2014 Cadence Design Systems, Inc.
(C) 2007-2014 Mentor Graphics Corporation


----------------------------------------------------------------

UVM_WARNING @ 0: reporter [TPRGED] Type name 'apb_monitor' already registered with factory. No string-based lookup support for multiple types with the same type name.
UVM_WARNING @ 0: reporter [TPRGED] Type name 'apb_driver' already registered with factory. No string-based lookup support for multiple types with the same type name.
UVM_WARNING @ 0: reporter [TPRGED] Type name 'apb_sequencer' already registered with factory. No string-based lookup support for multiple types with the same type name.
UVM_WARNING @ 0: reporter [TPRGED] Type name 'apb_agent' already registered with factory. No string-based lookup support for multiple types with the same type name.
UVM_WARNING @ 0: reporter [TPRGED] Type name 'apb_env' already registered with factory. No string-based lookup support for multiple types with the same type name.
UVM_WARNING @ 0: reporter [TPRGED] Type name 'scoreboard' already registered with factory. No string-based lookup support for multiple types with the same type name.
UVM_WARNING @ 0: reporter [TPRGED] Type name 'tb_env' already registered with factory. No string-based lookup support for multiple types with the same type name.
UVM_WARNING @ 0: reporter [TPRGED] Type name 'apb_packet' already registered with factory. No string-based lookup support for multiple types with the same type name.
UVM_WARNING @ 0: reporter [TPRGED] Type name 'cnn_sequence' already registered with factory. No string-based lookup support for multiple types with the same type name.
UVM_INFO @ 0: reporter [RNTST] Running test cnn_test...
UVM_INFO /home/goeun/gitHub/Braille_generator_FPGA/uvm/CNN_UVM.srcs/sim_1/imports/new/base_test.sv(14) @ 0: uvm_test_top [cnn_test] build_phase(test_lib)uvm_test_top
UVM_INFO /home/goeun/gitHub/Braille_generator_FPGA/uvm/CNN_UVM.srcs/sim_1/imports/new/cnn_test.sv(12) @ 0: uvm_test_top [uvm_test_top] build_phase
UVM_INFO /home/goeun/gitHub/Braille_generator_FPGA/uvm/CNN_UVM.srcs/sim_1/imports/new/tb_env.sv(16) @ 0: uvm_test_top.tb [uvm_test_top.tb] build_phase
UVM_INFO /home/goeun/gitHub/Braille_generator_FPGA/uvm/CNN_UVM.srcs/sim_1/imports/new/apb_env.sv(15) @ 0: uvm_test_top.tb.apb [apb_env] [BUILD PHASE] APB ENV
UVM_INFO /home/goeun/gitHub/Braille_generator_FPGA/uvm/CNN_UVM.srcs/sim_1/imports/new/apb_agent.sv(24) @ 0: uvm_test_top.tb.apb.agent [apb_agent] [BUILD PHASE] APB AGENT 1
UVM_INFO /home/goeun/gitHub/Braille_generator_FPGA/uvm/CNN_UVM.srcs/sim_1/imports/new/apb_driver.sv(16) @ 0: uvm_test_top.tb.apb.agent.driver [apb_driver] [BUILD PHASE] apb_driver build
UVM_INFO /home/goeun/gitHub/Braille_generator_FPGA/uvm/CNN_UVM.srcs/sim_1/imports/new/apb_monitor.sv(23) @ 0: uvm_test_top.tb.apb.agent.monitor [apb_monitor] [BUILD PHASE] apb_monitor build phase
UVM_INFO /home/goeun/gitHub/Braille_generator_FPGA/uvm/CNN_UVM.srcs/sim_1/imports/new/scoreboard.sv(21) @ 0: uvm_test_top.tb.sb [scoreboard] [BUILD_PHASE] scoreboard build
UVM_INFO /home/goeun/gitHub/Braille_generator_FPGA/uvm/CNN_UVM.srcs/sim_1/imports/new/apb_agent.sv(29) @ 0: uvm_test_top.tb.apb.agent [apb_agent] [CONNECT PHASE] connect start
UVM_INFO /home/goeun/gitHub/Braille_generator_FPGA/uvm/CNN_UVM.srcs/sim_1/imports/new/tb_env.sv(21) @ 0: uvm_test_top.tb [uvm_test_top.tb] Connect phase complete.
UVM_INFO /media/goeun/E/Vivado/2022.2/data/system_verilog/uvm_1.2/xlnx_uvm_package.sv(20867) @ 0: reporter [UVM/COMP/NAMECHECK] This implementation of the component name checks requires DPI to be enabled
UVM_INFO /home/goeun/gitHub/Braille_generator_FPGA/uvm/CNN_UVM.srcs/sim_1/imports/new/cnn_test.sv(16) @ 0: uvm_test_top [uvm_test_top] run_phase
UVM_INFO /home/goeun/gitHub/Braille_generator_FPGA/uvm/CNN_UVM.srcs/sim_1/imports/new/scoreboard.sv(26) @ 0: uvm_test_top.tb.sb [scoreboard] [RUN_PHASE] scoreboard run_phase
INFO: [Common 17-41] Interrupt caught. Command should exit soon.
run: Time (s): cpu = 00:00:03 ; elapsed = 00:01:57 . Memory (MB): peak = 7129.613 ; gain = 0.000 ; free physical = 6444 ; free virtual = 12912
INFO: [Common 17-344] 'run' was cancelled
INFO: [Common 17-344] 'source' was cancelled
relaunch_xsim_kernel: Time (s): cpu = 00:00:04 ; elapsed = 00:01:58 . Memory (MB): peak = 7129.613 ; gain = 1.848 ; free physical = 6444 ; free virtual = 12912
INFO: [Common 17-344] 'relaunch_xsim_kernel' was cancelled
INFO: [Common 17-344] 'relaunch_sim' was cancelled
relaunch_sim
INFO: xsimkernel Simulation Memory Usage: 140668 KB (Peak: 183056 KB), Simulation CPU Usage: 116890 ms
Command: launch_simulation -step compile -simset sim_1 -mode behavioral
INFO: [Vivado 12-12493] Simulation top is 'tb_top'
WARNING: [Vivado 12-13277] Compiled library path does not exist: ''
INFO: [Vivado 12-5682] Launching behavioral simulation in '/home/goeun/gitHub/Braille_generator_FPGA/uvm/CNN_UVM.sim/sim_1/behav/xsim'
INFO: [SIM-utils-51] Simulation object is 'sim_1'
INFO: [USF-XSim-2] XSim::Compile design
INFO: [USF-XSim-61] Executing 'COMPILE and ANALYZE' step in '/home/goeun/gitHub/Braille_generator_FPGA/uvm/CNN_UVM.sim/sim_1/behav/xsim'
xvlog --incr --relax -L uvm -L uvm -prj tb_top_vlog.prj
INFO: [VRFC 10-2263] Analyzing SystemVerilog file "/home/goeun/gitHub/Braille_generator_FPGA/uvm/CNN_UVM.srcs/sim_1/imports/new/apb_packet.sv" into library xil_defaultlib
INFO: [VRFC 10-2263] Analyzing SystemVerilog file "/home/goeun/gitHub/Braille_generator_FPGA/uvm/CNN_UVM.srcs/sim_1/imports/new/apb_monitor.sv" into library xil_defaultlib
INFO: [VRFC 10-2263] Analyzing SystemVerilog file "/home/goeun/gitHub/Braille_generator_FPGA/uvm/CNN_UVM.srcs/sim_1/imports/new/apb_driver.sv" into library xil_defaultlib
INFO: [VRFC 10-2263] Analyzing SystemVerilog file "/home/goeun/gitHub/Braille_generator_FPGA/uvm/CNN_UVM.srcs/sim_1/imports/new/apb_sequencer.sv" into library xil_defaultlib
INFO: [VRFC 10-2263] Analyzing SystemVerilog file "/home/goeun/gitHub/Braille_generator_FPGA/uvm/CNN_UVM.srcs/sim_1/imports/new/apb_agent.sv" into library xil_defaultlib
INFO: [VRFC 10-2263] Analyzing SystemVerilog file "/home/goeun/gitHub/Braille_generator_FPGA/uvm/CNN_UVM.srcs/sim_1/imports/new/apb_env.sv" into library xil_defaultlib
INFO: [VRFC 10-2263] Analyzing SystemVerilog file "/home/goeun/gitHub/Braille_generator_FPGA/uvm/CNN_UVM.srcs/sim_1/imports/new/scoreboard.sv" into library xil_defaultlib
INFO: [VRFC 10-2263] Analyzing SystemVerilog file "/home/goeun/gitHub/Braille_generator_FPGA/uvm/CNN_UVM.srcs/sim_1/imports/new/tb_env.sv" into library xil_defaultlib
INFO: [VRFC 10-2263] Analyzing SystemVerilog file "/home/goeun/gitHub/Braille_generator_FPGA/uvm/CNN_UVM.srcs/sim_1/new/cnn_seq.sv" into library xil_defaultlib
INFO: [VRFC 10-2263] Analyzing SystemVerilog file "/home/goeun/gitHub/Braille_generator_FPGA/uvm/CNN_UVM.srcs/sim_1/imports/new/tb_pkg.sv" into library xil_defaultlib
INFO: [VRFC 10-2263] Analyzing SystemVerilog file "/home/goeun/gitHub/Braille_generator_FPGA/uvm/CNN_UVM.srcs/sim_1/imports/new/tb_top.sv" into library xil_defaultlib
WARNING: [VRFC 10-3609] overwriting previous definition of package 'tb_pkg' [/home/goeun/gitHub/Braille_generator_FPGA/uvm/CNN_UVM.srcs/sim_1/imports/new/tb_pkg.sv:1]
INFO: [VRFC 10-311] analyzing module tb_top
Waiting for jobs to finish...
No pending jobs, compilation finished.
INFO: [USF-XSim-69] 'compile' step finished in '2' seconds
Command: launch_simulation -step elaborate -simset sim_1 -mode behavioral
INFO: [Vivado 12-12493] Simulation top is 'tb_top'
WARNING: [Vivado 12-13277] Compiled library path does not exist: ''
INFO: [Vivado 12-5682] Launching behavioral simulation in '/home/goeun/gitHub/Braille_generator_FPGA/uvm/CNN_UVM.sim/sim_1/behav/xsim'
INFO: [SIM-utils-51] Simulation object is 'sim_1'
INFO: [USF-XSim-3] XSim::Elaborate design
INFO: [USF-XSim-61] Executing 'ELABORATE' step in '/home/goeun/gitHub/Braille_generator_FPGA/uvm/CNN_UVM.sim/sim_1/behav/xsim'
xelab --incr --debug typical --relax --mt 8 -L xil_defaultlib -L uvm -L unisims_ver -L unimacro_ver -L unisims_ver -L secureip --snapshot tb_top_behav xil_defaultlib.tb_top xil_defaultlib.glbl -log elaborate.log -L uvm
Vivado Simulator v2022.2
Copyright 1986-1999, 2001-2022 Xilinx, Inc. All Rights Reserved.
Running: /media/goeun/E/Vivado/2022.2/bin/unwrapped/lnx64.o/xelab --incr --debug typical --relax --mt 8 -L xil_defaultlib -L uvm -L unisims_ver -L unimacro_ver -L unisims_ver -L secureip --snapshot tb_top_behav xil_defaultlib.tb_top xil_defaultlib.glbl -log elaborate.log -L uvm 
Using 8 slave threads.
Starting static elaboration
Pass Through NonSizing Optimizer
WARNING: [VRFC 10-3597] non-void function 'get' called as a task without void casting [/home/goeun/gitHub/Braille_generator_FPGA/uvm/CNN_UVM.srcs/sim_1/imports/new/scoreboard.sv:19]
WARNING: [VRFC 10-3597] non-void function 'get' called as a task without void casting [/home/goeun/gitHub/Braille_generator_FPGA/uvm/CNN_UVM.srcs/sim_1/imports/new/scoreboard.sv:20]
Completed static elaboration
Starting simulation data flow analysis
WARNING: [XSIM 43-4099] "/proj/xbuilds/SWIP/9999.0_0921_2117/installs/lin64/Vivado/2023.1/data/system_verilog/uvm_1.2/xlnx_uvm_package.sv" Line 4356. Module uvm_pkg doesn't have a timescale but at least one module in design has a timescale.
WARNING: [XSIM 43-4099] "/proj/xbuilds/SWIP/9999.0_0921_2117/installs/lin64/Vivado/2023.1/data/system_verilog/uvm_1.2/xlnx_uvm_package.sv" Line 4356. Module uvm_pkg doesn't have a timescale but at least one module in design has a timescale.
WARNING: [XSIM 43-4468] File : /proj/xbuilds/SWIP/9999.0_0921_2117/installs/lin64/Vivado/2023.1/data/system_verilog/uvm_1.2/xlnx_uvm_package.sv, Line : 25994, RANDC variable size more than 8 bits. This will be treated as a RAND variable instead.
WARNING: [XSIM 43-4099] "/home/goeun/gitHub/Braille_generator_FPGA/uvm/CNN_UVM.srcs/sources_1/imports/new/top.v" Line 5. Module top doesn't have a timescale but at least one module in design has a timescale.
WARNING: [XSIM 43-4099] "/home/goeun/gitHub/Braille_generator_FPGA/uvm/CNN_UVM.srcs/sources_1/imports/new/apb3_ip.v" Line 11. Module custom_ip_APB3 doesn't have a timescale but at least one module in design has a timescale.
WARNING: [XSIM 43-4099] "/home/goeun/gitHub/Braille_generator_FPGA/uvm/CNN_UVM.srcs/sources_1/imports/new/cnn_kernel.v" Line 1. Module cnn_kernel doesn't have a timescale but at least one module in design has a timescale.
WARNING: [XSIM 43-4099] "/home/goeun/gitHub/Braille_generator_FPGA/uvm/CNN_UVM.srcs/sources_1/imports/new/top.v" Line 5. Module top doesn't have a timescale but at least one module in design has a timescale.
WARNING: [XSIM 43-4099] "/home/goeun/gitHub/Braille_generator_FPGA/uvm/CNN_UVM.srcs/sources_1/imports/new/apb3_ip.v" Line 11. Module custom_ip_APB3 doesn't have a timescale but at least one module in design has a timescale.
WARNING: [XSIM 43-4099] "/home/goeun/gitHub/Braille_generator_FPGA/uvm/CNN_UVM.srcs/sources_1/imports/new/cnn_kernel.v" Line 1. Module cnn_kernel doesn't have a timescale but at least one module in design has a timescale.
Completed simulation data flow analysis
Time Resolution for simulation is 1ps
Compiling package xil_defaultlib.$unit_apb_packet_sv_543708521
Compiling package uvm.uvm_pkg
Compiling package std.std
Compiling package xil_defaultlib.tb_pkg
Compiling module xil_defaultlib.apb_if
Compiling module xil_defaultlib.cnn_intf
Compiling module xil_defaultlib.custom_ip_APB3
Compiling module xil_defaultlib.cnn_kernel
Compiling module xil_defaultlib.top
Compiling module xil_defaultlib.tb_top
Compiling module xil_defaultlib.glbl
Built simulation snapshot tb_top_behav
execute_script: Time (s): cpu = 00:01:24 ; elapsed = 00:00:32 . Memory (MB): peak = 7130.613 ; gain = 0.000 ; free physical = 6478 ; free virtual = 12942
INFO: [USF-XSim-69] 'elaborate' step finished in '32' seconds
launch_simulation: Time (s): cpu = 00:01:24 ; elapsed = 00:00:32 . Memory (MB): peak = 7130.613 ; gain = 0.000 ; free physical = 6478 ; free virtual = 12942
Time resolution is 1 ps
UVM_INFO /media/goeun/E/Vivado/2022.2/data/system_verilog/uvm_1.2/xlnx_uvm_package.sv(18601) @ 0: reporter [UVM/RELNOTES] 
      (Specify +UVM_NO_RELNOTES to turn off this notice)
  with `UVM_OBJECT_DO_NOT_NEED_CONSTRUCTOR undefined.

  You are using a version of the UVM library that has been compiled
  with `UVM_NO_DEPRECATED undefined.

  You are using a version of the UVM library that has been compiled

  ***********       IMPORTANT RELEASE NOTES         ************
----------------------------------------------------------------
(C) 2013-2014 NVIDIA Corporation
(C) 2011-2013 Cypress Semiconductor Corp.
(C) 2006-2014 Synopsys, Inc.
(C) 2007-2014 Cadence Design Systems, Inc.
(C) 2007-2014 Mentor Graphics Corporation


----------------------------------------------------------------

UVM_WARNING @ 0: reporter [TPRGED] Type name 'apb_monitor' already registered with factory. No string-based lookup support for multiple types with the same type name.
UVM_WARNING @ 0: reporter [TPRGED] Type name 'apb_driver' already registered with factory. No string-based lookup support for multiple types with the same type name.
UVM_WARNING @ 0: reporter [TPRGED] Type name 'apb_sequencer' already registered with factory. No string-based lookup support for multiple types with the same type name.
UVM_WARNING @ 0: reporter [TPRGED] Type name 'apb_agent' already registered with factory. No string-based lookup support for multiple types with the same type name.
UVM_WARNING @ 0: reporter [TPRGED] Type name 'apb_env' already registered with factory. No string-based lookup support for multiple types with the same type name.
UVM_WARNING @ 0: reporter [TPRGED] Type name 'scoreboard' already registered with factory. No string-based lookup support for multiple types with the same type name.
UVM_WARNING @ 0: reporter [TPRGED] Type name 'tb_env' already registered with factory. No string-based lookup support for multiple types with the same type name.
UVM_WARNING @ 0: reporter [TPRGED] Type name 'apb_packet' already registered with factory. No string-based lookup support for multiple types with the same type name.
UVM_WARNING @ 0: reporter [TPRGED] Type name 'cnn_sequence' already registered with factory. No string-based lookup support for multiple types with the same type name.
UVM_INFO @ 0: reporter [RNTST] Running test cnn_test...
UVM_INFO /home/goeun/gitHub/Braille_generator_FPGA/uvm/CNN_UVM.srcs/sim_1/imports/new/base_test.sv(14) @ 0: uvm_test_top [cnn_test] build_phase(test_lib)uvm_test_top
UVM_INFO /home/goeun/gitHub/Braille_generator_FPGA/uvm/CNN_UVM.srcs/sim_1/imports/new/cnn_test.sv(12) @ 0: uvm_test_top [uvm_test_top] build_phase
UVM_INFO /home/goeun/gitHub/Braille_generator_FPGA/uvm/CNN_UVM.srcs/sim_1/imports/new/tb_env.sv(16) @ 0: uvm_test_top.tb [uvm_test_top.tb] build_phase
UVM_INFO /home/goeun/gitHub/Braille_generator_FPGA/uvm/CNN_UVM.srcs/sim_1/imports/new/apb_env.sv(15) @ 0: uvm_test_top.tb.apb [apb_env] [BUILD PHASE] APB ENV
UVM_INFO /home/goeun/gitHub/Braille_generator_FPGA/uvm/CNN_UVM.srcs/sim_1/imports/new/apb_agent.sv(24) @ 0: uvm_test_top.tb.apb.agent [apb_agent] [BUILD PHASE] APB AGENT 1
UVM_INFO /home/goeun/gitHub/Braille_generator_FPGA/uvm/CNN_UVM.srcs/sim_1/imports/new/apb_driver.sv(16) @ 0: uvm_test_top.tb.apb.agent.driver [apb_driver] [BUILD PHASE] apb_driver build
UVM_INFO /home/goeun/gitHub/Braille_generator_FPGA/uvm/CNN_UVM.srcs/sim_1/imports/new/apb_monitor.sv(23) @ 0: uvm_test_top.tb.apb.agent.monitor [apb_monitor] [BUILD PHASE] apb_monitor build phase
UVM_INFO /home/goeun/gitHub/Braille_generator_FPGA/uvm/CNN_UVM.srcs/sim_1/imports/new/scoreboard.sv(21) @ 0: uvm_test_top.tb.sb [scoreboard] [BUILD_PHASE] scoreboard build
UVM_INFO /home/goeun/gitHub/Braille_generator_FPGA/uvm/CNN_UVM.srcs/sim_1/imports/new/apb_agent.sv(29) @ 0: uvm_test_top.tb.apb.agent [apb_agent] [CONNECT PHASE] connect start
UVM_INFO /home/goeun/gitHub/Braille_generator_FPGA/uvm/CNN_UVM.srcs/sim_1/imports/new/tb_env.sv(21) @ 0: uvm_test_top.tb [uvm_test_top.tb] Connect phase complete.
UVM_INFO /media/goeun/E/Vivado/2022.2/data/system_verilog/uvm_1.2/xlnx_uvm_package.sv(20867) @ 0: reporter [UVM/COMP/NAMECHECK] This implementation of the component name checks requires DPI to be enabled
UVM_INFO /home/goeun/gitHub/Braille_generator_FPGA/uvm/CNN_UVM.srcs/sim_1/imports/new/cnn_test.sv(16) @ 0: uvm_test_top [uvm_test_top] run_phase
UVM_INFO /home/goeun/gitHub/Braille_generator_FPGA/uvm/CNN_UVM.srcs/sim_1/imports/new/scoreboard.sv(26) @ 0: uvm_test_top.tb.sb [scoreboard] [RUN_PHASE] scoreboard run_phase
UVM_INFO /home/goeun/gitHub/Braille_generator_FPGA/uvm/CNN_UVM.srcs/sim_1/imports/new/apb_monitor.sv(31) @ 0: uvm_test_top.tb.apb.agent.monitor [apb_monitor] run_phase
UVM_INFO /home/goeun/gitHub/Braille_generator_FPGA/uvm/CNN_UVM.srcs/sim_1/imports/new/apb_monitor.sv(38) @ 0: uvm_test_top.tb.apb.agent.monitor [uvm_test_top.tb.apb.agent.monitor] Run stage start.
UVM_INFO /home/goeun/gitHub/Braille_generator_FPGA/uvm/CNN_UVM.srcs/sim_1/imports/new/apb_driver.sv(20) @ 0: uvm_test_top.tb.apb.agent.driver [apb_driver] [RUN PHASE] driver run_phase start
UVM_INFO /home/goeun/gitHub/Braille_generator_FPGA/uvm/CNN_UVM.srcs/sim_1/imports/new/apb_driver.sv(40) @ 0: uvm_test_top.tb.apb.agent.driver [apb_driver] Drive signals ... 
UVM_INFO /home/goeun/gitHub/Braille_generator_FPGA/uvm/CNN_UVM.srcs/sim_1/imports/new/cnn_seq.sv(44) @ 0: uvm_test_top.tb.apb.agent.sequencer@@seq [cnn_sequence] cnn_seq body() start
UVM_INFO /home/goeun/gitHub/Braille_generator_FPGA/uvm/CNN_UVM.srcs/sim_1/imports/new/cnn_seq.sv(9) @ 0: uvm_test_top.tb.apb.agent.sequencer@@seq [cnn_sequence] [HW_WRITE] ADDR: 0x000, WDATA: 0x002
UVM_INFO /home/goeun/gitHub/Braille_generator_FPGA/uvm/CNN_UVM.srcs/sim_1/imports/new/apb_driver.sv(30) @ 1000: uvm_test_top.tb.apb.agent.driver [apb_driver] negedge apb_vif.PRESETN
UVM_INFO /home/goeun/gitHub/Braille_generator_FPGA/uvm/CNN_UVM.srcs/sim_1/imports/new/scoreboard.sv(94) @ 20000: uvm_test_top.tb.sb [scoreboard] [Packet] ADDR: 0x000, [DUT] ADDR: 0x000
UVM_INFO /home/goeun/gitHub/Braille_generator_FPGA/uvm/CNN_UVM.srcs/sim_1/imports/new/scoreboard.sv(98) @ 20000: uvm_test_top.tb.sb [scoreboard] [Packet] WDATA: 0x002, [DUT] WDATA: 0x002
UVM_INFO /home/goeun/gitHub/Braille_generator_FPGA/uvm/CNN_UVM.srcs/sim_1/imports/new/cnn_seq.sv(9) @ 35000: uvm_test_top.tb.apb.agent.sequencer@@seq [cnn_sequence] [HW_WRITE] ADDR: 0x008, WDATA: 0x004
UVM_INFO /home/goeun/gitHub/Braille_generator_FPGA/uvm/CNN_UVM.srcs/sim_1/imports/new/scoreboard.sv(94) @ 60000: uvm_test_top.tb.sb [scoreboard] [Packet] ADDR: 0x008, [DUT] ADDR: 0x008
UVM_INFO /home/goeun/gitHub/Braille_generator_FPGA/uvm/CNN_UVM.srcs/sim_1/imports/new/scoreboard.sv(98) @ 60000: uvm_test_top.tb.sb [scoreboard] [Packet] WDATA: 0x004, [DUT] WDATA: 0x004
UVM_INFO /home/goeun/gitHub/Braille_generator_FPGA/uvm/CNN_UVM.srcs/sim_1/imports/new/cnn_seq.sv(9) @ 75000: uvm_test_top.tb.apb.agent.sequencer@@seq [cnn_sequence] [HW_WRITE] ADDR: 0x004, WDATA: 0x001
UVM_INFO /home/goeun/gitHub/Braille_generator_FPGA/uvm/CNN_UVM.srcs/sim_1/imports/new/scoreboard.sv(94) @ 100000: uvm_test_top.tb.sb [scoreboard] [Packet] ADDR: 0x004, [DUT] ADDR: 0x004
UVM_INFO /home/goeun/gitHub/Braille_generator_FPGA/uvm/CNN_UVM.srcs/sim_1/imports/new/scoreboard.sv(98) @ 100000: uvm_test_top.tb.sb [scoreboard] [Packet] WDATA: 0x001, [DUT] WDATA: 0x001
UVM_INFO /home/goeun/gitHub/Braille_generator_FPGA/uvm/CNN_UVM.srcs/sim_1/imports/new/scoreboard.sv(54) @ 135000: uvm_test_top.tb.sb [scoreboard] Weight set to: 0x00
UVM_INFO /home/goeun/gitHub/Braille_generator_FPGA/uvm/CNN_UVM.srcs/sim_1/imports/new/scoreboard.sv(94) @ 140000: uvm_test_top.tb.sb [scoreboard] [Packet] ADDR: 0x000, [DUT] ADDR: 0x000
UVM_INFO /home/goeun/gitHub/Braille_generator_FPGA/uvm/CNN_UVM.srcs/sim_1/imports/new/scoreboard.sv(101) @ 140000: uvm_test_top.tb.sb [scoreboard] [Packet] RDATA: 0x002, [DUT] RDATA: 0x002
UVM_INFO /home/goeun/gitHub/Braille_generator_FPGA/uvm/CNN_UVM.srcs/sim_1/imports/new/cnn_seq.sv(26) @ 155000: uvm_test_top.tb.apb.agent.sequencer@@seq [cnn_sequence] [HW_READ] ADDR: 0x000, RDATA: 0x002
UVM_INFO /home/goeun/gitHub/Braille_generator_FPGA/uvm/CNN_UVM.srcs/sim_1/imports/new/scoreboard.sv(94) @ 180000: uvm_test_top.tb.sb [scoreboard] [Packet] ADDR: 0x008, [DUT] ADDR: 0x008
UVM_INFO /home/goeun/gitHub/Braille_generator_FPGA/uvm/CNN_UVM.srcs/sim_1/imports/new/scoreboard.sv(101) @ 180000: uvm_test_top.tb.sb [scoreboard] [Packet] RDATA: 0x004, [DUT] RDATA: 0x004
UVM_ERROR /home/goeun/gitHub/Braille_generator_FPGA/uvm/CNN_UVM.srcs/sim_1/imports/new/scoreboard.sv(76) @ 195000: uvm_test_top.tb.sb [scoreboard] [FAIL] fmap (0xxx) × weight (0x00) = 0xxxxx, but cnn_out = 0x0008
UVM_INFO /home/goeun/gitHub/Braille_generator_FPGA/uvm/CNN_UVM.srcs/sim_1/imports/new/cnn_seq.sv(26) @ 195000: uvm_test_top.tb.apb.agent.sequencer@@seq [cnn_sequence] [HW_READ] ADDR: 0x008, RDATA: 0x004
UVM_INFO /home/goeun/gitHub/Braille_generator_FPGA/uvm/CNN_UVM.srcs/sim_1/imports/new/scoreboard.sv(59) @ 215000: uvm_test_top.tb.sb [scoreboard] Fmap set to: 0x00
UVM_INFO /home/goeun/gitHub/Braille_generator_FPGA/uvm/CNN_UVM.srcs/sim_1/imports/new/scoreboard.sv(94) @ 220000: uvm_test_top.tb.sb [scoreboard] [Packet] ADDR: 0x004, [DUT] ADDR: 0x004
UVM_INFO /home/goeun/gitHub/Braille_generator_FPGA/uvm/CNN_UVM.srcs/sim_1/imports/new/scoreboard.sv(101) @ 220000: uvm_test_top.tb.sb [scoreboard] [Packet] RDATA: 0x001, [DUT] RDATA: 0x001
UVM_INFO /home/goeun/gitHub/Braille_generator_FPGA/uvm/CNN_UVM.srcs/sim_1/imports/new/cnn_seq.sv(26) @ 235000: uvm_test_top.tb.apb.agent.sequencer@@seq [cnn_sequence] [HW_READ] ADDR: 0x004, RDATA: 0x001
relaunch_sim: Time (s): cpu = 00:03:22 ; elapsed = 00:00:35 . Memory (MB): peak = 7130.613 ; gain = 0.000 ; free physical = 6469 ; free virtual = 12933
relaunch_sim
Command: launch_simulation -step compile -simset sim_1 -mode behavioral
INFO: [Vivado 12-12493] Simulation top is 'tb_top'
WARNING: [Vivado 12-13277] Compiled library path does not exist: ''
INFO: [Vivado 12-5682] Launching behavioral simulation in '/home/goeun/gitHub/Braille_generator_FPGA/uvm/CNN_UVM.sim/sim_1/behav/xsim'
INFO: [SIM-utils-51] Simulation object is 'sim_1'
INFO: [USF-XSim-2] XSim::Compile design
INFO: [USF-XSim-61] Executing 'COMPILE and ANALYZE' step in '/home/goeun/gitHub/Braille_generator_FPGA/uvm/CNN_UVM.sim/sim_1/behav/xsim'
xvlog --incr --relax -L uvm -L uvm -prj tb_top_vlog.prj
INFO: [VRFC 10-2263] Analyzing SystemVerilog file "/home/goeun/gitHub/Braille_generator_FPGA/uvm/CNN_UVM.srcs/sim_1/imports/new/apb_packet.sv" into library xil_defaultlib
INFO: [VRFC 10-2263] Analyzing SystemVerilog file "/home/goeun/gitHub/Braille_generator_FPGA/uvm/CNN_UVM.srcs/sim_1/imports/new/apb_monitor.sv" into library xil_defaultlib
INFO: [VRFC 10-2263] Analyzing SystemVerilog file "/home/goeun/gitHub/Braille_generator_FPGA/uvm/CNN_UVM.srcs/sim_1/imports/new/apb_driver.sv" into library xil_defaultlib
INFO: [VRFC 10-2263] Analyzing SystemVerilog file "/home/goeun/gitHub/Braille_generator_FPGA/uvm/CNN_UVM.srcs/sim_1/imports/new/apb_sequencer.sv" into library xil_defaultlib
INFO: [VRFC 10-2263] Analyzing SystemVerilog file "/home/goeun/gitHub/Braille_generator_FPGA/uvm/CNN_UVM.srcs/sim_1/imports/new/apb_agent.sv" into library xil_defaultlib
INFO: [VRFC 10-2263] Analyzing SystemVerilog file "/home/goeun/gitHub/Braille_generator_FPGA/uvm/CNN_UVM.srcs/sim_1/imports/new/apb_env.sv" into library xil_defaultlib
INFO: [VRFC 10-2263] Analyzing SystemVerilog file "/home/goeun/gitHub/Braille_generator_FPGA/uvm/CNN_UVM.srcs/sim_1/imports/new/scoreboard.sv" into library xil_defaultlib
INFO: [VRFC 10-2263] Analyzing SystemVerilog file "/home/goeun/gitHub/Braille_generator_FPGA/uvm/CNN_UVM.srcs/sim_1/imports/new/tb_env.sv" into library xil_defaultlib
INFO: [VRFC 10-2263] Analyzing SystemVerilog file "/home/goeun/gitHub/Braille_generator_FPGA/uvm/CNN_UVM.srcs/sim_1/new/cnn_seq.sv" into library xil_defaultlib
INFO: [VRFC 10-2263] Analyzing SystemVerilog file "/home/goeun/gitHub/Braille_generator_FPGA/uvm/CNN_UVM.srcs/sim_1/imports/new/tb_pkg.sv" into library xil_defaultlib
INFO: [VRFC 10-2263] Analyzing SystemVerilog file "/home/goeun/gitHub/Braille_generator_FPGA/uvm/CNN_UVM.srcs/sim_1/imports/new/tb_top.sv" into library xil_defaultlib
WARNING: [VRFC 10-3609] overwriting previous definition of package 'tb_pkg' [/home/goeun/gitHub/Braille_generator_FPGA/uvm/CNN_UVM.srcs/sim_1/imports/new/tb_pkg.sv:1]
INFO: [VRFC 10-311] analyzing module tb_top
Waiting for jobs to finish...
No pending jobs, compilation finished.
INFO: [USF-XSim-69] 'compile' step finished in '1' seconds
launch_simulation: Time (s): cpu = 00:00:14 ; elapsed = 00:00:12 . Memory (MB): peak = 7137.621 ; gain = 0.000 ; free physical = 6407 ; free virtual = 12872
Command: launch_simulation -step elaborate -simset sim_1 -mode behavioral
INFO: [Vivado 12-12493] Simulation top is 'tb_top'
WARNING: [Vivado 12-13277] Compiled library path does not exist: ''
INFO: [Vivado 12-5682] Launching behavioral simulation in '/home/goeun/gitHub/Braille_generator_FPGA/uvm/CNN_UVM.sim/sim_1/behav/xsim'
INFO: [SIM-utils-51] Simulation object is 'sim_1'
INFO: [USF-XSim-3] XSim::Elaborate design
INFO: [USF-XSim-61] Executing 'ELABORATE' step in '/home/goeun/gitHub/Braille_generator_FPGA/uvm/CNN_UVM.sim/sim_1/behav/xsim'
xelab --incr --debug typical --relax --mt 8 -L xil_defaultlib -L uvm -L unisims_ver -L unimacro_ver -L unisims_ver -L secureip --snapshot tb_top_behav xil_defaultlib.tb_top xil_defaultlib.glbl -log elaborate.log -L uvm
Vivado Simulator v2022.2
Copyright 1986-1999, 2001-2022 Xilinx, Inc. All Rights Reserved.
Running: /media/goeun/E/Vivado/2022.2/bin/unwrapped/lnx64.o/xelab --incr --debug typical --relax --mt 8 -L xil_defaultlib -L uvm -L unisims_ver -L unimacro_ver -L unisims_ver -L secureip --snapshot tb_top_behav xil_defaultlib.tb_top xil_defaultlib.glbl -log elaborate.log -L uvm 
Using 8 slave threads.
Starting static elaboration
Pass Through NonSizing Optimizer
WARNING: [VRFC 10-3597] non-void function 'get' called as a task without void casting [/home/goeun/gitHub/Braille_generator_FPGA/uvm/CNN_UVM.srcs/sim_1/imports/new/scoreboard.sv:19]
WARNING: [VRFC 10-3597] non-void function 'get' called as a task without void casting [/home/goeun/gitHub/Braille_generator_FPGA/uvm/CNN_UVM.srcs/sim_1/imports/new/scoreboard.sv:20]
Completed static elaboration
Starting simulation data flow analysis
WARNING: [XSIM 43-4099] "/proj/xbuilds/SWIP/9999.0_0921_2117/installs/lin64/Vivado/2023.1/data/system_verilog/uvm_1.2/xlnx_uvm_package.sv" Line 4356. Module uvm_pkg doesn't have a timescale but at least one module in design has a timescale.
WARNING: [XSIM 43-4099] "/proj/xbuilds/SWIP/9999.0_0921_2117/installs/lin64/Vivado/2023.1/data/system_verilog/uvm_1.2/xlnx_uvm_package.sv" Line 4356. Module uvm_pkg doesn't have a timescale but at least one module in design has a timescale.
WARNING: [XSIM 43-4468] File : /proj/xbuilds/SWIP/9999.0_0921_2117/installs/lin64/Vivado/2023.1/data/system_verilog/uvm_1.2/xlnx_uvm_package.sv, Line : 25994, RANDC variable size more than 8 bits. This will be treated as a RAND variable instead.
WARNING: [XSIM 43-4099] "/home/goeun/gitHub/Braille_generator_FPGA/uvm/CNN_UVM.srcs/sources_1/imports/new/top.v" Line 5. Module top doesn't have a timescale but at least one module in design has a timescale.
WARNING: [XSIM 43-4099] "/home/goeun/gitHub/Braille_generator_FPGA/uvm/CNN_UVM.srcs/sources_1/imports/new/apb3_ip.v" Line 11. Module custom_ip_APB3 doesn't have a timescale but at least one module in design has a timescale.
WARNING: [XSIM 43-4099] "/home/goeun/gitHub/Braille_generator_FPGA/uvm/CNN_UVM.srcs/sources_1/imports/new/cnn_kernel.v" Line 1. Module cnn_kernel doesn't have a timescale but at least one module in design has a timescale.
WARNING: [XSIM 43-4099] "/home/goeun/gitHub/Braille_generator_FPGA/uvm/CNN_UVM.srcs/sources_1/imports/new/top.v" Line 5. Module top doesn't have a timescale but at least one module in design has a timescale.
WARNING: [XSIM 43-4099] "/home/goeun/gitHub/Braille_generator_FPGA/uvm/CNN_UVM.srcs/sources_1/imports/new/apb3_ip.v" Line 11. Module custom_ip_APB3 doesn't have a timescale but at least one module in design has a timescale.
WARNING: [XSIM 43-4099] "/home/goeun/gitHub/Braille_generator_FPGA/uvm/CNN_UVM.srcs/sources_1/imports/new/cnn_kernel.v" Line 1. Module cnn_kernel doesn't have a timescale but at least one module in design has a timescale.
Completed simulation data flow analysis
Time Resolution for simulation is 1ps
Compiling package xil_defaultlib.$unit_apb_packet_sv_543708521
Compiling package uvm.uvm_pkg
Compiling package std.std
Compiling package xil_defaultlib.tb_pkg
Compiling module xil_defaultlib.apb_if
Compiling module xil_defaultlib.cnn_intf
Compiling module xil_defaultlib.custom_ip_APB3
Compiling module xil_defaultlib.cnn_kernel
Compiling module xil_defaultlib.top
Compiling module xil_defaultlib.tb_top
Compiling module xil_defaultlib.glbl
Built simulation snapshot tb_top_behav
execute_script: Time (s): cpu = 00:01:23 ; elapsed = 00:00:31 . Memory (MB): peak = 7137.621 ; gain = 0.000 ; free physical = 6405 ; free virtual = 12871
INFO: [USF-XSim-69] 'elaborate' step finished in '31' seconds
launch_simulation: Time (s): cpu = 00:01:23 ; elapsed = 00:00:31 . Memory (MB): peak = 7137.621 ; gain = 0.000 ; free physical = 6405 ; free virtual = 12871
Time resolution is 1 ps
UVM_INFO /media/goeun/E/Vivado/2022.2/data/system_verilog/uvm_1.2/xlnx_uvm_package.sv(18601) @ 0: reporter [UVM/RELNOTES] 
      (Specify +UVM_NO_RELNOTES to turn off this notice)
  with `UVM_OBJECT_DO_NOT_NEED_CONSTRUCTOR undefined.

  You are using a version of the UVM library that has been compiled
  with `UVM_NO_DEPRECATED undefined.

  You are using a version of the UVM library that has been compiled

  ***********       IMPORTANT RELEASE NOTES         ************
----------------------------------------------------------------
(C) 2013-2014 NVIDIA Corporation
(C) 2011-2013 Cypress Semiconductor Corp.
(C) 2006-2014 Synopsys, Inc.
(C) 2007-2014 Cadence Design Systems, Inc.
(C) 2007-2014 Mentor Graphics Corporation


----------------------------------------------------------------

UVM_WARNING @ 0: reporter [TPRGED] Type name 'apb_monitor' already registered with factory. No string-based lookup support for multiple types with the same type name.
UVM_WARNING @ 0: reporter [TPRGED] Type name 'apb_driver' already registered with factory. No string-based lookup support for multiple types with the same type name.
UVM_WARNING @ 0: reporter [TPRGED] Type name 'apb_sequencer' already registered with factory. No string-based lookup support for multiple types with the same type name.
UVM_WARNING @ 0: reporter [TPRGED] Type name 'apb_agent' already registered with factory. No string-based lookup support for multiple types with the same type name.
UVM_WARNING @ 0: reporter [TPRGED] Type name 'apb_env' already registered with factory. No string-based lookup support for multiple types with the same type name.
UVM_WARNING @ 0: reporter [TPRGED] Type name 'scoreboard' already registered with factory. No string-based lookup support for multiple types with the same type name.
UVM_WARNING @ 0: reporter [TPRGED] Type name 'tb_env' already registered with factory. No string-based lookup support for multiple types with the same type name.
UVM_WARNING @ 0: reporter [TPRGED] Type name 'apb_packet' already registered with factory. No string-based lookup support for multiple types with the same type name.
UVM_WARNING @ 0: reporter [TPRGED] Type name 'cnn_sequence' already registered with factory. No string-based lookup support for multiple types with the same type name.
UVM_INFO @ 0: reporter [RNTST] Running test cnn_test...
UVM_INFO /home/goeun/gitHub/Braille_generator_FPGA/uvm/CNN_UVM.srcs/sim_1/imports/new/base_test.sv(14) @ 0: uvm_test_top [cnn_test] build_phase(test_lib)uvm_test_top
UVM_INFO /home/goeun/gitHub/Braille_generator_FPGA/uvm/CNN_UVM.srcs/sim_1/imports/new/cnn_test.sv(12) @ 0: uvm_test_top [uvm_test_top] build_phase
UVM_INFO /home/goeun/gitHub/Braille_generator_FPGA/uvm/CNN_UVM.srcs/sim_1/imports/new/tb_env.sv(16) @ 0: uvm_test_top.tb [uvm_test_top.tb] build_phase
UVM_INFO /home/goeun/gitHub/Braille_generator_FPGA/uvm/CNN_UVM.srcs/sim_1/imports/new/apb_env.sv(15) @ 0: uvm_test_top.tb.apb [apb_env] [BUILD PHASE] APB ENV
UVM_INFO /home/goeun/gitHub/Braille_generator_FPGA/uvm/CNN_UVM.srcs/sim_1/imports/new/apb_agent.sv(24) @ 0: uvm_test_top.tb.apb.agent [apb_agent] [BUILD PHASE] APB AGENT 1
UVM_INFO /home/goeun/gitHub/Braille_generator_FPGA/uvm/CNN_UVM.srcs/sim_1/imports/new/apb_driver.sv(16) @ 0: uvm_test_top.tb.apb.agent.driver [apb_driver] [BUILD PHASE] apb_driver build
UVM_INFO /home/goeun/gitHub/Braille_generator_FPGA/uvm/CNN_UVM.srcs/sim_1/imports/new/apb_monitor.sv(23) @ 0: uvm_test_top.tb.apb.agent.monitor [apb_monitor] [BUILD PHASE] apb_monitor build phase
UVM_INFO /home/goeun/gitHub/Braille_generator_FPGA/uvm/CNN_UVM.srcs/sim_1/imports/new/scoreboard.sv(21) @ 0: uvm_test_top.tb.sb [scoreboard] [BUILD_PHASE] scoreboard build
UVM_INFO /home/goeun/gitHub/Braille_generator_FPGA/uvm/CNN_UVM.srcs/sim_1/imports/new/apb_agent.sv(29) @ 0: uvm_test_top.tb.apb.agent [apb_agent] [CONNECT PHASE] connect start
UVM_INFO /home/goeun/gitHub/Braille_generator_FPGA/uvm/CNN_UVM.srcs/sim_1/imports/new/tb_env.sv(21) @ 0: uvm_test_top.tb [uvm_test_top.tb] Connect phase complete.
UVM_INFO /media/goeun/E/Vivado/2022.2/data/system_verilog/uvm_1.2/xlnx_uvm_package.sv(20867) @ 0: reporter [UVM/COMP/NAMECHECK] This implementation of the component name checks requires DPI to be enabled
UVM_INFO /home/goeun/gitHub/Braille_generator_FPGA/uvm/CNN_UVM.srcs/sim_1/imports/new/cnn_test.sv(16) @ 0: uvm_test_top [uvm_test_top] run_phase
UVM_INFO /home/goeun/gitHub/Braille_generator_FPGA/uvm/CNN_UVM.srcs/sim_1/imports/new/scoreboard.sv(26) @ 0: uvm_test_top.tb.sb [scoreboard] [RUN_PHASE] scoreboard run_phase
UVM_INFO /home/goeun/gitHub/Braille_generator_FPGA/uvm/CNN_UVM.srcs/sim_1/imports/new/apb_monitor.sv(31) @ 0: uvm_test_top.tb.apb.agent.monitor [apb_monitor] run_phase
UVM_INFO /home/goeun/gitHub/Braille_generator_FPGA/uvm/CNN_UVM.srcs/sim_1/imports/new/apb_monitor.sv(38) @ 0: uvm_test_top.tb.apb.agent.monitor [uvm_test_top.tb.apb.agent.monitor] Run stage start.
UVM_INFO /home/goeun/gitHub/Braille_generator_FPGA/uvm/CNN_UVM.srcs/sim_1/imports/new/apb_driver.sv(20) @ 0: uvm_test_top.tb.apb.agent.driver [apb_driver] [RUN PHASE] driver run_phase start
UVM_INFO /home/goeun/gitHub/Braille_generator_FPGA/uvm/CNN_UVM.srcs/sim_1/imports/new/apb_driver.sv(40) @ 0: uvm_test_top.tb.apb.agent.driver [apb_driver] Drive signals ... 
UVM_INFO /home/goeun/gitHub/Braille_generator_FPGA/uvm/CNN_UVM.srcs/sim_1/imports/new/cnn_seq.sv(44) @ 0: uvm_test_top.tb.apb.agent.sequencer@@seq [cnn_sequence] cnn_seq body() start
UVM_INFO /home/goeun/gitHub/Braille_generator_FPGA/uvm/CNN_UVM.srcs/sim_1/imports/new/cnn_seq.sv(9) @ 0: uvm_test_top.tb.apb.agent.sequencer@@seq [cnn_sequence] [HW_WRITE] ADDR: 0x000, WDATA: 0x002
UVM_INFO /home/goeun/gitHub/Braille_generator_FPGA/uvm/CNN_UVM.srcs/sim_1/imports/new/apb_driver.sv(30) @ 1000: uvm_test_top.tb.apb.agent.driver [apb_driver] negedge apb_vif.PRESETN
UVM_INFO /home/goeun/gitHub/Braille_generator_FPGA/uvm/CNN_UVM.srcs/sim_1/imports/new/scoreboard.sv(94) @ 20000: uvm_test_top.tb.sb [scoreboard] [Packet] ADDR: 0x000, [DUT] ADDR: 0x000
UVM_INFO /home/goeun/gitHub/Braille_generator_FPGA/uvm/CNN_UVM.srcs/sim_1/imports/new/scoreboard.sv(98) @ 20000: uvm_test_top.tb.sb [scoreboard] [Packet] WDATA: 0x002, [DUT] WDATA: 0x002
UVM_INFO /home/goeun/gitHub/Braille_generator_FPGA/uvm/CNN_UVM.srcs/sim_1/imports/new/cnn_seq.sv(9) @ 35000: uvm_test_top.tb.apb.agent.sequencer@@seq [cnn_sequence] [HW_WRITE] ADDR: 0x008, WDATA: 0x004
UVM_INFO /home/goeun/gitHub/Braille_generator_FPGA/uvm/CNN_UVM.srcs/sim_1/imports/new/scoreboard.sv(94) @ 60000: uvm_test_top.tb.sb [scoreboard] [Packet] ADDR: 0x008, [DUT] ADDR: 0x008
UVM_INFO /home/goeun/gitHub/Braille_generator_FPGA/uvm/CNN_UVM.srcs/sim_1/imports/new/scoreboard.sv(98) @ 60000: uvm_test_top.tb.sb [scoreboard] [Packet] WDATA: 0x004, [DUT] WDATA: 0x004
UVM_INFO /home/goeun/gitHub/Braille_generator_FPGA/uvm/CNN_UVM.srcs/sim_1/imports/new/cnn_seq.sv(9) @ 75000: uvm_test_top.tb.apb.agent.sequencer@@seq [cnn_sequence] [HW_WRITE] ADDR: 0x004, WDATA: 0x001
UVM_INFO /home/goeun/gitHub/Braille_generator_FPGA/uvm/CNN_UVM.srcs/sim_1/imports/new/scoreboard.sv(94) @ 100000: uvm_test_top.tb.sb [scoreboard] [Packet] ADDR: 0x004, [DUT] ADDR: 0x004
UVM_INFO /home/goeun/gitHub/Braille_generator_FPGA/uvm/CNN_UVM.srcs/sim_1/imports/new/scoreboard.sv(98) @ 100000: uvm_test_top.tb.sb [scoreboard] [Packet] WDATA: 0x001, [DUT] WDATA: 0x001
UVM_INFO /home/goeun/gitHub/Braille_generator_FPGA/uvm/CNN_UVM.srcs/sim_1/imports/new/scoreboard.sv(54) @ 135000: uvm_test_top.tb.sb [scoreboard] Weight set to: 0x00
UVM_INFO /home/goeun/gitHub/Braille_generator_FPGA/uvm/CNN_UVM.srcs/sim_1/imports/new/scoreboard.sv(94) @ 140000: uvm_test_top.tb.sb [scoreboard] [Packet] ADDR: 0x000, [DUT] ADDR: 0x000
UVM_INFO /home/goeun/gitHub/Braille_generator_FPGA/uvm/CNN_UVM.srcs/sim_1/imports/new/scoreboard.sv(101) @ 140000: uvm_test_top.tb.sb [scoreboard] [Packet] RDATA: 0x002, [DUT] RDATA: 0x002
UVM_INFO /home/goeun/gitHub/Braille_generator_FPGA/uvm/CNN_UVM.srcs/sim_1/imports/new/cnn_seq.sv(26) @ 155000: uvm_test_top.tb.apb.agent.sequencer@@seq [cnn_sequence] [HW_READ] ADDR: 0x000, RDATA: 0x002
UVM_INFO /home/goeun/gitHub/Braille_generator_FPGA/uvm/CNN_UVM.srcs/sim_1/imports/new/scoreboard.sv(59) @ 175000: uvm_test_top.tb.sb [scoreboard] Fmap set to: 0x00
UVM_INFO /home/goeun/gitHub/Braille_generator_FPGA/uvm/CNN_UVM.srcs/sim_1/imports/new/scoreboard.sv(94) @ 180000: uvm_test_top.tb.sb [scoreboard] [Packet] ADDR: 0x008, [DUT] ADDR: 0x008
UVM_INFO /home/goeun/gitHub/Braille_generator_FPGA/uvm/CNN_UVM.srcs/sim_1/imports/new/scoreboard.sv(101) @ 180000: uvm_test_top.tb.sb [scoreboard] [Packet] RDATA: 0x004, [DUT] RDATA: 0x004
UVM_INFO /home/goeun/gitHub/Braille_generator_FPGA/uvm/CNN_UVM.srcs/sim_1/imports/new/cnn_seq.sv(26) @ 195000: uvm_test_top.tb.apb.agent.sequencer@@seq [cnn_sequence] [HW_READ] ADDR: 0x008, RDATA: 0x004
UVM_INFO /home/goeun/gitHub/Braille_generator_FPGA/uvm/CNN_UVM.srcs/sim_1/imports/new/scoreboard.sv(94) @ 220000: uvm_test_top.tb.sb [scoreboard] [Packet] ADDR: 0x004, [DUT] ADDR: 0x004
UVM_INFO /home/goeun/gitHub/Braille_generator_FPGA/uvm/CNN_UVM.srcs/sim_1/imports/new/scoreboard.sv(101) @ 220000: uvm_test_top.tb.sb [scoreboard] [Packet] RDATA: 0x001, [DUT] RDATA: 0x001
UVM_ERROR /home/goeun/gitHub/Braille_generator_FPGA/uvm/CNN_UVM.srcs/sim_1/imports/new/scoreboard.sv(76) @ 235000: uvm_test_top.tb.sb [scoreboard] [FAIL] fmap (0x00) × weight (0x00) = 0x0000, but cnn_out = 0x0008
UVM_INFO /home/goeun/gitHub/Braille_generator_FPGA/uvm/CNN_UVM.srcs/sim_1/imports/new/cnn_seq.sv(26) @ 235000: uvm_test_top.tb.apb.agent.sequencer@@seq [cnn_sequence] [HW_READ] ADDR: 0x004, RDATA: 0x001
relaunch_sim: Time (s): cpu = 00:01:38 ; elapsed = 00:00:44 . Memory (MB): peak = 7145.621 ; gain = 8.000 ; free physical = 6412 ; free virtual = 12878
relaunch_sim
Command: launch_simulation -step compile -simset sim_1 -mode behavioral
INFO: [Vivado 12-12493] Simulation top is 'tb_top'
WARNING: [Vivado 12-13277] Compiled library path does not exist: ''
INFO: [Vivado 12-5682] Launching behavioral simulation in '/home/goeun/gitHub/Braille_generator_FPGA/uvm/CNN_UVM.sim/sim_1/behav/xsim'
INFO: [SIM-utils-51] Simulation object is 'sim_1'
INFO: [USF-XSim-2] XSim::Compile design
INFO: [USF-XSim-61] Executing 'COMPILE and ANALYZE' step in '/home/goeun/gitHub/Braille_generator_FPGA/uvm/CNN_UVM.sim/sim_1/behav/xsim'
xvlog --incr --relax -L uvm -L uvm -prj tb_top_vlog.prj
Waiting for jobs to finish...
No pending jobs, compilation finished.
INFO: [USF-XSim-69] 'compile' step finished in '2' seconds
Command: launch_simulation -step elaborate -simset sim_1 -mode behavioral
INFO: [Vivado 12-12493] Simulation top is 'tb_top'
WARNING: [Vivado 12-13277] Compiled library path does not exist: ''
INFO: [Vivado 12-5682] Launching behavioral simulation in '/home/goeun/gitHub/Braille_generator_FPGA/uvm/CNN_UVM.sim/sim_1/behav/xsim'
INFO: [SIM-utils-51] Simulation object is 'sim_1'
INFO: [USF-XSim-3] XSim::Elaborate design
INFO: [USF-XSim-61] Executing 'ELABORATE' step in '/home/goeun/gitHub/Braille_generator_FPGA/uvm/CNN_UVM.sim/sim_1/behav/xsim'
xelab --incr --debug typical --relax --mt 8 -L xil_defaultlib -L uvm -L unisims_ver -L unimacro_ver -L unisims_ver -L secureip --snapshot tb_top_behav xil_defaultlib.tb_top xil_defaultlib.glbl -log elaborate.log -L uvm
Vivado Simulator v2022.2
Copyright 1986-1999, 2001-2022 Xilinx, Inc. All Rights Reserved.
Running: /media/goeun/E/Vivado/2022.2/bin/unwrapped/lnx64.o/xelab --incr --debug typical --relax --mt 8 -L xil_defaultlib -L uvm -L unisims_ver -L unimacro_ver -L unisims_ver -L secureip --snapshot tb_top_behav xil_defaultlib.tb_top xil_defaultlib.glbl -log elaborate.log -L uvm 
Using 8 slave threads.
Starting static elaboration
Pass Through NonSizing Optimizer
WARNING: [VRFC 10-3597] non-void function 'get' called as a task without void casting [/home/goeun/gitHub/Braille_generator_FPGA/uvm/CNN_UVM.srcs/sim_1/imports/new/scoreboard.sv:19]
WARNING: [VRFC 10-3597] non-void function 'get' called as a task without void casting [/home/goeun/gitHub/Braille_generator_FPGA/uvm/CNN_UVM.srcs/sim_1/imports/new/scoreboard.sv:20]
Completed static elaboration
INFO: [XSIM 43-4323] No Change in HDL. Linking previously generated obj files to create kernel
INFO: [USF-XSim-69] 'elaborate' step finished in '5' seconds
launch_simulation: Time (s): cpu = 00:00:05 ; elapsed = 00:00:05 . Memory (MB): peak = 7146.621 ; gain = 0.000 ; free physical = 6402 ; free virtual = 12860
Time resolution is 1 ps
UVM_INFO /media/goeun/E/Vivado/2022.2/data/system_verilog/uvm_1.2/xlnx_uvm_package.sv(18601) @ 0: reporter [UVM/RELNOTES] 
      (Specify +UVM_NO_RELNOTES to turn off this notice)
  with `UVM_OBJECT_DO_NOT_NEED_CONSTRUCTOR undefined.

  You are using a version of the UVM library that has been compiled
  with `UVM_NO_DEPRECATED undefined.

  You are using a version of the UVM library that has been compiled

  ***********       IMPORTANT RELEASE NOTES         ************
----------------------------------------------------------------
(C) 2013-2014 NVIDIA Corporation
(C) 2011-2013 Cypress Semiconductor Corp.
(C) 2006-2014 Synopsys, Inc.
(C) 2007-2014 Cadence Design Systems, Inc.
(C) 2007-2014 Mentor Graphics Corporation


----------------------------------------------------------------

UVM_WARNING @ 0: reporter [TPRGED] Type name 'apb_monitor' already registered with factory. No string-based lookup support for multiple types with the same type name.
UVM_WARNING @ 0: reporter [TPRGED] Type name 'apb_driver' already registered with factory. No string-based lookup support for multiple types with the same type name.
UVM_WARNING @ 0: reporter [TPRGED] Type name 'apb_sequencer' already registered with factory. No string-based lookup support for multiple types with the same type name.
UVM_WARNING @ 0: reporter [TPRGED] Type name 'apb_agent' already registered with factory. No string-based lookup support for multiple types with the same type name.
UVM_WARNING @ 0: reporter [TPRGED] Type name 'apb_env' already registered with factory. No string-based lookup support for multiple types with the same type name.
UVM_WARNING @ 0: reporter [TPRGED] Type name 'scoreboard' already registered with factory. No string-based lookup support for multiple types with the same type name.
UVM_WARNING @ 0: reporter [TPRGED] Type name 'tb_env' already registered with factory. No string-based lookup support for multiple types with the same type name.
UVM_WARNING @ 0: reporter [TPRGED] Type name 'apb_packet' already registered with factory. No string-based lookup support for multiple types with the same type name.
UVM_WARNING @ 0: reporter [TPRGED] Type name 'cnn_sequence' already registered with factory. No string-based lookup support for multiple types with the same type name.
UVM_INFO @ 0: reporter [RNTST] Running test cnn_test...
UVM_INFO /home/goeun/gitHub/Braille_generator_FPGA/uvm/CNN_UVM.srcs/sim_1/imports/new/base_test.sv(14) @ 0: uvm_test_top [cnn_test] build_phase(test_lib)uvm_test_top
UVM_INFO /home/goeun/gitHub/Braille_generator_FPGA/uvm/CNN_UVM.srcs/sim_1/imports/new/cnn_test.sv(12) @ 0: uvm_test_top [uvm_test_top] build_phase
UVM_INFO /home/goeun/gitHub/Braille_generator_FPGA/uvm/CNN_UVM.srcs/sim_1/imports/new/tb_env.sv(16) @ 0: uvm_test_top.tb [uvm_test_top.tb] build_phase
UVM_INFO /home/goeun/gitHub/Braille_generator_FPGA/uvm/CNN_UVM.srcs/sim_1/imports/new/apb_env.sv(15) @ 0: uvm_test_top.tb.apb [apb_env] [BUILD PHASE] APB ENV
UVM_INFO /home/goeun/gitHub/Braille_generator_FPGA/uvm/CNN_UVM.srcs/sim_1/imports/new/apb_agent.sv(24) @ 0: uvm_test_top.tb.apb.agent [apb_agent] [BUILD PHASE] APB AGENT 1
UVM_INFO /home/goeun/gitHub/Braille_generator_FPGA/uvm/CNN_UVM.srcs/sim_1/imports/new/apb_driver.sv(16) @ 0: uvm_test_top.tb.apb.agent.driver [apb_driver] [BUILD PHASE] apb_driver build
UVM_INFO /home/goeun/gitHub/Braille_generator_FPGA/uvm/CNN_UVM.srcs/sim_1/imports/new/apb_monitor.sv(23) @ 0: uvm_test_top.tb.apb.agent.monitor [apb_monitor] [BUILD PHASE] apb_monitor build phase
UVM_INFO /home/goeun/gitHub/Braille_generator_FPGA/uvm/CNN_UVM.srcs/sim_1/imports/new/scoreboard.sv(21) @ 0: uvm_test_top.tb.sb [scoreboard] [BUILD_PHASE] scoreboard build
UVM_INFO /home/goeun/gitHub/Braille_generator_FPGA/uvm/CNN_UVM.srcs/sim_1/imports/new/apb_agent.sv(29) @ 0: uvm_test_top.tb.apb.agent [apb_agent] [CONNECT PHASE] connect start
UVM_INFO /home/goeun/gitHub/Braille_generator_FPGA/uvm/CNN_UVM.srcs/sim_1/imports/new/tb_env.sv(21) @ 0: uvm_test_top.tb [uvm_test_top.tb] Connect phase complete.
UVM_INFO /media/goeun/E/Vivado/2022.2/data/system_verilog/uvm_1.2/xlnx_uvm_package.sv(20867) @ 0: reporter [UVM/COMP/NAMECHECK] This implementation of the component name checks requires DPI to be enabled
UVM_INFO /home/goeun/gitHub/Braille_generator_FPGA/uvm/CNN_UVM.srcs/sim_1/imports/new/cnn_test.sv(16) @ 0: uvm_test_top [uvm_test_top] run_phase
UVM_INFO /home/goeun/gitHub/Braille_generator_FPGA/uvm/CNN_UVM.srcs/sim_1/imports/new/scoreboard.sv(26) @ 0: uvm_test_top.tb.sb [scoreboard] [RUN_PHASE] scoreboard run_phase
UVM_INFO /home/goeun/gitHub/Braille_generator_FPGA/uvm/CNN_UVM.srcs/sim_1/imports/new/apb_monitor.sv(31) @ 0: uvm_test_top.tb.apb.agent.monitor [apb_monitor] run_phase
UVM_INFO /home/goeun/gitHub/Braille_generator_FPGA/uvm/CNN_UVM.srcs/sim_1/imports/new/apb_monitor.sv(38) @ 0: uvm_test_top.tb.apb.agent.monitor [uvm_test_top.tb.apb.agent.monitor] Run stage start.
UVM_INFO /home/goeun/gitHub/Braille_generator_FPGA/uvm/CNN_UVM.srcs/sim_1/imports/new/apb_driver.sv(20) @ 0: uvm_test_top.tb.apb.agent.driver [apb_driver] [RUN PHASE] driver run_phase start
UVM_INFO /home/goeun/gitHub/Braille_generator_FPGA/uvm/CNN_UVM.srcs/sim_1/imports/new/apb_driver.sv(40) @ 0: uvm_test_top.tb.apb.agent.driver [apb_driver] Drive signals ... 
UVM_INFO /home/goeun/gitHub/Braille_generator_FPGA/uvm/CNN_UVM.srcs/sim_1/imports/new/cnn_seq.sv(44) @ 0: uvm_test_top.tb.apb.agent.sequencer@@seq [cnn_sequence] cnn_seq body() start
UVM_INFO /home/goeun/gitHub/Braille_generator_FPGA/uvm/CNN_UVM.srcs/sim_1/imports/new/cnn_seq.sv(9) @ 0: uvm_test_top.tb.apb.agent.sequencer@@seq [cnn_sequence] [HW_WRITE] ADDR: 0x000, WDATA: 0x002
UVM_INFO /home/goeun/gitHub/Braille_generator_FPGA/uvm/CNN_UVM.srcs/sim_1/imports/new/apb_driver.sv(30) @ 1000: uvm_test_top.tb.apb.agent.driver [apb_driver] negedge apb_vif.PRESETN
UVM_INFO /home/goeun/gitHub/Braille_generator_FPGA/uvm/CNN_UVM.srcs/sim_1/imports/new/scoreboard.sv(94) @ 20000: uvm_test_top.tb.sb [scoreboard] [Packet] ADDR: 0x000, [DUT] ADDR: 0x000
UVM_INFO /home/goeun/gitHub/Braille_generator_FPGA/uvm/CNN_UVM.srcs/sim_1/imports/new/scoreboard.sv(98) @ 20000: uvm_test_top.tb.sb [scoreboard] [Packet] WDATA: 0x002, [DUT] WDATA: 0x002
UVM_INFO /home/goeun/gitHub/Braille_generator_FPGA/uvm/CNN_UVM.srcs/sim_1/imports/new/cnn_seq.sv(9) @ 35000: uvm_test_top.tb.apb.agent.sequencer@@seq [cnn_sequence] [HW_WRITE] ADDR: 0x008, WDATA: 0x004
UVM_INFO /home/goeun/gitHub/Braille_generator_FPGA/uvm/CNN_UVM.srcs/sim_1/imports/new/scoreboard.sv(94) @ 60000: uvm_test_top.tb.sb [scoreboard] [Packet] ADDR: 0x008, [DUT] ADDR: 0x008
UVM_INFO /home/goeun/gitHub/Braille_generator_FPGA/uvm/CNN_UVM.srcs/sim_1/imports/new/scoreboard.sv(98) @ 60000: uvm_test_top.tb.sb [scoreboard] [Packet] WDATA: 0x004, [DUT] WDATA: 0x004
UVM_INFO /home/goeun/gitHub/Braille_generator_FPGA/uvm/CNN_UVM.srcs/sim_1/imports/new/cnn_seq.sv(9) @ 75000: uvm_test_top.tb.apb.agent.sequencer@@seq [cnn_sequence] [HW_WRITE] ADDR: 0x004, WDATA: 0x001
UVM_INFO /home/goeun/gitHub/Braille_generator_FPGA/uvm/CNN_UVM.srcs/sim_1/imports/new/scoreboard.sv(94) @ 100000: uvm_test_top.tb.sb [scoreboard] [Packet] ADDR: 0x004, [DUT] ADDR: 0x004
UVM_INFO /home/goeun/gitHub/Braille_generator_FPGA/uvm/CNN_UVM.srcs/sim_1/imports/new/scoreboard.sv(98) @ 100000: uvm_test_top.tb.sb [scoreboard] [Packet] WDATA: 0x001, [DUT] WDATA: 0x001
UVM_INFO /home/goeun/gitHub/Braille_generator_FPGA/uvm/CNN_UVM.srcs/sim_1/imports/new/scoreboard.sv(54) @ 135000: uvm_test_top.tb.sb [scoreboard] Weight set to: 0x00
UVM_INFO /home/goeun/gitHub/Braille_generator_FPGA/uvm/CNN_UVM.srcs/sim_1/imports/new/scoreboard.sv(94) @ 140000: uvm_test_top.tb.sb [scoreboard] [Packet] ADDR: 0x000, [DUT] ADDR: 0x000
UVM_INFO /home/goeun/gitHub/Braille_generator_FPGA/uvm/CNN_UVM.srcs/sim_1/imports/new/scoreboard.sv(101) @ 140000: uvm_test_top.tb.sb [scoreboard] [Packet] RDATA: 0x002, [DUT] RDATA: 0x002
UVM_INFO /home/goeun/gitHub/Braille_generator_FPGA/uvm/CNN_UVM.srcs/sim_1/imports/new/cnn_seq.sv(26) @ 155000: uvm_test_top.tb.apb.agent.sequencer@@seq [cnn_sequence] [HW_READ] ADDR: 0x000, RDATA: 0x002
UVM_INFO /home/goeun/gitHub/Braille_generator_FPGA/uvm/CNN_UVM.srcs/sim_1/imports/new/scoreboard.sv(59) @ 175000: uvm_test_top.tb.sb [scoreboard] Fmap set to: 0x00
UVM_INFO /home/goeun/gitHub/Braille_generator_FPGA/uvm/CNN_UVM.srcs/sim_1/imports/new/scoreboard.sv(94) @ 180000: uvm_test_top.tb.sb [scoreboard] [Packet] ADDR: 0x008, [DUT] ADDR: 0x008
UVM_INFO /home/goeun/gitHub/Braille_generator_FPGA/uvm/CNN_UVM.srcs/sim_1/imports/new/scoreboard.sv(101) @ 180000: uvm_test_top.tb.sb [scoreboard] [Packet] RDATA: 0x004, [DUT] RDATA: 0x004
UVM_INFO /home/goeun/gitHub/Braille_generator_FPGA/uvm/CNN_UVM.srcs/sim_1/imports/new/cnn_seq.sv(26) @ 195000: uvm_test_top.tb.apb.agent.sequencer@@seq [cnn_sequence] [HW_READ] ADDR: 0x008, RDATA: 0x004
UVM_INFO /home/goeun/gitHub/Braille_generator_FPGA/uvm/CNN_UVM.srcs/sim_1/imports/new/scoreboard.sv(94) @ 220000: uvm_test_top.tb.sb [scoreboard] [Packet] ADDR: 0x004, [DUT] ADDR: 0x004
UVM_INFO /home/goeun/gitHub/Braille_generator_FPGA/uvm/CNN_UVM.srcs/sim_1/imports/new/scoreboard.sv(101) @ 220000: uvm_test_top.tb.sb [scoreboard] [Packet] RDATA: 0x001, [DUT] RDATA: 0x001
UVM_ERROR /home/goeun/gitHub/Braille_generator_FPGA/uvm/CNN_UVM.srcs/sim_1/imports/new/scoreboard.sv(76) @ 235000: uvm_test_top.tb.sb [scoreboard] [FAIL] fmap (0x00) × weight (0x00) = 0x0000, but cnn_out = 0x0008
UVM_INFO /home/goeun/gitHub/Braille_generator_FPGA/uvm/CNN_UVM.srcs/sim_1/imports/new/cnn_seq.sv(26) @ 235000: uvm_test_top.tb.apb.agent.sequencer@@seq [cnn_sequence] [HW_READ] ADDR: 0x004, RDATA: 0x001
relaunch_sim: Time (s): cpu = 00:00:07 ; elapsed = 00:00:08 . Memory (MB): peak = 7146.621 ; gain = 0.000 ; free physical = 6401 ; free virtual = 12858
relaunch_sim
Command: launch_simulation -step compile -simset sim_1 -mode behavioral
INFO: [Vivado 12-12493] Simulation top is 'tb_top'
WARNING: [Vivado 12-13277] Compiled library path does not exist: ''
INFO: [Vivado 12-5682] Launching behavioral simulation in '/home/goeun/gitHub/Braille_generator_FPGA/uvm/CNN_UVM.sim/sim_1/behav/xsim'
INFO: [SIM-utils-51] Simulation object is 'sim_1'
INFO: [USF-XSim-2] XSim::Compile design
INFO: [USF-XSim-61] Executing 'COMPILE and ANALYZE' step in '/home/goeun/gitHub/Braille_generator_FPGA/uvm/CNN_UVM.sim/sim_1/behav/xsim'
xvlog --incr --relax -L uvm -L uvm -prj tb_top_vlog.prj
INFO: [VRFC 10-2263] Analyzing SystemVerilog file "/home/goeun/gitHub/Braille_generator_FPGA/uvm/CNN_UVM.srcs/sim_1/imports/new/apb_packet.sv" into library xil_defaultlib
INFO: [VRFC 10-2263] Analyzing SystemVerilog file "/home/goeun/gitHub/Braille_generator_FPGA/uvm/CNN_UVM.srcs/sim_1/imports/new/apb_monitor.sv" into library xil_defaultlib
INFO: [VRFC 10-2263] Analyzing SystemVerilog file "/home/goeun/gitHub/Braille_generator_FPGA/uvm/CNN_UVM.srcs/sim_1/imports/new/apb_driver.sv" into library xil_defaultlib
INFO: [VRFC 10-2263] Analyzing SystemVerilog file "/home/goeun/gitHub/Braille_generator_FPGA/uvm/CNN_UVM.srcs/sim_1/imports/new/apb_sequencer.sv" into library xil_defaultlib
INFO: [VRFC 10-2263] Analyzing SystemVerilog file "/home/goeun/gitHub/Braille_generator_FPGA/uvm/CNN_UVM.srcs/sim_1/imports/new/apb_agent.sv" into library xil_defaultlib
INFO: [VRFC 10-2263] Analyzing SystemVerilog file "/home/goeun/gitHub/Braille_generator_FPGA/uvm/CNN_UVM.srcs/sim_1/imports/new/apb_env.sv" into library xil_defaultlib
INFO: [VRFC 10-2263] Analyzing SystemVerilog file "/home/goeun/gitHub/Braille_generator_FPGA/uvm/CNN_UVM.srcs/sim_1/imports/new/scoreboard.sv" into library xil_defaultlib
INFO: [VRFC 10-2263] Analyzing SystemVerilog file "/home/goeun/gitHub/Braille_generator_FPGA/uvm/CNN_UVM.srcs/sim_1/imports/new/tb_env.sv" into library xil_defaultlib
INFO: [VRFC 10-2263] Analyzing SystemVerilog file "/home/goeun/gitHub/Braille_generator_FPGA/uvm/CNN_UVM.srcs/sim_1/new/cnn_seq.sv" into library xil_defaultlib
INFO: [VRFC 10-2263] Analyzing SystemVerilog file "/home/goeun/gitHub/Braille_generator_FPGA/uvm/CNN_UVM.srcs/sim_1/imports/new/tb_pkg.sv" into library xil_defaultlib
INFO: [VRFC 10-2263] Analyzing SystemVerilog file "/home/goeun/gitHub/Braille_generator_FPGA/uvm/CNN_UVM.srcs/sim_1/imports/new/tb_top.sv" into library xil_defaultlib
WARNING: [VRFC 10-3609] overwriting previous definition of package 'tb_pkg' [/home/goeun/gitHub/Braille_generator_FPGA/uvm/CNN_UVM.srcs/sim_1/imports/new/tb_pkg.sv:1]
INFO: [VRFC 10-311] analyzing module tb_top
Waiting for jobs to finish...
No pending jobs, compilation finished.
INFO: [USF-XSim-69] 'compile' step finished in '2' seconds
Command: launch_simulation -step elaborate -simset sim_1 -mode behavioral
INFO: [Vivado 12-12493] Simulation top is 'tb_top'
WARNING: [Vivado 12-13277] Compiled library path does not exist: ''
INFO: [Vivado 12-5682] Launching behavioral simulation in '/home/goeun/gitHub/Braille_generator_FPGA/uvm/CNN_UVM.sim/sim_1/behav/xsim'
INFO: [SIM-utils-51] Simulation object is 'sim_1'
INFO: [USF-XSim-3] XSim::Elaborate design
INFO: [USF-XSim-61] Executing 'ELABORATE' step in '/home/goeun/gitHub/Braille_generator_FPGA/uvm/CNN_UVM.sim/sim_1/behav/xsim'
xelab --incr --debug typical --relax --mt 8 -L xil_defaultlib -L uvm -L unisims_ver -L unimacro_ver -L unisims_ver -L secureip --snapshot tb_top_behav xil_defaultlib.tb_top xil_defaultlib.glbl -log elaborate.log -L uvm
Vivado Simulator v2022.2
Copyright 1986-1999, 2001-2022 Xilinx, Inc. All Rights Reserved.
Running: /media/goeun/E/Vivado/2022.2/bin/unwrapped/lnx64.o/xelab --incr --debug typical --relax --mt 8 -L xil_defaultlib -L uvm -L unisims_ver -L unimacro_ver -L unisims_ver -L secureip --snapshot tb_top_behav xil_defaultlib.tb_top xil_defaultlib.glbl -log elaborate.log -L uvm 
Using 8 slave threads.
Starting static elaboration
Pass Through NonSizing Optimizer
WARNING: [VRFC 10-3597] non-void function 'get' called as a task without void casting [/home/goeun/gitHub/Braille_generator_FPGA/uvm/CNN_UVM.srcs/sim_1/imports/new/scoreboard.sv:19]
WARNING: [VRFC 10-3597] non-void function 'get' called as a task without void casting [/home/goeun/gitHub/Braille_generator_FPGA/uvm/CNN_UVM.srcs/sim_1/imports/new/scoreboard.sv:20]
Completed static elaboration
Starting simulation data flow analysis
WARNING: [XSIM 43-4099] "/proj/xbuilds/SWIP/9999.0_0921_2117/installs/lin64/Vivado/2023.1/data/system_verilog/uvm_1.2/xlnx_uvm_package.sv" Line 4356. Module uvm_pkg doesn't have a timescale but at least one module in design has a timescale.
WARNING: [XSIM 43-4099] "/proj/xbuilds/SWIP/9999.0_0921_2117/installs/lin64/Vivado/2023.1/data/system_verilog/uvm_1.2/xlnx_uvm_package.sv" Line 4356. Module uvm_pkg doesn't have a timescale but at least one module in design has a timescale.
WARNING: [XSIM 43-4468] File : /proj/xbuilds/SWIP/9999.0_0921_2117/installs/lin64/Vivado/2023.1/data/system_verilog/uvm_1.2/xlnx_uvm_package.sv, Line : 25994, RANDC variable size more than 8 bits. This will be treated as a RAND variable instead.
WARNING: [XSIM 43-4099] "/home/goeun/gitHub/Braille_generator_FPGA/uvm/CNN_UVM.srcs/sources_1/imports/new/top.v" Line 5. Module top doesn't have a timescale but at least one module in design has a timescale.
WARNING: [XSIM 43-4099] "/home/goeun/gitHub/Braille_generator_FPGA/uvm/CNN_UVM.srcs/sources_1/imports/new/apb3_ip.v" Line 11. Module custom_ip_APB3 doesn't have a timescale but at least one module in design has a timescale.
WARNING: [XSIM 43-4099] "/home/goeun/gitHub/Braille_generator_FPGA/uvm/CNN_UVM.srcs/sources_1/imports/new/cnn_kernel.v" Line 1. Module cnn_kernel doesn't have a timescale but at least one module in design has a timescale.
WARNING: [XSIM 43-4099] "/home/goeun/gitHub/Braille_generator_FPGA/uvm/CNN_UVM.srcs/sources_1/imports/new/top.v" Line 5. Module top doesn't have a timescale but at least one module in design has a timescale.
WARNING: [XSIM 43-4099] "/home/goeun/gitHub/Braille_generator_FPGA/uvm/CNN_UVM.srcs/sources_1/imports/new/apb3_ip.v" Line 11. Module custom_ip_APB3 doesn't have a timescale but at least one module in design has a timescale.
WARNING: [XSIM 43-4099] "/home/goeun/gitHub/Braille_generator_FPGA/uvm/CNN_UVM.srcs/sources_1/imports/new/cnn_kernel.v" Line 1. Module cnn_kernel doesn't have a timescale but at least one module in design has a timescale.
Completed simulation data flow analysis
Time Resolution for simulation is 1ps
Compiling package xil_defaultlib.$unit_apb_packet_sv_543708521
Compiling package uvm.uvm_pkg
Compiling package std.std
Compiling package xil_defaultlib.tb_pkg
Compiling module xil_defaultlib.apb_if
Compiling module xil_defaultlib.cnn_intf
Compiling module xil_defaultlib.custom_ip_APB3
Compiling module xil_defaultlib.cnn_kernel
Compiling module xil_defaultlib.top
Compiling module xil_defaultlib.tb_top
Compiling module xil_defaultlib.glbl
Built simulation snapshot tb_top_behav
execute_script: Time (s): cpu = 00:01:23 ; elapsed = 00:00:31 . Memory (MB): peak = 7146.621 ; gain = 0.000 ; free physical = 6358 ; free virtual = 12829
INFO: [USF-XSim-69] 'elaborate' step finished in '31' seconds
launch_simulation: Time (s): cpu = 00:01:23 ; elapsed = 00:00:31 . Memory (MB): peak = 7146.621 ; gain = 0.000 ; free physical = 6358 ; free virtual = 12829
Time resolution is 1 ps
UVM_INFO /media/goeun/E/Vivado/2022.2/data/system_verilog/uvm_1.2/xlnx_uvm_package.sv(18601) @ 0: reporter [UVM/RELNOTES] 
      (Specify +UVM_NO_RELNOTES to turn off this notice)
  with `UVM_OBJECT_DO_NOT_NEED_CONSTRUCTOR undefined.

  You are using a version of the UVM library that has been compiled
  with `UVM_NO_DEPRECATED undefined.

  You are using a version of the UVM library that has been compiled

  ***********       IMPORTANT RELEASE NOTES         ************
----------------------------------------------------------------
(C) 2013-2014 NVIDIA Corporation
(C) 2011-2013 Cypress Semiconductor Corp.
(C) 2006-2014 Synopsys, Inc.
(C) 2007-2014 Cadence Design Systems, Inc.
(C) 2007-2014 Mentor Graphics Corporation


----------------------------------------------------------------

UVM_WARNING @ 0: reporter [TPRGED] Type name 'apb_monitor' already registered with factory. No string-based lookup support for multiple types with the same type name.
UVM_WARNING @ 0: reporter [TPRGED] Type name 'apb_driver' already registered with factory. No string-based lookup support for multiple types with the same type name.
UVM_WARNING @ 0: reporter [TPRGED] Type name 'apb_sequencer' already registered with factory. No string-based lookup support for multiple types with the same type name.
UVM_WARNING @ 0: reporter [TPRGED] Type name 'apb_agent' already registered with factory. No string-based lookup support for multiple types with the same type name.
UVM_WARNING @ 0: reporter [TPRGED] Type name 'apb_env' already registered with factory. No string-based lookup support for multiple types with the same type name.
UVM_WARNING @ 0: reporter [TPRGED] Type name 'scoreboard' already registered with factory. No string-based lookup support for multiple types with the same type name.
UVM_WARNING @ 0: reporter [TPRGED] Type name 'tb_env' already registered with factory. No string-based lookup support for multiple types with the same type name.
UVM_WARNING @ 0: reporter [TPRGED] Type name 'apb_packet' already registered with factory. No string-based lookup support for multiple types with the same type name.
UVM_WARNING @ 0: reporter [TPRGED] Type name 'cnn_sequence' already registered with factory. No string-based lookup support for multiple types with the same type name.
UVM_INFO @ 0: reporter [RNTST] Running test cnn_test...
UVM_INFO /home/goeun/gitHub/Braille_generator_FPGA/uvm/CNN_UVM.srcs/sim_1/imports/new/base_test.sv(14) @ 0: uvm_test_top [cnn_test] build_phase(test_lib)uvm_test_top
UVM_INFO /home/goeun/gitHub/Braille_generator_FPGA/uvm/CNN_UVM.srcs/sim_1/imports/new/cnn_test.sv(12) @ 0: uvm_test_top [uvm_test_top] build_phase
UVM_INFO /home/goeun/gitHub/Braille_generator_FPGA/uvm/CNN_UVM.srcs/sim_1/imports/new/tb_env.sv(16) @ 0: uvm_test_top.tb [uvm_test_top.tb] build_phase
UVM_INFO /home/goeun/gitHub/Braille_generator_FPGA/uvm/CNN_UVM.srcs/sim_1/imports/new/apb_env.sv(15) @ 0: uvm_test_top.tb.apb [apb_env] [BUILD PHASE] APB ENV
UVM_INFO /home/goeun/gitHub/Braille_generator_FPGA/uvm/CNN_UVM.srcs/sim_1/imports/new/apb_agent.sv(24) @ 0: uvm_test_top.tb.apb.agent [apb_agent] [BUILD PHASE] APB AGENT 1
UVM_INFO /home/goeun/gitHub/Braille_generator_FPGA/uvm/CNN_UVM.srcs/sim_1/imports/new/apb_driver.sv(16) @ 0: uvm_test_top.tb.apb.agent.driver [apb_driver] [BUILD PHASE] apb_driver build
UVM_INFO /home/goeun/gitHub/Braille_generator_FPGA/uvm/CNN_UVM.srcs/sim_1/imports/new/apb_monitor.sv(23) @ 0: uvm_test_top.tb.apb.agent.monitor [apb_monitor] [BUILD PHASE] apb_monitor build phase
UVM_INFO /home/goeun/gitHub/Braille_generator_FPGA/uvm/CNN_UVM.srcs/sim_1/imports/new/scoreboard.sv(21) @ 0: uvm_test_top.tb.sb [scoreboard] [BUILD_PHASE] scoreboard build
UVM_INFO /home/goeun/gitHub/Braille_generator_FPGA/uvm/CNN_UVM.srcs/sim_1/imports/new/apb_agent.sv(29) @ 0: uvm_test_top.tb.apb.agent [apb_agent] [CONNECT PHASE] connect start
UVM_INFO /home/goeun/gitHub/Braille_generator_FPGA/uvm/CNN_UVM.srcs/sim_1/imports/new/tb_env.sv(21) @ 0: uvm_test_top.tb [uvm_test_top.tb] Connect phase complete.
UVM_INFO /media/goeun/E/Vivado/2022.2/data/system_verilog/uvm_1.2/xlnx_uvm_package.sv(20867) @ 0: reporter [UVM/COMP/NAMECHECK] This implementation of the component name checks requires DPI to be enabled
UVM_INFO /home/goeun/gitHub/Braille_generator_FPGA/uvm/CNN_UVM.srcs/sim_1/imports/new/cnn_test.sv(16) @ 0: uvm_test_top [uvm_test_top] run_phase
UVM_INFO /home/goeun/gitHub/Braille_generator_FPGA/uvm/CNN_UVM.srcs/sim_1/imports/new/scoreboard.sv(26) @ 0: uvm_test_top.tb.sb [scoreboard] [RUN_PHASE] scoreboard run_phase
UVM_INFO /home/goeun/gitHub/Braille_generator_FPGA/uvm/CNN_UVM.srcs/sim_1/imports/new/apb_monitor.sv(31) @ 0: uvm_test_top.tb.apb.agent.monitor [apb_monitor] run_phase
UVM_INFO /home/goeun/gitHub/Braille_generator_FPGA/uvm/CNN_UVM.srcs/sim_1/imports/new/apb_monitor.sv(38) @ 0: uvm_test_top.tb.apb.agent.monitor [uvm_test_top.tb.apb.agent.monitor] Run stage start.
UVM_INFO /home/goeun/gitHub/Braille_generator_FPGA/uvm/CNN_UVM.srcs/sim_1/imports/new/apb_driver.sv(20) @ 0: uvm_test_top.tb.apb.agent.driver [apb_driver] [RUN PHASE] driver run_phase start
UVM_INFO /home/goeun/gitHub/Braille_generator_FPGA/uvm/CNN_UVM.srcs/sim_1/imports/new/apb_driver.sv(40) @ 0: uvm_test_top.tb.apb.agent.driver [apb_driver] Drive signals ... 
UVM_INFO /home/goeun/gitHub/Braille_generator_FPGA/uvm/CNN_UVM.srcs/sim_1/imports/new/cnn_seq.sv(44) @ 0: uvm_test_top.tb.apb.agent.sequencer@@seq [cnn_sequence] cnn_seq body() start
UVM_INFO /home/goeun/gitHub/Braille_generator_FPGA/uvm/CNN_UVM.srcs/sim_1/imports/new/cnn_seq.sv(9) @ 0: uvm_test_top.tb.apb.agent.sequencer@@seq [cnn_sequence] [HW_WRITE] ADDR: 0x000, WDATA: 0x002
UVM_INFO /home/goeun/gitHub/Braille_generator_FPGA/uvm/CNN_UVM.srcs/sim_1/imports/new/apb_driver.sv(30) @ 1000: uvm_test_top.tb.apb.agent.driver [apb_driver] negedge apb_vif.PRESETN
UVM_INFO /home/goeun/gitHub/Braille_generator_FPGA/uvm/CNN_UVM.srcs/sim_1/imports/new/scoreboard.sv(94) @ 20000: uvm_test_top.tb.sb [scoreboard] [Packet] ADDR: 0x000, [DUT] ADDR: 0x000
UVM_INFO /home/goeun/gitHub/Braille_generator_FPGA/uvm/CNN_UVM.srcs/sim_1/imports/new/scoreboard.sv(98) @ 20000: uvm_test_top.tb.sb [scoreboard] [Packet] WDATA: 0x002, [DUT] WDATA: 0x002
UVM_INFO /home/goeun/gitHub/Braille_generator_FPGA/uvm/CNN_UVM.srcs/sim_1/imports/new/cnn_seq.sv(9) @ 35000: uvm_test_top.tb.apb.agent.sequencer@@seq [cnn_sequence] [HW_WRITE] ADDR: 0x008, WDATA: 0x004
UVM_INFO /home/goeun/gitHub/Braille_generator_FPGA/uvm/CNN_UVM.srcs/sim_1/imports/new/scoreboard.sv(94) @ 60000: uvm_test_top.tb.sb [scoreboard] [Packet] ADDR: 0x008, [DUT] ADDR: 0x008
UVM_INFO /home/goeun/gitHub/Braille_generator_FPGA/uvm/CNN_UVM.srcs/sim_1/imports/new/scoreboard.sv(98) @ 60000: uvm_test_top.tb.sb [scoreboard] [Packet] WDATA: 0x004, [DUT] WDATA: 0x004
UVM_INFO /home/goeun/gitHub/Braille_generator_FPGA/uvm/CNN_UVM.srcs/sim_1/imports/new/cnn_seq.sv(9) @ 75000: uvm_test_top.tb.apb.agent.sequencer@@seq [cnn_sequence] [HW_WRITE] ADDR: 0x004, WDATA: 0x001
UVM_INFO /home/goeun/gitHub/Braille_generator_FPGA/uvm/CNN_UVM.srcs/sim_1/imports/new/scoreboard.sv(94) @ 100000: uvm_test_top.tb.sb [scoreboard] [Packet] ADDR: 0x004, [DUT] ADDR: 0x004
UVM_INFO /home/goeun/gitHub/Braille_generator_FPGA/uvm/CNN_UVM.srcs/sim_1/imports/new/scoreboard.sv(98) @ 100000: uvm_test_top.tb.sb [scoreboard] [Packet] WDATA: 0x001, [DUT] WDATA: 0x001
UVM_INFO /home/goeun/gitHub/Braille_generator_FPGA/uvm/CNN_UVM.srcs/sim_1/imports/new/scoreboard.sv(54) @ 135000: uvm_test_top.tb.sb [scoreboard] Weight set to: 0x00
UVM_INFO /home/goeun/gitHub/Braille_generator_FPGA/uvm/CNN_UVM.srcs/sim_1/imports/new/scoreboard.sv(94) @ 140000: uvm_test_top.tb.sb [scoreboard] [Packet] ADDR: 0x000, [DUT] ADDR: 0x000
UVM_INFO /home/goeun/gitHub/Braille_generator_FPGA/uvm/CNN_UVM.srcs/sim_1/imports/new/scoreboard.sv(101) @ 140000: uvm_test_top.tb.sb [scoreboard] [Packet] RDATA: 0x002, [DUT] RDATA: 0x002
UVM_INFO /home/goeun/gitHub/Braille_generator_FPGA/uvm/CNN_UVM.srcs/sim_1/imports/new/cnn_seq.sv(26) @ 155000: uvm_test_top.tb.apb.agent.sequencer@@seq [cnn_sequence] [HW_READ] ADDR: 0x000, RDATA: 0x002
UVM_INFO /home/goeun/gitHub/Braille_generator_FPGA/uvm/CNN_UVM.srcs/sim_1/imports/new/scoreboard.sv(59) @ 175000: uvm_test_top.tb.sb [scoreboard] Fmap set to: 0x00
UVM_INFO /home/goeun/gitHub/Braille_generator_FPGA/uvm/CNN_UVM.srcs/sim_1/imports/new/scoreboard.sv(94) @ 180000: uvm_test_top.tb.sb [scoreboard] [Packet] ADDR: 0x008, [DUT] ADDR: 0x008
UVM_INFO /home/goeun/gitHub/Braille_generator_FPGA/uvm/CNN_UVM.srcs/sim_1/imports/new/scoreboard.sv(101) @ 180000: uvm_test_top.tb.sb [scoreboard] [Packet] RDATA: 0x004, [DUT] RDATA: 0x004
UVM_INFO /home/goeun/gitHub/Braille_generator_FPGA/uvm/CNN_UVM.srcs/sim_1/imports/new/cnn_seq.sv(26) @ 195000: uvm_test_top.tb.apb.agent.sequencer@@seq [cnn_sequence] [HW_READ] ADDR: 0x008, RDATA: 0x004
UVM_INFO /home/goeun/gitHub/Braille_generator_FPGA/uvm/CNN_UVM.srcs/sim_1/imports/new/scoreboard.sv(94) @ 220000: uvm_test_top.tb.sb [scoreboard] [Packet] ADDR: 0x004, [DUT] ADDR: 0x004
UVM_INFO /home/goeun/gitHub/Braille_generator_FPGA/uvm/CNN_UVM.srcs/sim_1/imports/new/scoreboard.sv(101) @ 220000: uvm_test_top.tb.sb [scoreboard] [Packet] RDATA: 0x001, [DUT] RDATA: 0x001
UVM_ERROR /home/goeun/gitHub/Braille_generator_FPGA/uvm/CNN_UVM.srcs/sim_1/imports/new/scoreboard.sv(76) @ 235000: uvm_test_top.tb.sb [scoreboard] [FAIL] fmap (0x00) × weight (0x00) = 0x0000, but cnn_out = 0x0008
UVM_INFO /home/goeun/gitHub/Braille_generator_FPGA/uvm/CNN_UVM.srcs/sim_1/imports/new/cnn_seq.sv(26) @ 235000: uvm_test_top.tb.apb.agent.sequencer@@seq [cnn_sequence] [HW_READ] ADDR: 0x004, RDATA: 0x001
relaunch_sim: Time (s): cpu = 00:01:25 ; elapsed = 00:00:34 . Memory (MB): peak = 7146.621 ; gain = 0.000 ; free physical = 6392 ; free virtual = 12866
relaunch_sim
Command: launch_simulation -step compile -simset sim_1 -mode behavioral
INFO: [Vivado 12-12493] Simulation top is 'tb_top'
WARNING: [Vivado 12-13277] Compiled library path does not exist: ''
INFO: [Vivado 12-5682] Launching behavioral simulation in '/home/goeun/gitHub/Braille_generator_FPGA/uvm/CNN_UVM.sim/sim_1/behav/xsim'
INFO: [SIM-utils-51] Simulation object is 'sim_1'
INFO: [USF-XSim-2] XSim::Compile design
INFO: [USF-XSim-61] Executing 'COMPILE and ANALYZE' step in '/home/goeun/gitHub/Braille_generator_FPGA/uvm/CNN_UVM.sim/sim_1/behav/xsim'
xvlog --incr --relax -L uvm -L uvm -prj tb_top_vlog.prj
INFO: [VRFC 10-2263] Analyzing Verilog file "/home/goeun/gitHub/Braille_generator_FPGA/uvm/CNN_UVM.srcs/sources_1/imports/new/apb3_ip.v" into library xil_defaultlib
INFO: [VRFC 10-311] analyzing module custom_ip_APB3
INFO: [VRFC 10-2263] Analyzing Verilog file "/home/goeun/gitHub/Braille_generator_FPGA/uvm/CNN_UVM.srcs/sources_1/imports/new/top.v" into library xil_defaultlib
INFO: [VRFC 10-311] analyzing module custom_ip_APB3
WARNING: [VRFC 10-3609] overwriting previous definition of module 'custom_ip_APB3' [/home/goeun/gitHub/Braille_generator_FPGA/uvm/CNN_UVM.srcs/sources_1/imports/new/apb3_ip.v:11]
INFO: [VRFC 10-311] analyzing module cnn_kernel
INFO: [VRFC 10-311] analyzing module top
Waiting for jobs to finish...
No pending jobs, compilation finished.
INFO: [USF-XSim-69] 'compile' step finished in '1' seconds
launch_simulation: Time (s): cpu = 00:00:15 ; elapsed = 00:00:13 . Memory (MB): peak = 7153.629 ; gain = 0.000 ; free physical = 6400 ; free virtual = 12865
Command: launch_simulation -step elaborate -simset sim_1 -mode behavioral
INFO: [Vivado 12-12493] Simulation top is 'tb_top'
WARNING: [Vivado 12-13277] Compiled library path does not exist: ''
INFO: [Vivado 12-5682] Launching behavioral simulation in '/home/goeun/gitHub/Braille_generator_FPGA/uvm/CNN_UVM.sim/sim_1/behav/xsim'
INFO: [SIM-utils-51] Simulation object is 'sim_1'
INFO: [USF-XSim-3] XSim::Elaborate design
INFO: [USF-XSim-61] Executing 'ELABORATE' step in '/home/goeun/gitHub/Braille_generator_FPGA/uvm/CNN_UVM.sim/sim_1/behav/xsim'
xelab --incr --debug typical --relax --mt 8 -L xil_defaultlib -L uvm -L unisims_ver -L unimacro_ver -L unisims_ver -L secureip --snapshot tb_top_behav xil_defaultlib.tb_top xil_defaultlib.glbl -log elaborate.log -L uvm
Vivado Simulator v2022.2
Copyright 1986-1999, 2001-2022 Xilinx, Inc. All Rights Reserved.
Running: /media/goeun/E/Vivado/2022.2/bin/unwrapped/lnx64.o/xelab --incr --debug typical --relax --mt 8 -L xil_defaultlib -L uvm -L unisims_ver -L unimacro_ver -L unisims_ver -L secureip --snapshot tb_top_behav xil_defaultlib.tb_top xil_defaultlib.glbl -log elaborate.log -L uvm 
Using 8 slave threads.
Starting static elaboration
Pass Through NonSizing Optimizer
WARNING: [VRFC 10-3597] non-void function 'get' called as a task without void casting [/home/goeun/gitHub/Braille_generator_FPGA/uvm/CNN_UVM.srcs/sim_1/imports/new/scoreboard.sv:19]
WARNING: [VRFC 10-3597] non-void function 'get' called as a task without void casting [/home/goeun/gitHub/Braille_generator_FPGA/uvm/CNN_UVM.srcs/sim_1/imports/new/scoreboard.sv:20]
Completed static elaboration
Starting simulation data flow analysis
WARNING: [XSIM 43-4099] "/proj/xbuilds/SWIP/9999.0_0921_2117/installs/lin64/Vivado/2023.1/data/system_verilog/uvm_1.2/xlnx_uvm_package.sv" Line 4356. Module uvm_pkg doesn't have a timescale but at least one module in design has a timescale.
WARNING: [XSIM 43-4099] "/proj/xbuilds/SWIP/9999.0_0921_2117/installs/lin64/Vivado/2023.1/data/system_verilog/uvm_1.2/xlnx_uvm_package.sv" Line 4356. Module uvm_pkg doesn't have a timescale but at least one module in design has a timescale.
WARNING: [XSIM 43-4468] File : /proj/xbuilds/SWIP/9999.0_0921_2117/installs/lin64/Vivado/2023.1/data/system_verilog/uvm_1.2/xlnx_uvm_package.sv, Line : 25994, RANDC variable size more than 8 bits. This will be treated as a RAND variable instead.
WARNING: [XSIM 43-4099] "/home/goeun/gitHub/Braille_generator_FPGA/uvm/CNN_UVM.srcs/sources_1/imports/new/top.v" Line 5. Module top doesn't have a timescale but at least one module in design has a timescale.
WARNING: [XSIM 43-4099] "/home/goeun/gitHub/Braille_generator_FPGA/uvm/CNN_UVM.srcs/sources_1/imports/new/apb3_ip.v" Line 11. Module custom_ip_APB3 doesn't have a timescale but at least one module in design has a timescale.
WARNING: [XSIM 43-4099] "/home/goeun/gitHub/Braille_generator_FPGA/uvm/CNN_UVM.srcs/sources_1/imports/new/cnn_kernel.v" Line 1. Module cnn_kernel doesn't have a timescale but at least one module in design has a timescale.
WARNING: [XSIM 43-4099] "/home/goeun/gitHub/Braille_generator_FPGA/uvm/CNN_UVM.srcs/sources_1/imports/new/top.v" Line 5. Module top doesn't have a timescale but at least one module in design has a timescale.
WARNING: [XSIM 43-4099] "/home/goeun/gitHub/Braille_generator_FPGA/uvm/CNN_UVM.srcs/sources_1/imports/new/apb3_ip.v" Line 11. Module custom_ip_APB3 doesn't have a timescale but at least one module in design has a timescale.
WARNING: [XSIM 43-4099] "/home/goeun/gitHub/Braille_generator_FPGA/uvm/CNN_UVM.srcs/sources_1/imports/new/cnn_kernel.v" Line 1. Module cnn_kernel doesn't have a timescale but at least one module in design has a timescale.
Completed simulation data flow analysis
Time Resolution for simulation is 1ps
Compiling package xil_defaultlib.$unit_apb_packet_sv_543708521
Compiling package uvm.uvm_pkg
Compiling package std.std
Compiling package xil_defaultlib.tb_pkg
Compiling module xil_defaultlib.apb_if
Compiling module xil_defaultlib.cnn_intf
Compiling module xil_defaultlib.custom_ip_APB3
Compiling module xil_defaultlib.cnn_kernel
Compiling module xil_defaultlib.top
Compiling module xil_defaultlib.tb_top
Compiling module xil_defaultlib.glbl
Built simulation snapshot tb_top_behav
execute_script: Time (s): cpu = 00:01:23 ; elapsed = 00:00:31 . Memory (MB): peak = 7153.629 ; gain = 0.000 ; free physical = 6383 ; free virtual = 12848
INFO: [USF-XSim-69] 'elaborate' step finished in '31' seconds
launch_simulation: Time (s): cpu = 00:01:23 ; elapsed = 00:00:31 . Memory (MB): peak = 7153.629 ; gain = 0.000 ; free physical = 6383 ; free virtual = 12848
Time resolution is 1 ps
UVM_INFO /media/goeun/E/Vivado/2022.2/data/system_verilog/uvm_1.2/xlnx_uvm_package.sv(18601) @ 0: reporter [UVM/RELNOTES] 
      (Specify +UVM_NO_RELNOTES to turn off this notice)
  with `UVM_OBJECT_DO_NOT_NEED_CONSTRUCTOR undefined.

  You are using a version of the UVM library that has been compiled
  with `UVM_NO_DEPRECATED undefined.

  You are using a version of the UVM library that has been compiled

  ***********       IMPORTANT RELEASE NOTES         ************
----------------------------------------------------------------
(C) 2013-2014 NVIDIA Corporation
(C) 2011-2013 Cypress Semiconductor Corp.
(C) 2006-2014 Synopsys, Inc.
(C) 2007-2014 Cadence Design Systems, Inc.
(C) 2007-2014 Mentor Graphics Corporation


----------------------------------------------------------------

UVM_WARNING @ 0: reporter [TPRGED] Type name 'apb_monitor' already registered with factory. No string-based lookup support for multiple types with the same type name.
UVM_WARNING @ 0: reporter [TPRGED] Type name 'apb_driver' already registered with factory. No string-based lookup support for multiple types with the same type name.
UVM_WARNING @ 0: reporter [TPRGED] Type name 'apb_sequencer' already registered with factory. No string-based lookup support for multiple types with the same type name.
UVM_WARNING @ 0: reporter [TPRGED] Type name 'apb_agent' already registered with factory. No string-based lookup support for multiple types with the same type name.
UVM_WARNING @ 0: reporter [TPRGED] Type name 'apb_env' already registered with factory. No string-based lookup support for multiple types with the same type name.
UVM_WARNING @ 0: reporter [TPRGED] Type name 'scoreboard' already registered with factory. No string-based lookup support for multiple types with the same type name.
UVM_WARNING @ 0: reporter [TPRGED] Type name 'tb_env' already registered with factory. No string-based lookup support for multiple types with the same type name.
UVM_WARNING @ 0: reporter [TPRGED] Type name 'apb_packet' already registered with factory. No string-based lookup support for multiple types with the same type name.
UVM_WARNING @ 0: reporter [TPRGED] Type name 'cnn_sequence' already registered with factory. No string-based lookup support for multiple types with the same type name.
UVM_INFO @ 0: reporter [RNTST] Running test cnn_test...
UVM_INFO /home/goeun/gitHub/Braille_generator_FPGA/uvm/CNN_UVM.srcs/sim_1/imports/new/base_test.sv(14) @ 0: uvm_test_top [cnn_test] build_phase(test_lib)uvm_test_top
UVM_INFO /home/goeun/gitHub/Braille_generator_FPGA/uvm/CNN_UVM.srcs/sim_1/imports/new/cnn_test.sv(12) @ 0: uvm_test_top [uvm_test_top] build_phase
UVM_INFO /home/goeun/gitHub/Braille_generator_FPGA/uvm/CNN_UVM.srcs/sim_1/imports/new/tb_env.sv(16) @ 0: uvm_test_top.tb [uvm_test_top.tb] build_phase
UVM_INFO /home/goeun/gitHub/Braille_generator_FPGA/uvm/CNN_UVM.srcs/sim_1/imports/new/apb_env.sv(15) @ 0: uvm_test_top.tb.apb [apb_env] [BUILD PHASE] APB ENV
UVM_INFO /home/goeun/gitHub/Braille_generator_FPGA/uvm/CNN_UVM.srcs/sim_1/imports/new/apb_agent.sv(24) @ 0: uvm_test_top.tb.apb.agent [apb_agent] [BUILD PHASE] APB AGENT 1
UVM_INFO /home/goeun/gitHub/Braille_generator_FPGA/uvm/CNN_UVM.srcs/sim_1/imports/new/apb_driver.sv(16) @ 0: uvm_test_top.tb.apb.agent.driver [apb_driver] [BUILD PHASE] apb_driver build
UVM_INFO /home/goeun/gitHub/Braille_generator_FPGA/uvm/CNN_UVM.srcs/sim_1/imports/new/apb_monitor.sv(23) @ 0: uvm_test_top.tb.apb.agent.monitor [apb_monitor] [BUILD PHASE] apb_monitor build phase
UVM_INFO /home/goeun/gitHub/Braille_generator_FPGA/uvm/CNN_UVM.srcs/sim_1/imports/new/scoreboard.sv(21) @ 0: uvm_test_top.tb.sb [scoreboard] [BUILD_PHASE] scoreboard build
UVM_INFO /home/goeun/gitHub/Braille_generator_FPGA/uvm/CNN_UVM.srcs/sim_1/imports/new/apb_agent.sv(29) @ 0: uvm_test_top.tb.apb.agent [apb_agent] [CONNECT PHASE] connect start
UVM_INFO /home/goeun/gitHub/Braille_generator_FPGA/uvm/CNN_UVM.srcs/sim_1/imports/new/tb_env.sv(21) @ 0: uvm_test_top.tb [uvm_test_top.tb] Connect phase complete.
UVM_INFO /media/goeun/E/Vivado/2022.2/data/system_verilog/uvm_1.2/xlnx_uvm_package.sv(20867) @ 0: reporter [UVM/COMP/NAMECHECK] This implementation of the component name checks requires DPI to be enabled
UVM_INFO /home/goeun/gitHub/Braille_generator_FPGA/uvm/CNN_UVM.srcs/sim_1/imports/new/cnn_test.sv(16) @ 0: uvm_test_top [uvm_test_top] run_phase
UVM_INFO /home/goeun/gitHub/Braille_generator_FPGA/uvm/CNN_UVM.srcs/sim_1/imports/new/scoreboard.sv(26) @ 0: uvm_test_top.tb.sb [scoreboard] [RUN_PHASE] scoreboard run_phase
UVM_INFO /home/goeun/gitHub/Braille_generator_FPGA/uvm/CNN_UVM.srcs/sim_1/imports/new/apb_monitor.sv(31) @ 0: uvm_test_top.tb.apb.agent.monitor [apb_monitor] run_phase
UVM_INFO /home/goeun/gitHub/Braille_generator_FPGA/uvm/CNN_UVM.srcs/sim_1/imports/new/apb_monitor.sv(38) @ 0: uvm_test_top.tb.apb.agent.monitor [uvm_test_top.tb.apb.agent.monitor] Run stage start.
UVM_INFO /home/goeun/gitHub/Braille_generator_FPGA/uvm/CNN_UVM.srcs/sim_1/imports/new/apb_driver.sv(20) @ 0: uvm_test_top.tb.apb.agent.driver [apb_driver] [RUN PHASE] driver run_phase start
UVM_INFO /home/goeun/gitHub/Braille_generator_FPGA/uvm/CNN_UVM.srcs/sim_1/imports/new/apb_driver.sv(40) @ 0: uvm_test_top.tb.apb.agent.driver [apb_driver] Drive signals ... 
UVM_INFO /home/goeun/gitHub/Braille_generator_FPGA/uvm/CNN_UVM.srcs/sim_1/imports/new/cnn_seq.sv(44) @ 0: uvm_test_top.tb.apb.agent.sequencer@@seq [cnn_sequence] cnn_seq body() start
UVM_INFO /home/goeun/gitHub/Braille_generator_FPGA/uvm/CNN_UVM.srcs/sim_1/imports/new/cnn_seq.sv(9) @ 0: uvm_test_top.tb.apb.agent.sequencer@@seq [cnn_sequence] [HW_WRITE] ADDR: 0x000, WDATA: 0x002
UVM_INFO /home/goeun/gitHub/Braille_generator_FPGA/uvm/CNN_UVM.srcs/sim_1/imports/new/apb_driver.sv(30) @ 1000: uvm_test_top.tb.apb.agent.driver [apb_driver] negedge apb_vif.PRESETN
UVM_INFO /home/goeun/gitHub/Braille_generator_FPGA/uvm/CNN_UVM.srcs/sim_1/imports/new/scoreboard.sv(94) @ 20000: uvm_test_top.tb.sb [scoreboard] [Packet] ADDR: 0x000, [DUT] ADDR: 0x000
UVM_INFO /home/goeun/gitHub/Braille_generator_FPGA/uvm/CNN_UVM.srcs/sim_1/imports/new/scoreboard.sv(98) @ 20000: uvm_test_top.tb.sb [scoreboard] [Packet] WDATA: 0x002, [DUT] WDATA: 0x002
UVM_INFO /home/goeun/gitHub/Braille_generator_FPGA/uvm/CNN_UVM.srcs/sim_1/imports/new/cnn_seq.sv(9) @ 35000: uvm_test_top.tb.apb.agent.sequencer@@seq [cnn_sequence] [HW_WRITE] ADDR: 0x008, WDATA: 0x004
UVM_INFO /home/goeun/gitHub/Braille_generator_FPGA/uvm/CNN_UVM.srcs/sim_1/imports/new/scoreboard.sv(94) @ 60000: uvm_test_top.tb.sb [scoreboard] [Packet] ADDR: 0x008, [DUT] ADDR: 0x008
UVM_INFO /home/goeun/gitHub/Braille_generator_FPGA/uvm/CNN_UVM.srcs/sim_1/imports/new/scoreboard.sv(98) @ 60000: uvm_test_top.tb.sb [scoreboard] [Packet] WDATA: 0x004, [DUT] WDATA: 0x004
UVM_INFO /home/goeun/gitHub/Braille_generator_FPGA/uvm/CNN_UVM.srcs/sim_1/imports/new/cnn_seq.sv(9) @ 75000: uvm_test_top.tb.apb.agent.sequencer@@seq [cnn_sequence] [HW_WRITE] ADDR: 0x004, WDATA: 0x001
UVM_INFO /home/goeun/gitHub/Braille_generator_FPGA/uvm/CNN_UVM.srcs/sim_1/imports/new/scoreboard.sv(94) @ 100000: uvm_test_top.tb.sb [scoreboard] [Packet] ADDR: 0x004, [DUT] ADDR: 0x004
UVM_INFO /home/goeun/gitHub/Braille_generator_FPGA/uvm/CNN_UVM.srcs/sim_1/imports/new/scoreboard.sv(98) @ 100000: uvm_test_top.tb.sb [scoreboard] [Packet] WDATA: 0x001, [DUT] WDATA: 0x001
UVM_INFO /home/goeun/gitHub/Braille_generator_FPGA/uvm/CNN_UVM.srcs/sim_1/imports/new/scoreboard.sv(54) @ 135000: uvm_test_top.tb.sb [scoreboard] Weight set to: 0xxx
UVM_INFO /home/goeun/gitHub/Braille_generator_FPGA/uvm/CNN_UVM.srcs/sim_1/imports/new/scoreboard.sv(94) @ 140000: uvm_test_top.tb.sb [scoreboard] [Packet] ADDR: 0x000, [DUT] ADDR: 0x000
UVM_INFO /home/goeun/gitHub/Braille_generator_FPGA/uvm/CNN_UVM.srcs/sim_1/imports/new/scoreboard.sv(101) @ 140000: uvm_test_top.tb.sb [scoreboard] [Packet] RDATA: 0x002, [DUT] RDATA: 0x002
UVM_INFO /home/goeun/gitHub/Braille_generator_FPGA/uvm/CNN_UVM.srcs/sim_1/imports/new/cnn_seq.sv(26) @ 155000: uvm_test_top.tb.apb.agent.sequencer@@seq [cnn_sequence] [HW_READ] ADDR: 0x000, RDATA: 0x002
UVM_INFO /home/goeun/gitHub/Braille_generator_FPGA/uvm/CNN_UVM.srcs/sim_1/imports/new/scoreboard.sv(59) @ 175000: uvm_test_top.tb.sb [scoreboard] Fmap set to: 0x02
UVM_INFO /home/goeun/gitHub/Braille_generator_FPGA/uvm/CNN_UVM.srcs/sim_1/imports/new/scoreboard.sv(94) @ 180000: uvm_test_top.tb.sb [scoreboard] [Packet] ADDR: 0x008, [DUT] ADDR: 0x008
UVM_INFO /home/goeun/gitHub/Braille_generator_FPGA/uvm/CNN_UVM.srcs/sim_1/imports/new/scoreboard.sv(101) @ 180000: uvm_test_top.tb.sb [scoreboard] [Packet] RDATA: 0x004, [DUT] RDATA: 0x004
UVM_INFO /home/goeun/gitHub/Braille_generator_FPGA/uvm/CNN_UVM.srcs/sim_1/imports/new/cnn_seq.sv(26) @ 195000: uvm_test_top.tb.apb.agent.sequencer@@seq [cnn_sequence] [HW_READ] ADDR: 0x008, RDATA: 0x004
UVM_INFO /home/goeun/gitHub/Braille_generator_FPGA/uvm/CNN_UVM.srcs/sim_1/imports/new/scoreboard.sv(94) @ 220000: uvm_test_top.tb.sb [scoreboard] [Packet] ADDR: 0x004, [DUT] ADDR: 0x004
UVM_INFO /home/goeun/gitHub/Braille_generator_FPGA/uvm/CNN_UVM.srcs/sim_1/imports/new/scoreboard.sv(101) @ 220000: uvm_test_top.tb.sb [scoreboard] [Packet] RDATA: 0x001, [DUT] RDATA: 0x001
UVM_ERROR /home/goeun/gitHub/Braille_generator_FPGA/uvm/CNN_UVM.srcs/sim_1/imports/new/scoreboard.sv(76) @ 235000: uvm_test_top.tb.sb [scoreboard] [FAIL] fmap (0x02) × weight (0xxx) = 0xxxxx, but cnn_out = 0x0008
UVM_INFO /home/goeun/gitHub/Braille_generator_FPGA/uvm/CNN_UVM.srcs/sim_1/imports/new/cnn_seq.sv(26) @ 235000: uvm_test_top.tb.apb.agent.sequencer@@seq [cnn_sequence] [HW_READ] ADDR: 0x004, RDATA: 0x001
relaunch_sim: Time (s): cpu = 00:01:40 ; elapsed = 00:00:46 . Memory (MB): peak = 7163.629 ; gain = 10.000 ; free physical = 6380 ; free virtual = 12845
relaunch_sim
Command: launch_simulation -step compile -simset sim_1 -mode behavioral
INFO: [Vivado 12-12493] Simulation top is 'tb_top'
WARNING: [Vivado 12-13277] Compiled library path does not exist: ''
INFO: [Vivado 12-5682] Launching behavioral simulation in '/home/goeun/gitHub/Braille_generator_FPGA/uvm/CNN_UVM.sim/sim_1/behav/xsim'
INFO: [SIM-utils-51] Simulation object is 'sim_1'
INFO: [USF-XSim-2] XSim::Compile design
INFO: [USF-XSim-61] Executing 'COMPILE and ANALYZE' step in '/home/goeun/gitHub/Braille_generator_FPGA/uvm/CNN_UVM.sim/sim_1/behav/xsim'
xvlog --incr --relax -L uvm -L uvm -prj tb_top_vlog.prj
Waiting for jobs to finish...
No pending jobs, compilation finished.
INFO: [USF-XSim-69] 'compile' step finished in '2' seconds
Command: launch_simulation -step elaborate -simset sim_1 -mode behavioral
INFO: [Vivado 12-12493] Simulation top is 'tb_top'
WARNING: [Vivado 12-13277] Compiled library path does not exist: ''
INFO: [Vivado 12-5682] Launching behavioral simulation in '/home/goeun/gitHub/Braille_generator_FPGA/uvm/CNN_UVM.sim/sim_1/behav/xsim'
INFO: [SIM-utils-51] Simulation object is 'sim_1'
INFO: [USF-XSim-3] XSim::Elaborate design
INFO: [USF-XSim-61] Executing 'ELABORATE' step in '/home/goeun/gitHub/Braille_generator_FPGA/uvm/CNN_UVM.sim/sim_1/behav/xsim'
xelab --incr --debug typical --relax --mt 8 -L xil_defaultlib -L uvm -L unisims_ver -L unimacro_ver -L unisims_ver -L secureip --snapshot tb_top_behav xil_defaultlib.tb_top xil_defaultlib.glbl -log elaborate.log -L uvm
Vivado Simulator v2022.2
Copyright 1986-1999, 2001-2022 Xilinx, Inc. All Rights Reserved.
Running: /media/goeun/E/Vivado/2022.2/bin/unwrapped/lnx64.o/xelab --incr --debug typical --relax --mt 8 -L xil_defaultlib -L uvm -L unisims_ver -L unimacro_ver -L unisims_ver -L secureip --snapshot tb_top_behav xil_defaultlib.tb_top xil_defaultlib.glbl -log elaborate.log -L uvm 
Using 8 slave threads.
Starting static elaboration
Pass Through NonSizing Optimizer
WARNING: [VRFC 10-3597] non-void function 'get' called as a task without void casting [/home/goeun/gitHub/Braille_generator_FPGA/uvm/CNN_UVM.srcs/sim_1/imports/new/scoreboard.sv:19]
WARNING: [VRFC 10-3597] non-void function 'get' called as a task without void casting [/home/goeun/gitHub/Braille_generator_FPGA/uvm/CNN_UVM.srcs/sim_1/imports/new/scoreboard.sv:20]
Completed static elaboration
INFO: [XSIM 43-4323] No Change in HDL. Linking previously generated obj files to create kernel
INFO: [USF-XSim-69] 'elaborate' step finished in '5' seconds
Time resolution is 1 ps
UVM_INFO /media/goeun/E/Vivado/2022.2/data/system_verilog/uvm_1.2/xlnx_uvm_package.sv(18601) @ 0: reporter [UVM/RELNOTES] 
      (Specify +UVM_NO_RELNOTES to turn off this notice)
  with `UVM_OBJECT_DO_NOT_NEED_CONSTRUCTOR undefined.

  You are using a version of the UVM library that has been compiled
  with `UVM_NO_DEPRECATED undefined.

  You are using a version of the UVM library that has been compiled

  ***********       IMPORTANT RELEASE NOTES         ************
----------------------------------------------------------------
(C) 2013-2014 NVIDIA Corporation
(C) 2011-2013 Cypress Semiconductor Corp.
(C) 2006-2014 Synopsys, Inc.
(C) 2007-2014 Cadence Design Systems, Inc.
(C) 2007-2014 Mentor Graphics Corporation


----------------------------------------------------------------

UVM_WARNING @ 0: reporter [TPRGED] Type name 'apb_monitor' already registered with factory. No string-based lookup support for multiple types with the same type name.
UVM_WARNING @ 0: reporter [TPRGED] Type name 'apb_driver' already registered with factory. No string-based lookup support for multiple types with the same type name.
UVM_WARNING @ 0: reporter [TPRGED] Type name 'apb_sequencer' already registered with factory. No string-based lookup support for multiple types with the same type name.
UVM_WARNING @ 0: reporter [TPRGED] Type name 'apb_agent' already registered with factory. No string-based lookup support for multiple types with the same type name.
UVM_WARNING @ 0: reporter [TPRGED] Type name 'apb_env' already registered with factory. No string-based lookup support for multiple types with the same type name.
UVM_WARNING @ 0: reporter [TPRGED] Type name 'scoreboard' already registered with factory. No string-based lookup support for multiple types with the same type name.
UVM_WARNING @ 0: reporter [TPRGED] Type name 'tb_env' already registered with factory. No string-based lookup support for multiple types with the same type name.
UVM_WARNING @ 0: reporter [TPRGED] Type name 'apb_packet' already registered with factory. No string-based lookup support for multiple types with the same type name.
UVM_WARNING @ 0: reporter [TPRGED] Type name 'cnn_sequence' already registered with factory. No string-based lookup support for multiple types with the same type name.
UVM_INFO @ 0: reporter [RNTST] Running test cnn_test...
UVM_INFO /home/goeun/gitHub/Braille_generator_FPGA/uvm/CNN_UVM.srcs/sim_1/imports/new/base_test.sv(14) @ 0: uvm_test_top [cnn_test] build_phase(test_lib)uvm_test_top
UVM_INFO /home/goeun/gitHub/Braille_generator_FPGA/uvm/CNN_UVM.srcs/sim_1/imports/new/cnn_test.sv(12) @ 0: uvm_test_top [uvm_test_top] build_phase
UVM_INFO /home/goeun/gitHub/Braille_generator_FPGA/uvm/CNN_UVM.srcs/sim_1/imports/new/tb_env.sv(16) @ 0: uvm_test_top.tb [uvm_test_top.tb] build_phase
UVM_INFO /home/goeun/gitHub/Braille_generator_FPGA/uvm/CNN_UVM.srcs/sim_1/imports/new/apb_env.sv(15) @ 0: uvm_test_top.tb.apb [apb_env] [BUILD PHASE] APB ENV
UVM_INFO /home/goeun/gitHub/Braille_generator_FPGA/uvm/CNN_UVM.srcs/sim_1/imports/new/apb_agent.sv(24) @ 0: uvm_test_top.tb.apb.agent [apb_agent] [BUILD PHASE] APB AGENT 1
UVM_INFO /home/goeun/gitHub/Braille_generator_FPGA/uvm/CNN_UVM.srcs/sim_1/imports/new/apb_driver.sv(16) @ 0: uvm_test_top.tb.apb.agent.driver [apb_driver] [BUILD PHASE] apb_driver build
UVM_INFO /home/goeun/gitHub/Braille_generator_FPGA/uvm/CNN_UVM.srcs/sim_1/imports/new/apb_monitor.sv(23) @ 0: uvm_test_top.tb.apb.agent.monitor [apb_monitor] [BUILD PHASE] apb_monitor build phase
UVM_INFO /home/goeun/gitHub/Braille_generator_FPGA/uvm/CNN_UVM.srcs/sim_1/imports/new/scoreboard.sv(21) @ 0: uvm_test_top.tb.sb [scoreboard] [BUILD_PHASE] scoreboard build
UVM_INFO /home/goeun/gitHub/Braille_generator_FPGA/uvm/CNN_UVM.srcs/sim_1/imports/new/apb_agent.sv(29) @ 0: uvm_test_top.tb.apb.agent [apb_agent] [CONNECT PHASE] connect start
UVM_INFO /home/goeun/gitHub/Braille_generator_FPGA/uvm/CNN_UVM.srcs/sim_1/imports/new/tb_env.sv(21) @ 0: uvm_test_top.tb [uvm_test_top.tb] Connect phase complete.
UVM_INFO /media/goeun/E/Vivado/2022.2/data/system_verilog/uvm_1.2/xlnx_uvm_package.sv(20867) @ 0: reporter [UVM/COMP/NAMECHECK] This implementation of the component name checks requires DPI to be enabled
UVM_INFO /home/goeun/gitHub/Braille_generator_FPGA/uvm/CNN_UVM.srcs/sim_1/imports/new/cnn_test.sv(16) @ 0: uvm_test_top [uvm_test_top] run_phase
UVM_INFO /home/goeun/gitHub/Braille_generator_FPGA/uvm/CNN_UVM.srcs/sim_1/imports/new/scoreboard.sv(26) @ 0: uvm_test_top.tb.sb [scoreboard] [RUN_PHASE] scoreboard run_phase
UVM_INFO /home/goeun/gitHub/Braille_generator_FPGA/uvm/CNN_UVM.srcs/sim_1/imports/new/apb_monitor.sv(31) @ 0: uvm_test_top.tb.apb.agent.monitor [apb_monitor] run_phase
UVM_INFO /home/goeun/gitHub/Braille_generator_FPGA/uvm/CNN_UVM.srcs/sim_1/imports/new/apb_monitor.sv(38) @ 0: uvm_test_top.tb.apb.agent.monitor [uvm_test_top.tb.apb.agent.monitor] Run stage start.
UVM_INFO /home/goeun/gitHub/Braille_generator_FPGA/uvm/CNN_UVM.srcs/sim_1/imports/new/apb_driver.sv(20) @ 0: uvm_test_top.tb.apb.agent.driver [apb_driver] [RUN PHASE] driver run_phase start
UVM_INFO /home/goeun/gitHub/Braille_generator_FPGA/uvm/CNN_UVM.srcs/sim_1/imports/new/apb_driver.sv(40) @ 0: uvm_test_top.tb.apb.agent.driver [apb_driver] Drive signals ... 
UVM_INFO /home/goeun/gitHub/Braille_generator_FPGA/uvm/CNN_UVM.srcs/sim_1/imports/new/cnn_seq.sv(44) @ 0: uvm_test_top.tb.apb.agent.sequencer@@seq [cnn_sequence] cnn_seq body() start
UVM_INFO /home/goeun/gitHub/Braille_generator_FPGA/uvm/CNN_UVM.srcs/sim_1/imports/new/cnn_seq.sv(9) @ 0: uvm_test_top.tb.apb.agent.sequencer@@seq [cnn_sequence] [HW_WRITE] ADDR: 0x000, WDATA: 0x002
UVM_INFO /home/goeun/gitHub/Braille_generator_FPGA/uvm/CNN_UVM.srcs/sim_1/imports/new/apb_driver.sv(30) @ 1000: uvm_test_top.tb.apb.agent.driver [apb_driver] negedge apb_vif.PRESETN
UVM_INFO /home/goeun/gitHub/Braille_generator_FPGA/uvm/CNN_UVM.srcs/sim_1/imports/new/scoreboard.sv(94) @ 20000: uvm_test_top.tb.sb [scoreboard] [Packet] ADDR: 0x000, [DUT] ADDR: 0x000
UVM_INFO /home/goeun/gitHub/Braille_generator_FPGA/uvm/CNN_UVM.srcs/sim_1/imports/new/scoreboard.sv(98) @ 20000: uvm_test_top.tb.sb [scoreboard] [Packet] WDATA: 0x002, [DUT] WDATA: 0x002
UVM_INFO /home/goeun/gitHub/Braille_generator_FPGA/uvm/CNN_UVM.srcs/sim_1/imports/new/cnn_seq.sv(9) @ 35000: uvm_test_top.tb.apb.agent.sequencer@@seq [cnn_sequence] [HW_WRITE] ADDR: 0x008, WDATA: 0x004
UVM_INFO /home/goeun/gitHub/Braille_generator_FPGA/uvm/CNN_UVM.srcs/sim_1/imports/new/scoreboard.sv(94) @ 60000: uvm_test_top.tb.sb [scoreboard] [Packet] ADDR: 0x008, [DUT] ADDR: 0x008
UVM_INFO /home/goeun/gitHub/Braille_generator_FPGA/uvm/CNN_UVM.srcs/sim_1/imports/new/scoreboard.sv(98) @ 60000: uvm_test_top.tb.sb [scoreboard] [Packet] WDATA: 0x004, [DUT] WDATA: 0x004
UVM_INFO /home/goeun/gitHub/Braille_generator_FPGA/uvm/CNN_UVM.srcs/sim_1/imports/new/cnn_seq.sv(9) @ 75000: uvm_test_top.tb.apb.agent.sequencer@@seq [cnn_sequence] [HW_WRITE] ADDR: 0x004, WDATA: 0x001
UVM_INFO /home/goeun/gitHub/Braille_generator_FPGA/uvm/CNN_UVM.srcs/sim_1/imports/new/scoreboard.sv(94) @ 100000: uvm_test_top.tb.sb [scoreboard] [Packet] ADDR: 0x004, [DUT] ADDR: 0x004
UVM_INFO /home/goeun/gitHub/Braille_generator_FPGA/uvm/CNN_UVM.srcs/sim_1/imports/new/scoreboard.sv(98) @ 100000: uvm_test_top.tb.sb [scoreboard] [Packet] WDATA: 0x001, [DUT] WDATA: 0x001
UVM_INFO /home/goeun/gitHub/Braille_generator_FPGA/uvm/CNN_UVM.srcs/sim_1/imports/new/scoreboard.sv(54) @ 135000: uvm_test_top.tb.sb [scoreboard] Weight set to: 0xxx
UVM_INFO /home/goeun/gitHub/Braille_generator_FPGA/uvm/CNN_UVM.srcs/sim_1/imports/new/scoreboard.sv(94) @ 140000: uvm_test_top.tb.sb [scoreboard] [Packet] ADDR: 0x000, [DUT] ADDR: 0x000
UVM_INFO /home/goeun/gitHub/Braille_generator_FPGA/uvm/CNN_UVM.srcs/sim_1/imports/new/scoreboard.sv(101) @ 140000: uvm_test_top.tb.sb [scoreboard] [Packet] RDATA: 0x002, [DUT] RDATA: 0x002
UVM_INFO /home/goeun/gitHub/Braille_generator_FPGA/uvm/CNN_UVM.srcs/sim_1/imports/new/cnn_seq.sv(26) @ 155000: uvm_test_top.tb.apb.agent.sequencer@@seq [cnn_sequence] [HW_READ] ADDR: 0x000, RDATA: 0x002
UVM_INFO /home/goeun/gitHub/Braille_generator_FPGA/uvm/CNN_UVM.srcs/sim_1/imports/new/scoreboard.sv(59) @ 175000: uvm_test_top.tb.sb [scoreboard] Fmap set to: 0x02
UVM_INFO /home/goeun/gitHub/Braille_generator_FPGA/uvm/CNN_UVM.srcs/sim_1/imports/new/scoreboard.sv(94) @ 180000: uvm_test_top.tb.sb [scoreboard] [Packet] ADDR: 0x008, [DUT] ADDR: 0x008
UVM_INFO /home/goeun/gitHub/Braille_generator_FPGA/uvm/CNN_UVM.srcs/sim_1/imports/new/scoreboard.sv(101) @ 180000: uvm_test_top.tb.sb [scoreboard] [Packet] RDATA: 0x004, [DUT] RDATA: 0x004
UVM_INFO /home/goeun/gitHub/Braille_generator_FPGA/uvm/CNN_UVM.srcs/sim_1/imports/new/cnn_seq.sv(26) @ 195000: uvm_test_top.tb.apb.agent.sequencer@@seq [cnn_sequence] [HW_READ] ADDR: 0x008, RDATA: 0x004
UVM_INFO /home/goeun/gitHub/Braille_generator_FPGA/uvm/CNN_UVM.srcs/sim_1/imports/new/scoreboard.sv(94) @ 220000: uvm_test_top.tb.sb [scoreboard] [Packet] ADDR: 0x004, [DUT] ADDR: 0x004
UVM_INFO /home/goeun/gitHub/Braille_generator_FPGA/uvm/CNN_UVM.srcs/sim_1/imports/new/scoreboard.sv(101) @ 220000: uvm_test_top.tb.sb [scoreboard] [Packet] RDATA: 0x001, [DUT] RDATA: 0x001
UVM_ERROR /home/goeun/gitHub/Braille_generator_FPGA/uvm/CNN_UVM.srcs/sim_1/imports/new/scoreboard.sv(76) @ 235000: uvm_test_top.tb.sb [scoreboard] [FAIL] fmap (0x02) × weight (0xxx) = 0xxxxx, but cnn_out = 0x0008
UVM_INFO /home/goeun/gitHub/Braille_generator_FPGA/uvm/CNN_UVM.srcs/sim_1/imports/new/cnn_seq.sv(26) @ 235000: uvm_test_top.tb.apb.agent.sequencer@@seq [cnn_sequence] [HW_READ] ADDR: 0x004, RDATA: 0x001
relaunch_sim: Time (s): cpu = 00:00:07 ; elapsed = 00:00:08 . Memory (MB): peak = 7198.301 ; gain = 0.000 ; free physical = 6335 ; free virtual = 12810
save_wave_config {/home/goeun/gitHub/Braille_generator_FPGA/uvm/tb_top_behav.wcfg}
add_files -fileset sim_1 -norecurse /home/goeun/gitHub/Braille_generator_FPGA/uvm/tb_top_behav.wcfg
set_property xsim.view /home/goeun/gitHub/Braille_generator_FPGA/uvm/tb_top_behav.wcfg [get_filesets sim_1]
relaunch_sim
Command: launch_simulation -step compile -simset sim_1 -mode behavioral
INFO: [Vivado 12-12493] Simulation top is 'tb_top'
WARNING: [Vivado 12-13277] Compiled library path does not exist: ''
INFO: [Vivado 12-5682] Launching behavioral simulation in '/home/goeun/gitHub/Braille_generator_FPGA/uvm/CNN_UVM.sim/sim_1/behav/xsim'
INFO: [SIM-utils-51] Simulation object is 'sim_1'
INFO: [USF-XSim-2] XSim::Compile design
INFO: [USF-XSim-61] Executing 'COMPILE and ANALYZE' step in '/home/goeun/gitHub/Braille_generator_FPGA/uvm/CNN_UVM.sim/sim_1/behav/xsim'
xvlog --incr --relax -L uvm -L uvm -prj tb_top_vlog.prj
Waiting for jobs to finish...
No pending jobs, compilation finished.
INFO: [USF-XSim-69] 'compile' step finished in '2' seconds
Command: launch_simulation -step elaborate -simset sim_1 -mode behavioral
INFO: [Vivado 12-12493] Simulation top is 'tb_top'
WARNING: [Vivado 12-13277] Compiled library path does not exist: ''
INFO: [Vivado 12-5682] Launching behavioral simulation in '/home/goeun/gitHub/Braille_generator_FPGA/uvm/CNN_UVM.sim/sim_1/behav/xsim'
INFO: [SIM-utils-51] Simulation object is 'sim_1'
INFO: [USF-XSim-3] XSim::Elaborate design
INFO: [USF-XSim-61] Executing 'ELABORATE' step in '/home/goeun/gitHub/Braille_generator_FPGA/uvm/CNN_UVM.sim/sim_1/behav/xsim'
xelab --incr --debug typical --relax --mt 8 -L xil_defaultlib -L uvm -L unisims_ver -L unimacro_ver -L unisims_ver -L secureip --snapshot tb_top_behav xil_defaultlib.tb_top xil_defaultlib.glbl -log elaborate.log -L uvm
Vivado Simulator v2022.2
Copyright 1986-1999, 2001-2022 Xilinx, Inc. All Rights Reserved.
Running: /media/goeun/E/Vivado/2022.2/bin/unwrapped/lnx64.o/xelab --incr --debug typical --relax --mt 8 -L xil_defaultlib -L uvm -L unisims_ver -L unimacro_ver -L unisims_ver -L secureip --snapshot tb_top_behav xil_defaultlib.tb_top xil_defaultlib.glbl -log elaborate.log -L uvm 
Using 8 slave threads.
Starting static elaboration
Pass Through NonSizing Optimizer
WARNING: [VRFC 10-3597] non-void function 'get' called as a task without void casting [/home/goeun/gitHub/Braille_generator_FPGA/uvm/CNN_UVM.srcs/sim_1/imports/new/scoreboard.sv:19]
WARNING: [VRFC 10-3597] non-void function 'get' called as a task without void casting [/home/goeun/gitHub/Braille_generator_FPGA/uvm/CNN_UVM.srcs/sim_1/imports/new/scoreboard.sv:20]
Completed static elaboration
INFO: [XSIM 43-4323] No Change in HDL. Linking previously generated obj files to create kernel
INFO: [USF-XSim-69] 'elaborate' step finished in '5' seconds
launch_simulation: Time (s): cpu = 00:00:05 ; elapsed = 00:00:05 . Memory (MB): peak = 7201.305 ; gain = 0.000 ; free physical = 6341 ; free virtual = 12807
Time resolution is 1 ps
UVM_INFO /media/goeun/E/Vivado/2022.2/data/system_verilog/uvm_1.2/xlnx_uvm_package.sv(18601) @ 0: reporter [UVM/RELNOTES] 
      (Specify +UVM_NO_RELNOTES to turn off this notice)
  with `UVM_OBJECT_DO_NOT_NEED_CONSTRUCTOR undefined.

  You are using a version of the UVM library that has been compiled
  with `UVM_NO_DEPRECATED undefined.

  You are using a version of the UVM library that has been compiled

  ***********       IMPORTANT RELEASE NOTES         ************
----------------------------------------------------------------
(C) 2013-2014 NVIDIA Corporation
(C) 2011-2013 Cypress Semiconductor Corp.
(C) 2006-2014 Synopsys, Inc.
(C) 2007-2014 Cadence Design Systems, Inc.
(C) 2007-2014 Mentor Graphics Corporation


----------------------------------------------------------------

UVM_WARNING @ 0: reporter [TPRGED] Type name 'apb_monitor' already registered with factory. No string-based lookup support for multiple types with the same type name.
UVM_WARNING @ 0: reporter [TPRGED] Type name 'apb_driver' already registered with factory. No string-based lookup support for multiple types with the same type name.
UVM_WARNING @ 0: reporter [TPRGED] Type name 'apb_sequencer' already registered with factory. No string-based lookup support for multiple types with the same type name.
UVM_WARNING @ 0: reporter [TPRGED] Type name 'apb_agent' already registered with factory. No string-based lookup support for multiple types with the same type name.
UVM_WARNING @ 0: reporter [TPRGED] Type name 'apb_env' already registered with factory. No string-based lookup support for multiple types with the same type name.
UVM_WARNING @ 0: reporter [TPRGED] Type name 'scoreboard' already registered with factory. No string-based lookup support for multiple types with the same type name.
UVM_WARNING @ 0: reporter [TPRGED] Type name 'tb_env' already registered with factory. No string-based lookup support for multiple types with the same type name.
UVM_WARNING @ 0: reporter [TPRGED] Type name 'apb_packet' already registered with factory. No string-based lookup support for multiple types with the same type name.
UVM_WARNING @ 0: reporter [TPRGED] Type name 'cnn_sequence' already registered with factory. No string-based lookup support for multiple types with the same type name.
UVM_INFO @ 0: reporter [RNTST] Running test cnn_test...
UVM_INFO /home/goeun/gitHub/Braille_generator_FPGA/uvm/CNN_UVM.srcs/sim_1/imports/new/base_test.sv(14) @ 0: uvm_test_top [cnn_test] build_phase(test_lib)uvm_test_top
UVM_INFO /home/goeun/gitHub/Braille_generator_FPGA/uvm/CNN_UVM.srcs/sim_1/imports/new/cnn_test.sv(12) @ 0: uvm_test_top [uvm_test_top] build_phase
UVM_INFO /home/goeun/gitHub/Braille_generator_FPGA/uvm/CNN_UVM.srcs/sim_1/imports/new/tb_env.sv(16) @ 0: uvm_test_top.tb [uvm_test_top.tb] build_phase
UVM_INFO /home/goeun/gitHub/Braille_generator_FPGA/uvm/CNN_UVM.srcs/sim_1/imports/new/apb_env.sv(15) @ 0: uvm_test_top.tb.apb [apb_env] [BUILD PHASE] APB ENV
UVM_INFO /home/goeun/gitHub/Braille_generator_FPGA/uvm/CNN_UVM.srcs/sim_1/imports/new/apb_agent.sv(24) @ 0: uvm_test_top.tb.apb.agent [apb_agent] [BUILD PHASE] APB AGENT 1
UVM_INFO /home/goeun/gitHub/Braille_generator_FPGA/uvm/CNN_UVM.srcs/sim_1/imports/new/apb_driver.sv(16) @ 0: uvm_test_top.tb.apb.agent.driver [apb_driver] [BUILD PHASE] apb_driver build
UVM_INFO /home/goeun/gitHub/Braille_generator_FPGA/uvm/CNN_UVM.srcs/sim_1/imports/new/apb_monitor.sv(23) @ 0: uvm_test_top.tb.apb.agent.monitor [apb_monitor] [BUILD PHASE] apb_monitor build phase
UVM_INFO /home/goeun/gitHub/Braille_generator_FPGA/uvm/CNN_UVM.srcs/sim_1/imports/new/scoreboard.sv(21) @ 0: uvm_test_top.tb.sb [scoreboard] [BUILD_PHASE] scoreboard build
UVM_INFO /home/goeun/gitHub/Braille_generator_FPGA/uvm/CNN_UVM.srcs/sim_1/imports/new/apb_agent.sv(29) @ 0: uvm_test_top.tb.apb.agent [apb_agent] [CONNECT PHASE] connect start
UVM_INFO /home/goeun/gitHub/Braille_generator_FPGA/uvm/CNN_UVM.srcs/sim_1/imports/new/tb_env.sv(21) @ 0: uvm_test_top.tb [uvm_test_top.tb] Connect phase complete.
UVM_INFO /media/goeun/E/Vivado/2022.2/data/system_verilog/uvm_1.2/xlnx_uvm_package.sv(20867) @ 0: reporter [UVM/COMP/NAMECHECK] This implementation of the component name checks requires DPI to be enabled
UVM_INFO /home/goeun/gitHub/Braille_generator_FPGA/uvm/CNN_UVM.srcs/sim_1/imports/new/cnn_test.sv(16) @ 0: uvm_test_top [uvm_test_top] run_phase
UVM_INFO /home/goeun/gitHub/Braille_generator_FPGA/uvm/CNN_UVM.srcs/sim_1/imports/new/scoreboard.sv(26) @ 0: uvm_test_top.tb.sb [scoreboard] [RUN_PHASE] scoreboard run_phase
UVM_INFO /home/goeun/gitHub/Braille_generator_FPGA/uvm/CNN_UVM.srcs/sim_1/imports/new/apb_monitor.sv(31) @ 0: uvm_test_top.tb.apb.agent.monitor [apb_monitor] run_phase
UVM_INFO /home/goeun/gitHub/Braille_generator_FPGA/uvm/CNN_UVM.srcs/sim_1/imports/new/apb_monitor.sv(38) @ 0: uvm_test_top.tb.apb.agent.monitor [uvm_test_top.tb.apb.agent.monitor] Run stage start.
UVM_INFO /home/goeun/gitHub/Braille_generator_FPGA/uvm/CNN_UVM.srcs/sim_1/imports/new/apb_driver.sv(20) @ 0: uvm_test_top.tb.apb.agent.driver [apb_driver] [RUN PHASE] driver run_phase start
UVM_INFO /home/goeun/gitHub/Braille_generator_FPGA/uvm/CNN_UVM.srcs/sim_1/imports/new/apb_driver.sv(40) @ 0: uvm_test_top.tb.apb.agent.driver [apb_driver] Drive signals ... 
UVM_INFO /home/goeun/gitHub/Braille_generator_FPGA/uvm/CNN_UVM.srcs/sim_1/imports/new/cnn_seq.sv(44) @ 0: uvm_test_top.tb.apb.agent.sequencer@@seq [cnn_sequence] cnn_seq body() start
UVM_INFO /home/goeun/gitHub/Braille_generator_FPGA/uvm/CNN_UVM.srcs/sim_1/imports/new/cnn_seq.sv(9) @ 0: uvm_test_top.tb.apb.agent.sequencer@@seq [cnn_sequence] [HW_WRITE] ADDR: 0x000, WDATA: 0x002
UVM_INFO /home/goeun/gitHub/Braille_generator_FPGA/uvm/CNN_UVM.srcs/sim_1/imports/new/apb_driver.sv(30) @ 1000: uvm_test_top.tb.apb.agent.driver [apb_driver] negedge apb_vif.PRESETN
UVM_INFO /home/goeun/gitHub/Braille_generator_FPGA/uvm/CNN_UVM.srcs/sim_1/imports/new/scoreboard.sv(94) @ 20000: uvm_test_top.tb.sb [scoreboard] [Packet] ADDR: 0x000, [DUT] ADDR: 0x000
UVM_INFO /home/goeun/gitHub/Braille_generator_FPGA/uvm/CNN_UVM.srcs/sim_1/imports/new/scoreboard.sv(98) @ 20000: uvm_test_top.tb.sb [scoreboard] [Packet] WDATA: 0x002, [DUT] WDATA: 0x002
UVM_INFO /home/goeun/gitHub/Braille_generator_FPGA/uvm/CNN_UVM.srcs/sim_1/imports/new/cnn_seq.sv(9) @ 35000: uvm_test_top.tb.apb.agent.sequencer@@seq [cnn_sequence] [HW_WRITE] ADDR: 0x008, WDATA: 0x004
UVM_INFO /home/goeun/gitHub/Braille_generator_FPGA/uvm/CNN_UVM.srcs/sim_1/imports/new/scoreboard.sv(94) @ 60000: uvm_test_top.tb.sb [scoreboard] [Packet] ADDR: 0x008, [DUT] ADDR: 0x008
UVM_INFO /home/goeun/gitHub/Braille_generator_FPGA/uvm/CNN_UVM.srcs/sim_1/imports/new/scoreboard.sv(98) @ 60000: uvm_test_top.tb.sb [scoreboard] [Packet] WDATA: 0x004, [DUT] WDATA: 0x004
UVM_INFO /home/goeun/gitHub/Braille_generator_FPGA/uvm/CNN_UVM.srcs/sim_1/imports/new/cnn_seq.sv(9) @ 75000: uvm_test_top.tb.apb.agent.sequencer@@seq [cnn_sequence] [HW_WRITE] ADDR: 0x004, WDATA: 0x001
UVM_INFO /home/goeun/gitHub/Braille_generator_FPGA/uvm/CNN_UVM.srcs/sim_1/imports/new/scoreboard.sv(94) @ 100000: uvm_test_top.tb.sb [scoreboard] [Packet] ADDR: 0x004, [DUT] ADDR: 0x004
UVM_INFO /home/goeun/gitHub/Braille_generator_FPGA/uvm/CNN_UVM.srcs/sim_1/imports/new/scoreboard.sv(98) @ 100000: uvm_test_top.tb.sb [scoreboard] [Packet] WDATA: 0x001, [DUT] WDATA: 0x001
UVM_INFO /home/goeun/gitHub/Braille_generator_FPGA/uvm/CNN_UVM.srcs/sim_1/imports/new/scoreboard.sv(54) @ 135000: uvm_test_top.tb.sb [scoreboard] Weight set to: 0xxx
UVM_INFO /home/goeun/gitHub/Braille_generator_FPGA/uvm/CNN_UVM.srcs/sim_1/imports/new/scoreboard.sv(94) @ 140000: uvm_test_top.tb.sb [scoreboard] [Packet] ADDR: 0x000, [DUT] ADDR: 0x000
UVM_INFO /home/goeun/gitHub/Braille_generator_FPGA/uvm/CNN_UVM.srcs/sim_1/imports/new/scoreboard.sv(101) @ 140000: uvm_test_top.tb.sb [scoreboard] [Packet] RDATA: 0x002, [DUT] RDATA: 0x002
UVM_INFO /home/goeun/gitHub/Braille_generator_FPGA/uvm/CNN_UVM.srcs/sim_1/imports/new/cnn_seq.sv(26) @ 155000: uvm_test_top.tb.apb.agent.sequencer@@seq [cnn_sequence] [HW_READ] ADDR: 0x000, RDATA: 0x002
UVM_INFO /home/goeun/gitHub/Braille_generator_FPGA/uvm/CNN_UVM.srcs/sim_1/imports/new/scoreboard.sv(59) @ 175000: uvm_test_top.tb.sb [scoreboard] Fmap set to: 0x02
UVM_INFO /home/goeun/gitHub/Braille_generator_FPGA/uvm/CNN_UVM.srcs/sim_1/imports/new/scoreboard.sv(94) @ 180000: uvm_test_top.tb.sb [scoreboard] [Packet] ADDR: 0x008, [DUT] ADDR: 0x008
UVM_INFO /home/goeun/gitHub/Braille_generator_FPGA/uvm/CNN_UVM.srcs/sim_1/imports/new/scoreboard.sv(101) @ 180000: uvm_test_top.tb.sb [scoreboard] [Packet] RDATA: 0x004, [DUT] RDATA: 0x004
UVM_INFO /home/goeun/gitHub/Braille_generator_FPGA/uvm/CNN_UVM.srcs/sim_1/imports/new/cnn_seq.sv(26) @ 195000: uvm_test_top.tb.apb.agent.sequencer@@seq [cnn_sequence] [HW_READ] ADDR: 0x008, RDATA: 0x004
UVM_INFO /home/goeun/gitHub/Braille_generator_FPGA/uvm/CNN_UVM.srcs/sim_1/imports/new/scoreboard.sv(94) @ 220000: uvm_test_top.tb.sb [scoreboard] [Packet] ADDR: 0x004, [DUT] ADDR: 0x004
UVM_INFO /home/goeun/gitHub/Braille_generator_FPGA/uvm/CNN_UVM.srcs/sim_1/imports/new/scoreboard.sv(101) @ 220000: uvm_test_top.tb.sb [scoreboard] [Packet] RDATA: 0x001, [DUT] RDATA: 0x001
UVM_ERROR /home/goeun/gitHub/Braille_generator_FPGA/uvm/CNN_UVM.srcs/sim_1/imports/new/scoreboard.sv(76) @ 235000: uvm_test_top.tb.sb [scoreboard] [FAIL] fmap (0x02) × weight (0xxx) = 0xxxxx, but cnn_out = 0x0008
UVM_INFO /home/goeun/gitHub/Braille_generator_FPGA/uvm/CNN_UVM.srcs/sim_1/imports/new/cnn_seq.sv(26) @ 235000: uvm_test_top.tb.apb.agent.sequencer@@seq [cnn_sequence] [HW_READ] ADDR: 0x004, RDATA: 0x001
relaunch_sim: Time (s): cpu = 00:00:07 ; elapsed = 00:00:08 . Memory (MB): peak = 7201.305 ; gain = 0.000 ; free physical = 6346 ; free virtual = 12812
relaunch_sim
Command: launch_simulation -step compile -simset sim_1 -mode behavioral
INFO: [Vivado 12-12493] Simulation top is 'tb_top'
WARNING: [Vivado 12-13277] Compiled library path does not exist: ''
INFO: [Vivado 12-5682] Launching behavioral simulation in '/home/goeun/gitHub/Braille_generator_FPGA/uvm/CNN_UVM.sim/sim_1/behav/xsim'
INFO: [SIM-utils-51] Simulation object is 'sim_1'
INFO: [USF-XSim-2] XSim::Compile design
INFO: [USF-XSim-61] Executing 'COMPILE and ANALYZE' step in '/home/goeun/gitHub/Braille_generator_FPGA/uvm/CNN_UVM.sim/sim_1/behav/xsim'
xvlog --incr --relax -L uvm -L uvm -prj tb_top_vlog.prj
INFO: [VRFC 10-2263] Analyzing SystemVerilog file "/home/goeun/gitHub/Braille_generator_FPGA/uvm/CNN_UVM.srcs/sim_1/imports/new/apb_packet.sv" into library xil_defaultlib
INFO: [VRFC 10-2263] Analyzing SystemVerilog file "/home/goeun/gitHub/Braille_generator_FPGA/uvm/CNN_UVM.srcs/sim_1/imports/new/apb_monitor.sv" into library xil_defaultlib
INFO: [VRFC 10-2263] Analyzing SystemVerilog file "/home/goeun/gitHub/Braille_generator_FPGA/uvm/CNN_UVM.srcs/sim_1/imports/new/apb_driver.sv" into library xil_defaultlib
INFO: [VRFC 10-2263] Analyzing SystemVerilog file "/home/goeun/gitHub/Braille_generator_FPGA/uvm/CNN_UVM.srcs/sim_1/imports/new/apb_sequencer.sv" into library xil_defaultlib
INFO: [VRFC 10-2263] Analyzing SystemVerilog file "/home/goeun/gitHub/Braille_generator_FPGA/uvm/CNN_UVM.srcs/sim_1/imports/new/apb_agent.sv" into library xil_defaultlib
INFO: [VRFC 10-2263] Analyzing SystemVerilog file "/home/goeun/gitHub/Braille_generator_FPGA/uvm/CNN_UVM.srcs/sim_1/imports/new/apb_env.sv" into library xil_defaultlib
INFO: [VRFC 10-2263] Analyzing SystemVerilog file "/home/goeun/gitHub/Braille_generator_FPGA/uvm/CNN_UVM.srcs/sim_1/imports/new/scoreboard.sv" into library xil_defaultlib
INFO: [VRFC 10-2263] Analyzing SystemVerilog file "/home/goeun/gitHub/Braille_generator_FPGA/uvm/CNN_UVM.srcs/sim_1/imports/new/tb_env.sv" into library xil_defaultlib
INFO: [VRFC 10-2263] Analyzing SystemVerilog file "/home/goeun/gitHub/Braille_generator_FPGA/uvm/CNN_UVM.srcs/sim_1/new/cnn_seq.sv" into library xil_defaultlib
INFO: [VRFC 10-2263] Analyzing SystemVerilog file "/home/goeun/gitHub/Braille_generator_FPGA/uvm/CNN_UVM.srcs/sim_1/imports/new/tb_pkg.sv" into library xil_defaultlib
INFO: [VRFC 10-2263] Analyzing SystemVerilog file "/home/goeun/gitHub/Braille_generator_FPGA/uvm/CNN_UVM.srcs/sim_1/imports/new/tb_top.sv" into library xil_defaultlib
WARNING: [VRFC 10-3609] overwriting previous definition of package 'tb_pkg' [/home/goeun/gitHub/Braille_generator_FPGA/uvm/CNN_UVM.srcs/sim_1/imports/new/tb_pkg.sv:1]
INFO: [VRFC 10-311] analyzing module tb_top
Waiting for jobs to finish...
No pending jobs, compilation finished.
INFO: [USF-XSim-69] 'compile' step finished in '2' seconds
Command: launch_simulation -step elaborate -simset sim_1 -mode behavioral
INFO: [Vivado 12-12493] Simulation top is 'tb_top'
WARNING: [Vivado 12-13277] Compiled library path does not exist: ''
INFO: [Vivado 12-5682] Launching behavioral simulation in '/home/goeun/gitHub/Braille_generator_FPGA/uvm/CNN_UVM.sim/sim_1/behav/xsim'
INFO: [SIM-utils-51] Simulation object is 'sim_1'
INFO: [USF-XSim-3] XSim::Elaborate design
INFO: [USF-XSim-61] Executing 'ELABORATE' step in '/home/goeun/gitHub/Braille_generator_FPGA/uvm/CNN_UVM.sim/sim_1/behav/xsim'
xelab --incr --debug typical --relax --mt 8 -L xil_defaultlib -L uvm -L unisims_ver -L unimacro_ver -L unisims_ver -L secureip --snapshot tb_top_behav xil_defaultlib.tb_top xil_defaultlib.glbl -log elaborate.log -L uvm
Vivado Simulator v2022.2
Copyright 1986-1999, 2001-2022 Xilinx, Inc. All Rights Reserved.
Running: /media/goeun/E/Vivado/2022.2/bin/unwrapped/lnx64.o/xelab --incr --debug typical --relax --mt 8 -L xil_defaultlib -L uvm -L unisims_ver -L unimacro_ver -L unisims_ver -L secureip --snapshot tb_top_behav xil_defaultlib.tb_top xil_defaultlib.glbl -log elaborate.log -L uvm 
Using 8 slave threads.
Starting static elaboration
Pass Through NonSizing Optimizer
ERROR: [VRFC 10-2991] 'clk' is not declared under prefix 'apb_vif' [/home/goeun/gitHub/Braille_generator_FPGA/uvm/CNN_UVM.srcs/sim_1/imports/new/scoreboard.sv:48]
ERROR: [XSIM 43-3322] Static elaboration of top level Verilog design unit(s) in library work failed.
INFO: [USF-XSim-69] 'elaborate' step finished in '5' seconds
INFO: [USF-XSim-99] Step results log file:'/home/goeun/gitHub/Braille_generator_FPGA/uvm/CNN_UVM.sim/sim_1/behav/xsim/elaborate.log'
ERROR: [USF-XSim-62] 'elaborate' step failed with error(s). Please check the Tcl console output or '/home/goeun/gitHub/Braille_generator_FPGA/uvm/CNN_UVM.sim/sim_1/behav/xsim/elaborate.log' file for more information.
ERROR: [Vivado 12-4473] Detected error while running simulation. Please correct the issue and retry this operation.
ERROR: [Common 17-39] 'launch_simulation' failed due to earlier errors.
ERROR: [Common 17-69] Command failed: ERROR: [Common 17-39] 'launch_simulation' failed due to earlier errors.

relaunch_sim
Command: launch_simulation -step compile -simset sim_1 -mode behavioral
INFO: [Vivado 12-12493] Simulation top is 'tb_top'
WARNING: [Vivado 12-13277] Compiled library path does not exist: ''
INFO: [Vivado 12-5682] Launching behavioral simulation in '/home/goeun/gitHub/Braille_generator_FPGA/uvm/CNN_UVM.sim/sim_1/behav/xsim'
INFO: [SIM-utils-51] Simulation object is 'sim_1'
INFO: [USF-XSim-2] XSim::Compile design
INFO: [USF-XSim-61] Executing 'COMPILE and ANALYZE' step in '/home/goeun/gitHub/Braille_generator_FPGA/uvm/CNN_UVM.sim/sim_1/behav/xsim'
xvlog --incr --relax -L uvm -L uvm -prj tb_top_vlog.prj
INFO: [VRFC 10-2263] Analyzing SystemVerilog file "/home/goeun/gitHub/Braille_generator_FPGA/uvm/CNN_UVM.srcs/sim_1/imports/new/apb_packet.sv" into library xil_defaultlib
INFO: [VRFC 10-2263] Analyzing SystemVerilog file "/home/goeun/gitHub/Braille_generator_FPGA/uvm/CNN_UVM.srcs/sim_1/imports/new/apb_monitor.sv" into library xil_defaultlib
INFO: [VRFC 10-2263] Analyzing SystemVerilog file "/home/goeun/gitHub/Braille_generator_FPGA/uvm/CNN_UVM.srcs/sim_1/imports/new/apb_driver.sv" into library xil_defaultlib
INFO: [VRFC 10-2263] Analyzing SystemVerilog file "/home/goeun/gitHub/Braille_generator_FPGA/uvm/CNN_UVM.srcs/sim_1/imports/new/apb_sequencer.sv" into library xil_defaultlib
INFO: [VRFC 10-2263] Analyzing SystemVerilog file "/home/goeun/gitHub/Braille_generator_FPGA/uvm/CNN_UVM.srcs/sim_1/imports/new/apb_agent.sv" into library xil_defaultlib
INFO: [VRFC 10-2263] Analyzing SystemVerilog file "/home/goeun/gitHub/Braille_generator_FPGA/uvm/CNN_UVM.srcs/sim_1/imports/new/apb_env.sv" into library xil_defaultlib
INFO: [VRFC 10-2263] Analyzing SystemVerilog file "/home/goeun/gitHub/Braille_generator_FPGA/uvm/CNN_UVM.srcs/sim_1/imports/new/scoreboard.sv" into library xil_defaultlib
INFO: [VRFC 10-2263] Analyzing SystemVerilog file "/home/goeun/gitHub/Braille_generator_FPGA/uvm/CNN_UVM.srcs/sim_1/imports/new/tb_env.sv" into library xil_defaultlib
INFO: [VRFC 10-2263] Analyzing SystemVerilog file "/home/goeun/gitHub/Braille_generator_FPGA/uvm/CNN_UVM.srcs/sim_1/new/cnn_seq.sv" into library xil_defaultlib
INFO: [VRFC 10-2263] Analyzing SystemVerilog file "/home/goeun/gitHub/Braille_generator_FPGA/uvm/CNN_UVM.srcs/sim_1/imports/new/tb_pkg.sv" into library xil_defaultlib
INFO: [VRFC 10-2263] Analyzing SystemVerilog file "/home/goeun/gitHub/Braille_generator_FPGA/uvm/CNN_UVM.srcs/sim_1/imports/new/tb_top.sv" into library xil_defaultlib
WARNING: [VRFC 10-3609] overwriting previous definition of package 'tb_pkg' [/home/goeun/gitHub/Braille_generator_FPGA/uvm/CNN_UVM.srcs/sim_1/imports/new/tb_pkg.sv:1]
INFO: [VRFC 10-311] analyzing module tb_top
Waiting for jobs to finish...
No pending jobs, compilation finished.
INFO: [USF-XSim-69] 'compile' step finished in '2' seconds
Command: launch_simulation -step elaborate -simset sim_1 -mode behavioral
INFO: [Vivado 12-12493] Simulation top is 'tb_top'
WARNING: [Vivado 12-13277] Compiled library path does not exist: ''
INFO: [Vivado 12-5682] Launching behavioral simulation in '/home/goeun/gitHub/Braille_generator_FPGA/uvm/CNN_UVM.sim/sim_1/behav/xsim'
INFO: [SIM-utils-51] Simulation object is 'sim_1'
INFO: [USF-XSim-3] XSim::Elaborate design
INFO: [USF-XSim-61] Executing 'ELABORATE' step in '/home/goeun/gitHub/Braille_generator_FPGA/uvm/CNN_UVM.sim/sim_1/behav/xsim'
xelab --incr --debug typical --relax --mt 8 -L xil_defaultlib -L uvm -L unisims_ver -L unimacro_ver -L unisims_ver -L secureip --snapshot tb_top_behav xil_defaultlib.tb_top xil_defaultlib.glbl -log elaborate.log -L uvm
Vivado Simulator v2022.2
Copyright 1986-1999, 2001-2022 Xilinx, Inc. All Rights Reserved.
Running: /media/goeun/E/Vivado/2022.2/bin/unwrapped/lnx64.o/xelab --incr --debug typical --relax --mt 8 -L xil_defaultlib -L uvm -L unisims_ver -L unimacro_ver -L unisims_ver -L secureip --snapshot tb_top_behav xil_defaultlib.tb_top xil_defaultlib.glbl -log elaborate.log -L uvm 
Using 8 slave threads.
Starting static elaboration
Pass Through NonSizing Optimizer
WARNING: [VRFC 10-3597] non-void function 'get' called as a task without void casting [/home/goeun/gitHub/Braille_generator_FPGA/uvm/CNN_UVM.srcs/sim_1/imports/new/scoreboard.sv:19]
WARNING: [VRFC 10-3597] non-void function 'get' called as a task without void casting [/home/goeun/gitHub/Braille_generator_FPGA/uvm/CNN_UVM.srcs/sim_1/imports/new/scoreboard.sv:20]
Completed static elaboration
Starting simulation data flow analysis
WARNING: [XSIM 43-4099] "/proj/xbuilds/SWIP/9999.0_0921_2117/installs/lin64/Vivado/2023.1/data/system_verilog/uvm_1.2/xlnx_uvm_package.sv" Line 4356. Module uvm_pkg doesn't have a timescale but at least one module in design has a timescale.
WARNING: [XSIM 43-4099] "/proj/xbuilds/SWIP/9999.0_0921_2117/installs/lin64/Vivado/2023.1/data/system_verilog/uvm_1.2/xlnx_uvm_package.sv" Line 4356. Module uvm_pkg doesn't have a timescale but at least one module in design has a timescale.
WARNING: [XSIM 43-4468] File : /proj/xbuilds/SWIP/9999.0_0921_2117/installs/lin64/Vivado/2023.1/data/system_verilog/uvm_1.2/xlnx_uvm_package.sv, Line : 25994, RANDC variable size more than 8 bits. This will be treated as a RAND variable instead.
WARNING: [XSIM 43-4099] "/home/goeun/gitHub/Braille_generator_FPGA/uvm/CNN_UVM.srcs/sources_1/imports/new/top.v" Line 5. Module top doesn't have a timescale but at least one module in design has a timescale.
WARNING: [XSIM 43-4099] "/home/goeun/gitHub/Braille_generator_FPGA/uvm/CNN_UVM.srcs/sources_1/imports/new/apb3_ip.v" Line 11. Module custom_ip_APB3 doesn't have a timescale but at least one module in design has a timescale.
WARNING: [XSIM 43-4099] "/home/goeun/gitHub/Braille_generator_FPGA/uvm/CNN_UVM.srcs/sources_1/imports/new/cnn_kernel.v" Line 1. Module cnn_kernel doesn't have a timescale but at least one module in design has a timescale.
WARNING: [XSIM 43-4099] "/home/goeun/gitHub/Braille_generator_FPGA/uvm/CNN_UVM.srcs/sources_1/imports/new/top.v" Line 5. Module top doesn't have a timescale but at least one module in design has a timescale.
WARNING: [XSIM 43-4099] "/home/goeun/gitHub/Braille_generator_FPGA/uvm/CNN_UVM.srcs/sources_1/imports/new/apb3_ip.v" Line 11. Module custom_ip_APB3 doesn't have a timescale but at least one module in design has a timescale.
WARNING: [XSIM 43-4099] "/home/goeun/gitHub/Braille_generator_FPGA/uvm/CNN_UVM.srcs/sources_1/imports/new/cnn_kernel.v" Line 1. Module cnn_kernel doesn't have a timescale but at least one module in design has a timescale.
Completed simulation data flow analysis
Time Resolution for simulation is 1ps
Compiling package xil_defaultlib.$unit_apb_packet_sv_543708521
Compiling package uvm.uvm_pkg
Compiling package std.std
Compiling package xil_defaultlib.tb_pkg
Compiling module xil_defaultlib.apb_if
Compiling module xil_defaultlib.cnn_intf
Compiling module xil_defaultlib.custom_ip_APB3
Compiling module xil_defaultlib.cnn_kernel
Compiling module xil_defaultlib.top
Compiling module xil_defaultlib.tb_top
Compiling module xil_defaultlib.glbl
Built simulation snapshot tb_top_behav
execute_script: Time (s): cpu = 00:01:23 ; elapsed = 00:00:31 . Memory (MB): peak = 7201.305 ; gain = 0.000 ; free physical = 6380 ; free virtual = 12848
INFO: [USF-XSim-69] 'elaborate' step finished in '31' seconds
launch_simulation: Time (s): cpu = 00:01:23 ; elapsed = 00:00:31 . Memory (MB): peak = 7201.305 ; gain = 0.000 ; free physical = 6380 ; free virtual = 12848
Time resolution is 1 ps
UVM_INFO /media/goeun/E/Vivado/2022.2/data/system_verilog/uvm_1.2/xlnx_uvm_package.sv(18601) @ 0: reporter [UVM/RELNOTES] 
      (Specify +UVM_NO_RELNOTES to turn off this notice)
  with `UVM_OBJECT_DO_NOT_NEED_CONSTRUCTOR undefined.

  You are using a version of the UVM library that has been compiled
  with `UVM_NO_DEPRECATED undefined.

  You are using a version of the UVM library that has been compiled

  ***********       IMPORTANT RELEASE NOTES         ************
----------------------------------------------------------------
(C) 2013-2014 NVIDIA Corporation
(C) 2011-2013 Cypress Semiconductor Corp.
(C) 2006-2014 Synopsys, Inc.
(C) 2007-2014 Cadence Design Systems, Inc.
(C) 2007-2014 Mentor Graphics Corporation


----------------------------------------------------------------

UVM_WARNING @ 0: reporter [TPRGED] Type name 'apb_monitor' already registered with factory. No string-based lookup support for multiple types with the same type name.
UVM_WARNING @ 0: reporter [TPRGED] Type name 'apb_driver' already registered with factory. No string-based lookup support for multiple types with the same type name.
UVM_WARNING @ 0: reporter [TPRGED] Type name 'apb_sequencer' already registered with factory. No string-based lookup support for multiple types with the same type name.
UVM_WARNING @ 0: reporter [TPRGED] Type name 'apb_agent' already registered with factory. No string-based lookup support for multiple types with the same type name.
UVM_WARNING @ 0: reporter [TPRGED] Type name 'apb_env' already registered with factory. No string-based lookup support for multiple types with the same type name.
UVM_WARNING @ 0: reporter [TPRGED] Type name 'scoreboard' already registered with factory. No string-based lookup support for multiple types with the same type name.
UVM_WARNING @ 0: reporter [TPRGED] Type name 'tb_env' already registered with factory. No string-based lookup support for multiple types with the same type name.
UVM_WARNING @ 0: reporter [TPRGED] Type name 'apb_packet' already registered with factory. No string-based lookup support for multiple types with the same type name.
UVM_WARNING @ 0: reporter [TPRGED] Type name 'cnn_sequence' already registered with factory. No string-based lookup support for multiple types with the same type name.
UVM_INFO @ 0: reporter [RNTST] Running test cnn_test...
UVM_INFO /home/goeun/gitHub/Braille_generator_FPGA/uvm/CNN_UVM.srcs/sim_1/imports/new/base_test.sv(14) @ 0: uvm_test_top [cnn_test] build_phase(test_lib)uvm_test_top
UVM_INFO /home/goeun/gitHub/Braille_generator_FPGA/uvm/CNN_UVM.srcs/sim_1/imports/new/cnn_test.sv(12) @ 0: uvm_test_top [uvm_test_top] build_phase
UVM_INFO /home/goeun/gitHub/Braille_generator_FPGA/uvm/CNN_UVM.srcs/sim_1/imports/new/tb_env.sv(16) @ 0: uvm_test_top.tb [uvm_test_top.tb] build_phase
UVM_INFO /home/goeun/gitHub/Braille_generator_FPGA/uvm/CNN_UVM.srcs/sim_1/imports/new/apb_env.sv(15) @ 0: uvm_test_top.tb.apb [apb_env] [BUILD PHASE] APB ENV
UVM_INFO /home/goeun/gitHub/Braille_generator_FPGA/uvm/CNN_UVM.srcs/sim_1/imports/new/apb_agent.sv(24) @ 0: uvm_test_top.tb.apb.agent [apb_agent] [BUILD PHASE] APB AGENT 1
UVM_INFO /home/goeun/gitHub/Braille_generator_FPGA/uvm/CNN_UVM.srcs/sim_1/imports/new/apb_driver.sv(16) @ 0: uvm_test_top.tb.apb.agent.driver [apb_driver] [BUILD PHASE] apb_driver build
UVM_INFO /home/goeun/gitHub/Braille_generator_FPGA/uvm/CNN_UVM.srcs/sim_1/imports/new/apb_monitor.sv(23) @ 0: uvm_test_top.tb.apb.agent.monitor [apb_monitor] [BUILD PHASE] apb_monitor build phase
UVM_INFO /home/goeun/gitHub/Braille_generator_FPGA/uvm/CNN_UVM.srcs/sim_1/imports/new/scoreboard.sv(21) @ 0: uvm_test_top.tb.sb [scoreboard] [BUILD_PHASE] scoreboard build
UVM_INFO /home/goeun/gitHub/Braille_generator_FPGA/uvm/CNN_UVM.srcs/sim_1/imports/new/apb_agent.sv(29) @ 0: uvm_test_top.tb.apb.agent [apb_agent] [CONNECT PHASE] connect start
UVM_INFO /home/goeun/gitHub/Braille_generator_FPGA/uvm/CNN_UVM.srcs/sim_1/imports/new/tb_env.sv(21) @ 0: uvm_test_top.tb [uvm_test_top.tb] Connect phase complete.
UVM_INFO /media/goeun/E/Vivado/2022.2/data/system_verilog/uvm_1.2/xlnx_uvm_package.sv(20867) @ 0: reporter [UVM/COMP/NAMECHECK] This implementation of the component name checks requires DPI to be enabled
UVM_INFO /home/goeun/gitHub/Braille_generator_FPGA/uvm/CNN_UVM.srcs/sim_1/imports/new/cnn_test.sv(16) @ 0: uvm_test_top [uvm_test_top] run_phase
UVM_INFO /home/goeun/gitHub/Braille_generator_FPGA/uvm/CNN_UVM.srcs/sim_1/imports/new/scoreboard.sv(26) @ 0: uvm_test_top.tb.sb [scoreboard] [RUN_PHASE] scoreboard run_phase
UVM_INFO /home/goeun/gitHub/Braille_generator_FPGA/uvm/CNN_UVM.srcs/sim_1/imports/new/apb_monitor.sv(31) @ 0: uvm_test_top.tb.apb.agent.monitor [apb_monitor] run_phase
UVM_INFO /home/goeun/gitHub/Braille_generator_FPGA/uvm/CNN_UVM.srcs/sim_1/imports/new/apb_monitor.sv(38) @ 0: uvm_test_top.tb.apb.agent.monitor [uvm_test_top.tb.apb.agent.monitor] Run stage start.
UVM_INFO /home/goeun/gitHub/Braille_generator_FPGA/uvm/CNN_UVM.srcs/sim_1/imports/new/apb_driver.sv(20) @ 0: uvm_test_top.tb.apb.agent.driver [apb_driver] [RUN PHASE] driver run_phase start
UVM_INFO /home/goeun/gitHub/Braille_generator_FPGA/uvm/CNN_UVM.srcs/sim_1/imports/new/apb_driver.sv(40) @ 0: uvm_test_top.tb.apb.agent.driver [apb_driver] Drive signals ... 
UVM_INFO /home/goeun/gitHub/Braille_generator_FPGA/uvm/CNN_UVM.srcs/sim_1/imports/new/cnn_seq.sv(44) @ 0: uvm_test_top.tb.apb.agent.sequencer@@seq [cnn_sequence] cnn_seq body() start
UVM_INFO /home/goeun/gitHub/Braille_generator_FPGA/uvm/CNN_UVM.srcs/sim_1/imports/new/cnn_seq.sv(9) @ 0: uvm_test_top.tb.apb.agent.sequencer@@seq [cnn_sequence] [HW_WRITE] ADDR: 0x000, WDATA: 0x002
UVM_INFO /home/goeun/gitHub/Braille_generator_FPGA/uvm/CNN_UVM.srcs/sim_1/imports/new/apb_driver.sv(30) @ 1000: uvm_test_top.tb.apb.agent.driver [apb_driver] negedge apb_vif.PRESETN
UVM_INFO /home/goeun/gitHub/Braille_generator_FPGA/uvm/CNN_UVM.srcs/sim_1/imports/new/scoreboard.sv(94) @ 20000: uvm_test_top.tb.sb [scoreboard] [Packet] ADDR: 0x000, [DUT] ADDR: 0x000
UVM_INFO /home/goeun/gitHub/Braille_generator_FPGA/uvm/CNN_UVM.srcs/sim_1/imports/new/scoreboard.sv(98) @ 20000: uvm_test_top.tb.sb [scoreboard] [Packet] WDATA: 0x002, [DUT] WDATA: 0x002
UVM_INFO /home/goeun/gitHub/Braille_generator_FPGA/uvm/CNN_UVM.srcs/sim_1/imports/new/cnn_seq.sv(9) @ 35000: uvm_test_top.tb.apb.agent.sequencer@@seq [cnn_sequence] [HW_WRITE] ADDR: 0x008, WDATA: 0x004
UVM_INFO /home/goeun/gitHub/Braille_generator_FPGA/uvm/CNN_UVM.srcs/sim_1/imports/new/scoreboard.sv(94) @ 60000: uvm_test_top.tb.sb [scoreboard] [Packet] ADDR: 0x008, [DUT] ADDR: 0x008
UVM_INFO /home/goeun/gitHub/Braille_generator_FPGA/uvm/CNN_UVM.srcs/sim_1/imports/new/scoreboard.sv(98) @ 60000: uvm_test_top.tb.sb [scoreboard] [Packet] WDATA: 0x004, [DUT] WDATA: 0x004
UVM_INFO /home/goeun/gitHub/Braille_generator_FPGA/uvm/CNN_UVM.srcs/sim_1/imports/new/cnn_seq.sv(9) @ 75000: uvm_test_top.tb.apb.agent.sequencer@@seq [cnn_sequence] [HW_WRITE] ADDR: 0x004, WDATA: 0x001
UVM_INFO /home/goeun/gitHub/Braille_generator_FPGA/uvm/CNN_UVM.srcs/sim_1/imports/new/scoreboard.sv(94) @ 100000: uvm_test_top.tb.sb [scoreboard] [Packet] ADDR: 0x004, [DUT] ADDR: 0x004
UVM_INFO /home/goeun/gitHub/Braille_generator_FPGA/uvm/CNN_UVM.srcs/sim_1/imports/new/scoreboard.sv(98) @ 100000: uvm_test_top.tb.sb [scoreboard] [Packet] WDATA: 0x001, [DUT] WDATA: 0x001
UVM_INFO /home/goeun/gitHub/Braille_generator_FPGA/uvm/CNN_UVM.srcs/sim_1/imports/new/scoreboard.sv(94) @ 140000: uvm_test_top.tb.sb [scoreboard] [Packet] ADDR: 0x000, [DUT] ADDR: 0x000
UVM_INFO /home/goeun/gitHub/Braille_generator_FPGA/uvm/CNN_UVM.srcs/sim_1/imports/new/scoreboard.sv(101) @ 140000: uvm_test_top.tb.sb [scoreboard] [Packet] RDATA: 0x002, [DUT] RDATA: 0x002
UVM_INFO /home/goeun/gitHub/Braille_generator_FPGA/uvm/CNN_UVM.srcs/sim_1/imports/new/cnn_seq.sv(26) @ 155000: uvm_test_top.tb.apb.agent.sequencer@@seq [cnn_sequence] [HW_READ] ADDR: 0x000, RDATA: 0x002
UVM_INFO /home/goeun/gitHub/Braille_generator_FPGA/uvm/CNN_UVM.srcs/sim_1/imports/new/scoreboard.sv(94) @ 180000: uvm_test_top.tb.sb [scoreboard] [Packet] ADDR: 0x008, [DUT] ADDR: 0x008
UVM_INFO /home/goeun/gitHub/Braille_generator_FPGA/uvm/CNN_UVM.srcs/sim_1/imports/new/scoreboard.sv(101) @ 180000: uvm_test_top.tb.sb [scoreboard] [Packet] RDATA: 0x004, [DUT] RDATA: 0x004
UVM_INFO /home/goeun/gitHub/Braille_generator_FPGA/uvm/CNN_UVM.srcs/sim_1/imports/new/cnn_seq.sv(26) @ 195000: uvm_test_top.tb.apb.agent.sequencer@@seq [cnn_sequence] [HW_READ] ADDR: 0x008, RDATA: 0x004
UVM_INFO /home/goeun/gitHub/Braille_generator_FPGA/uvm/CNN_UVM.srcs/sim_1/imports/new/scoreboard.sv(94) @ 220000: uvm_test_top.tb.sb [scoreboard] [Packet] ADDR: 0x004, [DUT] ADDR: 0x004
UVM_INFO /home/goeun/gitHub/Braille_generator_FPGA/uvm/CNN_UVM.srcs/sim_1/imports/new/scoreboard.sv(101) @ 220000: uvm_test_top.tb.sb [scoreboard] [Packet] RDATA: 0x001, [DUT] RDATA: 0x001
UVM_INFO /home/goeun/gitHub/Braille_generator_FPGA/uvm/CNN_UVM.srcs/sim_1/imports/new/cnn_seq.sv(26) @ 235000: uvm_test_top.tb.apb.agent.sequencer@@seq [cnn_sequence] [HW_READ] ADDR: 0x004, RDATA: 0x001
relaunch_sim: Time (s): cpu = 00:01:25 ; elapsed = 00:00:34 . Memory (MB): peak = 7208.309 ; gain = 7.004 ; free physical = 6376 ; free virtual = 12844
run all
UVM_INFO /media/goeun/E/Vivado/2022.2/data/system_verilog/uvm_1.2/xlnx_uvm_package.sv(19968) @ 2235000: reporter [TEST_DONE] 'run' phase is ready to proceed to the 'extract' phase
UVM_INFO /home/goeun/gitHub/Braille_generator_FPGA/uvm/CNN_UVM.srcs/sim_1/imports/new/apb_monitor.sv(59) @ 2235000: uvm_test_top.tb.apb.agent.monitor [apb_monitor] REPORT: COLLECT PACKET: 6
UVM_INFO /media/goeun/E/Vivado/2022.2/data/system_verilog/uvm_1.2/xlnx_uvm_package.sv(13673) @ 2235000: reporter [UVM/REPORT/SERVER] [uvm_test_top.tb.apb.agent.monitor]     1
[uvm_test_top.tb]     2
[uvm_test_top]     2
[scoreboard]    14
[cnn_test]     1
[cnn_sequence]     7
[apb_monitor]     3
[apb_env]     1
[apb_driver]     4
[apb_agent]     2
[UVM/RELNOTES]     1
[UVM/COMP/NAMECHECK]     1
[TPRGED]     9
[TEST_DONE]     1
[RNTST]     1
** Report counts by id
UVM_FATAL :    0
UVM_ERROR :    0
UVM_WARNING :    9
UVM_INFO :   41
** Report counts by severity

--- UVM Report Summary ---


$finish called at time : 2235 ns : File "/media/goeun/E/Vivado/2022.2/data/system_verilog/uvm_1.2/xlnx_uvm_package.sv" Line 18699
relaunch_sim
Command: launch_simulation -step compile -simset sim_1 -mode behavioral
INFO: [Vivado 12-12493] Simulation top is 'tb_top'
WARNING: [Vivado 12-13277] Compiled library path does not exist: ''
INFO: [Vivado 12-5682] Launching behavioral simulation in '/home/goeun/gitHub/Braille_generator_FPGA/uvm/CNN_UVM.sim/sim_1/behav/xsim'
INFO: [SIM-utils-51] Simulation object is 'sim_1'
INFO: [USF-XSim-2] XSim::Compile design
INFO: [USF-XSim-61] Executing 'COMPILE and ANALYZE' step in '/home/goeun/gitHub/Braille_generator_FPGA/uvm/CNN_UVM.sim/sim_1/behav/xsim'
xvlog --incr --relax -L uvm -L uvm -prj tb_top_vlog.prj
INFO: [VRFC 10-2263] Analyzing SystemVerilog file "/home/goeun/gitHub/Braille_generator_FPGA/uvm/CNN_UVM.srcs/sim_1/imports/new/apb_packet.sv" into library xil_defaultlib
INFO: [VRFC 10-2263] Analyzing SystemVerilog file "/home/goeun/gitHub/Braille_generator_FPGA/uvm/CNN_UVM.srcs/sim_1/imports/new/apb_monitor.sv" into library xil_defaultlib
INFO: [VRFC 10-2263] Analyzing SystemVerilog file "/home/goeun/gitHub/Braille_generator_FPGA/uvm/CNN_UVM.srcs/sim_1/imports/new/apb_driver.sv" into library xil_defaultlib
INFO: [VRFC 10-2263] Analyzing SystemVerilog file "/home/goeun/gitHub/Braille_generator_FPGA/uvm/CNN_UVM.srcs/sim_1/imports/new/apb_sequencer.sv" into library xil_defaultlib
INFO: [VRFC 10-2263] Analyzing SystemVerilog file "/home/goeun/gitHub/Braille_generator_FPGA/uvm/CNN_UVM.srcs/sim_1/imports/new/apb_agent.sv" into library xil_defaultlib
INFO: [VRFC 10-2263] Analyzing SystemVerilog file "/home/goeun/gitHub/Braille_generator_FPGA/uvm/CNN_UVM.srcs/sim_1/imports/new/apb_env.sv" into library xil_defaultlib
INFO: [VRFC 10-2263] Analyzing SystemVerilog file "/home/goeun/gitHub/Braille_generator_FPGA/uvm/CNN_UVM.srcs/sim_1/imports/new/scoreboard.sv" into library xil_defaultlib
INFO: [VRFC 10-2263] Analyzing SystemVerilog file "/home/goeun/gitHub/Braille_generator_FPGA/uvm/CNN_UVM.srcs/sim_1/imports/new/tb_env.sv" into library xil_defaultlib
INFO: [VRFC 10-2263] Analyzing SystemVerilog file "/home/goeun/gitHub/Braille_generator_FPGA/uvm/CNN_UVM.srcs/sim_1/new/cnn_seq.sv" into library xil_defaultlib
INFO: [VRFC 10-2263] Analyzing SystemVerilog file "/home/goeun/gitHub/Braille_generator_FPGA/uvm/CNN_UVM.srcs/sim_1/imports/new/tb_pkg.sv" into library xil_defaultlib
INFO: [VRFC 10-2263] Analyzing SystemVerilog file "/home/goeun/gitHub/Braille_generator_FPGA/uvm/CNN_UVM.srcs/sim_1/imports/new/tb_top.sv" into library xil_defaultlib
WARNING: [VRFC 10-3609] overwriting previous definition of package 'tb_pkg' [/home/goeun/gitHub/Braille_generator_FPGA/uvm/CNN_UVM.srcs/sim_1/imports/new/tb_pkg.sv:1]
INFO: [VRFC 10-311] analyzing module tb_top
Waiting for jobs to finish...
No pending jobs, compilation finished.
INFO: [USF-XSim-69] 'compile' step finished in '2' seconds
launch_simulation: Time (s): cpu = 00:00:14 ; elapsed = 00:00:13 . Memory (MB): peak = 7217.582 ; gain = 0.000 ; free physical = 6312 ; free virtual = 12790
Command: launch_simulation -step elaborate -simset sim_1 -mode behavioral
INFO: [Vivado 12-12493] Simulation top is 'tb_top'
WARNING: [Vivado 12-13277] Compiled library path does not exist: ''
INFO: [Vivado 12-5682] Launching behavioral simulation in '/home/goeun/gitHub/Braille_generator_FPGA/uvm/CNN_UVM.sim/sim_1/behav/xsim'
INFO: [SIM-utils-51] Simulation object is 'sim_1'
INFO: [USF-XSim-3] XSim::Elaborate design
INFO: [USF-XSim-61] Executing 'ELABORATE' step in '/home/goeun/gitHub/Braille_generator_FPGA/uvm/CNN_UVM.sim/sim_1/behav/xsim'
xelab --incr --debug typical --relax --mt 8 -L xil_defaultlib -L uvm -L unisims_ver -L unimacro_ver -L unisims_ver -L secureip --snapshot tb_top_behav xil_defaultlib.tb_top xil_defaultlib.glbl -log elaborate.log -L uvm
Vivado Simulator v2022.2
Copyright 1986-1999, 2001-2022 Xilinx, Inc. All Rights Reserved.
Running: /media/goeun/E/Vivado/2022.2/bin/unwrapped/lnx64.o/xelab --incr --debug typical --relax --mt 8 -L xil_defaultlib -L uvm -L unisims_ver -L unimacro_ver -L unisims_ver -L secureip --snapshot tb_top_behav xil_defaultlib.tb_top xil_defaultlib.glbl -log elaborate.log -L uvm 
Using 8 slave threads.
Starting static elaboration
Pass Through NonSizing Optimizer
WARNING: [VRFC 10-3597] non-void function 'get' called as a task without void casting [/home/goeun/gitHub/Braille_generator_FPGA/uvm/CNN_UVM.srcs/sim_1/imports/new/scoreboard.sv:19]
WARNING: [VRFC 10-3597] non-void function 'get' called as a task without void casting [/home/goeun/gitHub/Braille_generator_FPGA/uvm/CNN_UVM.srcs/sim_1/imports/new/scoreboard.sv:20]
Completed static elaboration
Starting simulation data flow analysis
WARNING: [XSIM 43-4099] "/proj/xbuilds/SWIP/9999.0_0921_2117/installs/lin64/Vivado/2023.1/data/system_verilog/uvm_1.2/xlnx_uvm_package.sv" Line 4356. Module uvm_pkg doesn't have a timescale but at least one module in design has a timescale.
WARNING: [XSIM 43-4099] "/proj/xbuilds/SWIP/9999.0_0921_2117/installs/lin64/Vivado/2023.1/data/system_verilog/uvm_1.2/xlnx_uvm_package.sv" Line 4356. Module uvm_pkg doesn't have a timescale but at least one module in design has a timescale.
WARNING: [XSIM 43-4468] File : /proj/xbuilds/SWIP/9999.0_0921_2117/installs/lin64/Vivado/2023.1/data/system_verilog/uvm_1.2/xlnx_uvm_package.sv, Line : 25994, RANDC variable size more than 8 bits. This will be treated as a RAND variable instead.
WARNING: [XSIM 43-4099] "/home/goeun/gitHub/Braille_generator_FPGA/uvm/CNN_UVM.srcs/sources_1/imports/new/top.v" Line 5. Module top doesn't have a timescale but at least one module in design has a timescale.
WARNING: [XSIM 43-4099] "/home/goeun/gitHub/Braille_generator_FPGA/uvm/CNN_UVM.srcs/sources_1/imports/new/apb3_ip.v" Line 11. Module custom_ip_APB3 doesn't have a timescale but at least one module in design has a timescale.
WARNING: [XSIM 43-4099] "/home/goeun/gitHub/Braille_generator_FPGA/uvm/CNN_UVM.srcs/sources_1/imports/new/cnn_kernel.v" Line 1. Module cnn_kernel doesn't have a timescale but at least one module in design has a timescale.
WARNING: [XSIM 43-4099] "/home/goeun/gitHub/Braille_generator_FPGA/uvm/CNN_UVM.srcs/sources_1/imports/new/top.v" Line 5. Module top doesn't have a timescale but at least one module in design has a timescale.
WARNING: [XSIM 43-4099] "/home/goeun/gitHub/Braille_generator_FPGA/uvm/CNN_UVM.srcs/sources_1/imports/new/apb3_ip.v" Line 11. Module custom_ip_APB3 doesn't have a timescale but at least one module in design has a timescale.
WARNING: [XSIM 43-4099] "/home/goeun/gitHub/Braille_generator_FPGA/uvm/CNN_UVM.srcs/sources_1/imports/new/cnn_kernel.v" Line 1. Module cnn_kernel doesn't have a timescale but at least one module in design has a timescale.
Completed simulation data flow analysis
Time Resolution for simulation is 1ps
Compiling package xil_defaultlib.$unit_apb_packet_sv_543708521
Compiling package uvm.uvm_pkg
Compiling package std.std
Compiling package xil_defaultlib.tb_pkg
Compiling module xil_defaultlib.apb_if
Compiling module xil_defaultlib.cnn_intf
Compiling module xil_defaultlib.custom_ip_APB3
Compiling module xil_defaultlib.cnn_kernel
Compiling module xil_defaultlib.top
Compiling module xil_defaultlib.tb_top
Compiling module xil_defaultlib.glbl
Built simulation snapshot tb_top_behav
execute_script: Time (s): cpu = 00:01:23 ; elapsed = 00:00:31 . Memory (MB): peak = 7217.582 ; gain = 0.000 ; free physical = 6377 ; free virtual = 12847
INFO: [USF-XSim-69] 'elaborate' step finished in '31' seconds
launch_simulation: Time (s): cpu = 00:01:23 ; elapsed = 00:00:31 . Memory (MB): peak = 7217.582 ; gain = 0.000 ; free physical = 6377 ; free virtual = 12847
Time resolution is 1 ps
UVM_INFO /media/goeun/E/Vivado/2022.2/data/system_verilog/uvm_1.2/xlnx_uvm_package.sv(18601) @ 0: reporter [UVM/RELNOTES] 
      (Specify +UVM_NO_RELNOTES to turn off this notice)
  with `UVM_OBJECT_DO_NOT_NEED_CONSTRUCTOR undefined.

  You are using a version of the UVM library that has been compiled
  with `UVM_NO_DEPRECATED undefined.

  You are using a version of the UVM library that has been compiled

  ***********       IMPORTANT RELEASE NOTES         ************
----------------------------------------------------------------
(C) 2013-2014 NVIDIA Corporation
(C) 2011-2013 Cypress Semiconductor Corp.
(C) 2006-2014 Synopsys, Inc.
(C) 2007-2014 Cadence Design Systems, Inc.
(C) 2007-2014 Mentor Graphics Corporation


----------------------------------------------------------------

UVM_WARNING @ 0: reporter [TPRGED] Type name 'apb_monitor' already registered with factory. No string-based lookup support for multiple types with the same type name.
UVM_WARNING @ 0: reporter [TPRGED] Type name 'apb_driver' already registered with factory. No string-based lookup support for multiple types with the same type name.
UVM_WARNING @ 0: reporter [TPRGED] Type name 'apb_sequencer' already registered with factory. No string-based lookup support for multiple types with the same type name.
UVM_WARNING @ 0: reporter [TPRGED] Type name 'apb_agent' already registered with factory. No string-based lookup support for multiple types with the same type name.
UVM_WARNING @ 0: reporter [TPRGED] Type name 'apb_env' already registered with factory. No string-based lookup support for multiple types with the same type name.
UVM_WARNING @ 0: reporter [TPRGED] Type name 'scoreboard' already registered with factory. No string-based lookup support for multiple types with the same type name.
UVM_WARNING @ 0: reporter [TPRGED] Type name 'tb_env' already registered with factory. No string-based lookup support for multiple types with the same type name.
UVM_WARNING @ 0: reporter [TPRGED] Type name 'apb_packet' already registered with factory. No string-based lookup support for multiple types with the same type name.
UVM_WARNING @ 0: reporter [TPRGED] Type name 'cnn_sequence' already registered with factory. No string-based lookup support for multiple types with the same type name.
UVM_INFO @ 0: reporter [RNTST] Running test cnn_test...
UVM_INFO /home/goeun/gitHub/Braille_generator_FPGA/uvm/CNN_UVM.srcs/sim_1/imports/new/base_test.sv(14) @ 0: uvm_test_top [cnn_test] build_phase(test_lib)uvm_test_top
UVM_INFO /home/goeun/gitHub/Braille_generator_FPGA/uvm/CNN_UVM.srcs/sim_1/imports/new/cnn_test.sv(12) @ 0: uvm_test_top [uvm_test_top] build_phase
UVM_INFO /home/goeun/gitHub/Braille_generator_FPGA/uvm/CNN_UVM.srcs/sim_1/imports/new/tb_env.sv(16) @ 0: uvm_test_top.tb [uvm_test_top.tb] build_phase
UVM_INFO /home/goeun/gitHub/Braille_generator_FPGA/uvm/CNN_UVM.srcs/sim_1/imports/new/apb_env.sv(15) @ 0: uvm_test_top.tb.apb [apb_env] [BUILD PHASE] APB ENV
UVM_INFO /home/goeun/gitHub/Braille_generator_FPGA/uvm/CNN_UVM.srcs/sim_1/imports/new/apb_agent.sv(24) @ 0: uvm_test_top.tb.apb.agent [apb_agent] [BUILD PHASE] APB AGENT 1
UVM_INFO /home/goeun/gitHub/Braille_generator_FPGA/uvm/CNN_UVM.srcs/sim_1/imports/new/apb_driver.sv(16) @ 0: uvm_test_top.tb.apb.agent.driver [apb_driver] [BUILD PHASE] apb_driver build
UVM_INFO /home/goeun/gitHub/Braille_generator_FPGA/uvm/CNN_UVM.srcs/sim_1/imports/new/apb_monitor.sv(23) @ 0: uvm_test_top.tb.apb.agent.monitor [apb_monitor] [BUILD PHASE] apb_monitor build phase
UVM_INFO /home/goeun/gitHub/Braille_generator_FPGA/uvm/CNN_UVM.srcs/sim_1/imports/new/scoreboard.sv(21) @ 0: uvm_test_top.tb.sb [scoreboard] [BUILD_PHASE] scoreboard build
UVM_INFO /home/goeun/gitHub/Braille_generator_FPGA/uvm/CNN_UVM.srcs/sim_1/imports/new/apb_agent.sv(29) @ 0: uvm_test_top.tb.apb.agent [apb_agent] [CONNECT PHASE] connect start
UVM_INFO /home/goeun/gitHub/Braille_generator_FPGA/uvm/CNN_UVM.srcs/sim_1/imports/new/tb_env.sv(21) @ 0: uvm_test_top.tb [uvm_test_top.tb] Connect phase complete.
UVM_INFO /media/goeun/E/Vivado/2022.2/data/system_verilog/uvm_1.2/xlnx_uvm_package.sv(20867) @ 0: reporter [UVM/COMP/NAMECHECK] This implementation of the component name checks requires DPI to be enabled
UVM_INFO /home/goeun/gitHub/Braille_generator_FPGA/uvm/CNN_UVM.srcs/sim_1/imports/new/cnn_test.sv(16) @ 0: uvm_test_top [uvm_test_top] run_phase
UVM_INFO /home/goeun/gitHub/Braille_generator_FPGA/uvm/CNN_UVM.srcs/sim_1/imports/new/scoreboard.sv(26) @ 0: uvm_test_top.tb.sb [scoreboard] [RUN_PHASE] scoreboard run_phase
UVM_INFO /home/goeun/gitHub/Braille_generator_FPGA/uvm/CNN_UVM.srcs/sim_1/imports/new/apb_monitor.sv(31) @ 0: uvm_test_top.tb.apb.agent.monitor [apb_monitor] run_phase
UVM_INFO /home/goeun/gitHub/Braille_generator_FPGA/uvm/CNN_UVM.srcs/sim_1/imports/new/apb_monitor.sv(38) @ 0: uvm_test_top.tb.apb.agent.monitor [uvm_test_top.tb.apb.agent.monitor] Run stage start.
UVM_INFO /home/goeun/gitHub/Braille_generator_FPGA/uvm/CNN_UVM.srcs/sim_1/imports/new/apb_driver.sv(20) @ 0: uvm_test_top.tb.apb.agent.driver [apb_driver] [RUN PHASE] driver run_phase start
UVM_INFO /home/goeun/gitHub/Braille_generator_FPGA/uvm/CNN_UVM.srcs/sim_1/imports/new/apb_driver.sv(40) @ 0: uvm_test_top.tb.apb.agent.driver [apb_driver] Drive signals ... 
UVM_INFO /home/goeun/gitHub/Braille_generator_FPGA/uvm/CNN_UVM.srcs/sim_1/imports/new/cnn_seq.sv(44) @ 0: uvm_test_top.tb.apb.agent.sequencer@@seq [cnn_sequence] cnn_seq body() start
UVM_INFO /home/goeun/gitHub/Braille_generator_FPGA/uvm/CNN_UVM.srcs/sim_1/imports/new/cnn_seq.sv(9) @ 0: uvm_test_top.tb.apb.agent.sequencer@@seq [cnn_sequence] [HW_WRITE] ADDR: 0x000, WDATA: 0x002
UVM_INFO /home/goeun/gitHub/Braille_generator_FPGA/uvm/CNN_UVM.srcs/sim_1/imports/new/apb_driver.sv(30) @ 1000: uvm_test_top.tb.apb.agent.driver [apb_driver] negedge apb_vif.PRESETN
UVM_INFO /home/goeun/gitHub/Braille_generator_FPGA/uvm/CNN_UVM.srcs/sim_1/imports/new/scoreboard.sv(95) @ 20000: uvm_test_top.tb.sb [scoreboard] [Packet] ADDR: 0x000, [DUT] ADDR: 0x000
UVM_INFO /home/goeun/gitHub/Braille_generator_FPGA/uvm/CNN_UVM.srcs/sim_1/imports/new/scoreboard.sv(99) @ 20000: uvm_test_top.tb.sb [scoreboard] [Packet] WDATA: 0x002, [DUT] WDATA: 0x002
UVM_INFO /home/goeun/gitHub/Braille_generator_FPGA/uvm/CNN_UVM.srcs/sim_1/imports/new/cnn_seq.sv(9) @ 35000: uvm_test_top.tb.apb.agent.sequencer@@seq [cnn_sequence] [HW_WRITE] ADDR: 0x008, WDATA: 0x004
UVM_INFO /home/goeun/gitHub/Braille_generator_FPGA/uvm/CNN_UVM.srcs/sim_1/imports/new/scoreboard.sv(95) @ 60000: uvm_test_top.tb.sb [scoreboard] [Packet] ADDR: 0x008, [DUT] ADDR: 0x008
UVM_INFO /home/goeun/gitHub/Braille_generator_FPGA/uvm/CNN_UVM.srcs/sim_1/imports/new/scoreboard.sv(99) @ 60000: uvm_test_top.tb.sb [scoreboard] [Packet] WDATA: 0x004, [DUT] WDATA: 0x004
UVM_INFO /home/goeun/gitHub/Braille_generator_FPGA/uvm/CNN_UVM.srcs/sim_1/imports/new/cnn_seq.sv(9) @ 75000: uvm_test_top.tb.apb.agent.sequencer@@seq [cnn_sequence] [HW_WRITE] ADDR: 0x004, WDATA: 0x001
UVM_INFO /home/goeun/gitHub/Braille_generator_FPGA/uvm/CNN_UVM.srcs/sim_1/imports/new/scoreboard.sv(95) @ 100000: uvm_test_top.tb.sb [scoreboard] [Packet] ADDR: 0x004, [DUT] ADDR: 0x004
UVM_INFO /home/goeun/gitHub/Braille_generator_FPGA/uvm/CNN_UVM.srcs/sim_1/imports/new/scoreboard.sv(99) @ 100000: uvm_test_top.tb.sb [scoreboard] [Packet] WDATA: 0x001, [DUT] WDATA: 0x001
UVM_INFO /home/goeun/gitHub/Braille_generator_FPGA/uvm/CNN_UVM.srcs/sim_1/imports/new/scoreboard.sv(95) @ 140000: uvm_test_top.tb.sb [scoreboard] [Packet] ADDR: 0x000, [DUT] ADDR: 0x000
UVM_INFO /home/goeun/gitHub/Braille_generator_FPGA/uvm/CNN_UVM.srcs/sim_1/imports/new/scoreboard.sv(102) @ 140000: uvm_test_top.tb.sb [scoreboard] [Packet] RDATA: 0x002, [DUT] RDATA: 0x002
UVM_INFO /home/goeun/gitHub/Braille_generator_FPGA/uvm/CNN_UVM.srcs/sim_1/imports/new/scoreboard.sv(55) @ 145000: uvm_test_top.tb.sb [scoreboard] Weight set to: 0x02
UVM_INFO /home/goeun/gitHub/Braille_generator_FPGA/uvm/CNN_UVM.srcs/sim_1/imports/new/cnn_seq.sv(26) @ 155000: uvm_test_top.tb.apb.agent.sequencer@@seq [cnn_sequence] [HW_READ] ADDR: 0x000, RDATA: 0x002
UVM_INFO /home/goeun/gitHub/Braille_generator_FPGA/uvm/CNN_UVM.srcs/sim_1/imports/new/scoreboard.sv(60) @ 175000: uvm_test_top.tb.sb [scoreboard] Fmap set to: 0x02
UVM_INFO /home/goeun/gitHub/Braille_generator_FPGA/uvm/CNN_UVM.srcs/sim_1/imports/new/scoreboard.sv(95) @ 180000: uvm_test_top.tb.sb [scoreboard] [Packet] ADDR: 0x008, [DUT] ADDR: 0x008
UVM_INFO /home/goeun/gitHub/Braille_generator_FPGA/uvm/CNN_UVM.srcs/sim_1/imports/new/scoreboard.sv(102) @ 180000: uvm_test_top.tb.sb [scoreboard] [Packet] RDATA: 0x004, [DUT] RDATA: 0x004
UVM_INFO /home/goeun/gitHub/Braille_generator_FPGA/uvm/CNN_UVM.srcs/sim_1/imports/new/cnn_seq.sv(26) @ 195000: uvm_test_top.tb.apb.agent.sequencer@@seq [cnn_sequence] [HW_READ] ADDR: 0x008, RDATA: 0x004
UVM_INFO /home/goeun/gitHub/Braille_generator_FPGA/uvm/CNN_UVM.srcs/sim_1/imports/new/scoreboard.sv(95) @ 220000: uvm_test_top.tb.sb [scoreboard] [Packet] ADDR: 0x004, [DUT] ADDR: 0x004
UVM_INFO /home/goeun/gitHub/Braille_generator_FPGA/uvm/CNN_UVM.srcs/sim_1/imports/new/scoreboard.sv(102) @ 220000: uvm_test_top.tb.sb [scoreboard] [Packet] RDATA: 0x001, [DUT] RDATA: 0x001
UVM_ERROR /home/goeun/gitHub/Braille_generator_FPGA/uvm/CNN_UVM.srcs/sim_1/imports/new/scoreboard.sv(77) @ 235000: uvm_test_top.tb.sb [scoreboard] [FAIL] fmap (0x02) × weight (0x02) = 0x0004, but cnn_out = 0x0008
UVM_INFO /home/goeun/gitHub/Braille_generator_FPGA/uvm/CNN_UVM.srcs/sim_1/imports/new/cnn_seq.sv(26) @ 235000: uvm_test_top.tb.apb.agent.sequencer@@seq [cnn_sequence] [HW_READ] ADDR: 0x004, RDATA: 0x001
relaunch_sim: Time (s): cpu = 00:01:38 ; elapsed = 00:00:45 . Memory (MB): peak = 7224.316 ; gain = 6.734 ; free physical = 6390 ; free virtual = 12860
relaunch_sim
Command: launch_simulation -step compile -simset sim_1 -mode behavioral
INFO: [Vivado 12-12493] Simulation top is 'tb_top'
WARNING: [Vivado 12-13277] Compiled library path does not exist: ''
INFO: [Vivado 12-5682] Launching behavioral simulation in '/home/goeun/gitHub/Braille_generator_FPGA/uvm/CNN_UVM.sim/sim_1/behav/xsim'
INFO: [SIM-utils-51] Simulation object is 'sim_1'
INFO: [USF-XSim-2] XSim::Compile design
INFO: [USF-XSim-61] Executing 'COMPILE and ANALYZE' step in '/home/goeun/gitHub/Braille_generator_FPGA/uvm/CNN_UVM.sim/sim_1/behav/xsim'
xvlog --incr --relax -L uvm -L uvm -prj tb_top_vlog.prj
INFO: [VRFC 10-2263] Analyzing SystemVerilog file "/home/goeun/gitHub/Braille_generator_FPGA/uvm/CNN_UVM.srcs/sim_1/imports/new/apb_packet.sv" into library xil_defaultlib
INFO: [VRFC 10-2263] Analyzing SystemVerilog file "/home/goeun/gitHub/Braille_generator_FPGA/uvm/CNN_UVM.srcs/sim_1/imports/new/apb_monitor.sv" into library xil_defaultlib
INFO: [VRFC 10-2263] Analyzing SystemVerilog file "/home/goeun/gitHub/Braille_generator_FPGA/uvm/CNN_UVM.srcs/sim_1/imports/new/apb_driver.sv" into library xil_defaultlib
INFO: [VRFC 10-2263] Analyzing SystemVerilog file "/home/goeun/gitHub/Braille_generator_FPGA/uvm/CNN_UVM.srcs/sim_1/imports/new/apb_sequencer.sv" into library xil_defaultlib
INFO: [VRFC 10-2263] Analyzing SystemVerilog file "/home/goeun/gitHub/Braille_generator_FPGA/uvm/CNN_UVM.srcs/sim_1/imports/new/apb_agent.sv" into library xil_defaultlib
INFO: [VRFC 10-2263] Analyzing SystemVerilog file "/home/goeun/gitHub/Braille_generator_FPGA/uvm/CNN_UVM.srcs/sim_1/imports/new/apb_env.sv" into library xil_defaultlib
INFO: [VRFC 10-2263] Analyzing SystemVerilog file "/home/goeun/gitHub/Braille_generator_FPGA/uvm/CNN_UVM.srcs/sim_1/imports/new/scoreboard.sv" into library xil_defaultlib
INFO: [VRFC 10-2263] Analyzing SystemVerilog file "/home/goeun/gitHub/Braille_generator_FPGA/uvm/CNN_UVM.srcs/sim_1/imports/new/tb_env.sv" into library xil_defaultlib
INFO: [VRFC 10-2263] Analyzing SystemVerilog file "/home/goeun/gitHub/Braille_generator_FPGA/uvm/CNN_UVM.srcs/sim_1/new/cnn_seq.sv" into library xil_defaultlib
INFO: [VRFC 10-2263] Analyzing SystemVerilog file "/home/goeun/gitHub/Braille_generator_FPGA/uvm/CNN_UVM.srcs/sim_1/imports/new/tb_pkg.sv" into library xil_defaultlib
INFO: [VRFC 10-2263] Analyzing SystemVerilog file "/home/goeun/gitHub/Braille_generator_FPGA/uvm/CNN_UVM.srcs/sim_1/imports/new/tb_top.sv" into library xil_defaultlib
WARNING: [VRFC 10-3609] overwriting previous definition of package 'tb_pkg' [/home/goeun/gitHub/Braille_generator_FPGA/uvm/CNN_UVM.srcs/sim_1/imports/new/tb_pkg.sv:1]
INFO: [VRFC 10-311] analyzing module tb_top
Waiting for jobs to finish...
No pending jobs, compilation finished.
INFO: [USF-XSim-69] 'compile' step finished in '1' seconds
launch_simulation: Time (s): cpu = 00:00:14 ; elapsed = 00:00:13 . Memory (MB): peak = 7224.320 ; gain = 0.000 ; free physical = 6346 ; free virtual = 12821
Command: launch_simulation -step elaborate -simset sim_1 -mode behavioral
INFO: [Vivado 12-12493] Simulation top is 'tb_top'
WARNING: [Vivado 12-13277] Compiled library path does not exist: ''
INFO: [Vivado 12-5682] Launching behavioral simulation in '/home/goeun/gitHub/Braille_generator_FPGA/uvm/CNN_UVM.sim/sim_1/behav/xsim'
INFO: [SIM-utils-51] Simulation object is 'sim_1'
INFO: [USF-XSim-3] XSim::Elaborate design
INFO: [USF-XSim-61] Executing 'ELABORATE' step in '/home/goeun/gitHub/Braille_generator_FPGA/uvm/CNN_UVM.sim/sim_1/behav/xsim'
xelab --incr --debug typical --relax --mt 8 -L xil_defaultlib -L uvm -L unisims_ver -L unimacro_ver -L unisims_ver -L secureip --snapshot tb_top_behav xil_defaultlib.tb_top xil_defaultlib.glbl -log elaborate.log -L uvm
Vivado Simulator v2022.2
Copyright 1986-1999, 2001-2022 Xilinx, Inc. All Rights Reserved.
Running: /media/goeun/E/Vivado/2022.2/bin/unwrapped/lnx64.o/xelab --incr --debug typical --relax --mt 8 -L xil_defaultlib -L uvm -L unisims_ver -L unimacro_ver -L unisims_ver -L secureip --snapshot tb_top_behav xil_defaultlib.tb_top xil_defaultlib.glbl -log elaborate.log -L uvm 
Using 8 slave threads.
Starting static elaboration
Pass Through NonSizing Optimizer
WARNING: [VRFC 10-3597] non-void function 'get' called as a task without void casting [/home/goeun/gitHub/Braille_generator_FPGA/uvm/CNN_UVM.srcs/sim_1/imports/new/scoreboard.sv:19]
WARNING: [VRFC 10-3597] non-void function 'get' called as a task without void casting [/home/goeun/gitHub/Braille_generator_FPGA/uvm/CNN_UVM.srcs/sim_1/imports/new/scoreboard.sv:20]
Completed static elaboration
Starting simulation data flow analysis
WARNING: [XSIM 43-4099] "/proj/xbuilds/SWIP/9999.0_0921_2117/installs/lin64/Vivado/2023.1/data/system_verilog/uvm_1.2/xlnx_uvm_package.sv" Line 4356. Module uvm_pkg doesn't have a timescale but at least one module in design has a timescale.
WARNING: [XSIM 43-4099] "/proj/xbuilds/SWIP/9999.0_0921_2117/installs/lin64/Vivado/2023.1/data/system_verilog/uvm_1.2/xlnx_uvm_package.sv" Line 4356. Module uvm_pkg doesn't have a timescale but at least one module in design has a timescale.
WARNING: [XSIM 43-4468] File : /proj/xbuilds/SWIP/9999.0_0921_2117/installs/lin64/Vivado/2023.1/data/system_verilog/uvm_1.2/xlnx_uvm_package.sv, Line : 25994, RANDC variable size more than 8 bits. This will be treated as a RAND variable instead.
WARNING: [XSIM 43-4099] "/home/goeun/gitHub/Braille_generator_FPGA/uvm/CNN_UVM.srcs/sources_1/imports/new/top.v" Line 5. Module top doesn't have a timescale but at least one module in design has a timescale.
WARNING: [XSIM 43-4099] "/home/goeun/gitHub/Braille_generator_FPGA/uvm/CNN_UVM.srcs/sources_1/imports/new/apb3_ip.v" Line 11. Module custom_ip_APB3 doesn't have a timescale but at least one module in design has a timescale.
WARNING: [XSIM 43-4099] "/home/goeun/gitHub/Braille_generator_FPGA/uvm/CNN_UVM.srcs/sources_1/imports/new/cnn_kernel.v" Line 1. Module cnn_kernel doesn't have a timescale but at least one module in design has a timescale.
WARNING: [XSIM 43-4099] "/home/goeun/gitHub/Braille_generator_FPGA/uvm/CNN_UVM.srcs/sources_1/imports/new/top.v" Line 5. Module top doesn't have a timescale but at least one module in design has a timescale.
WARNING: [XSIM 43-4099] "/home/goeun/gitHub/Braille_generator_FPGA/uvm/CNN_UVM.srcs/sources_1/imports/new/apb3_ip.v" Line 11. Module custom_ip_APB3 doesn't have a timescale but at least one module in design has a timescale.
WARNING: [XSIM 43-4099] "/home/goeun/gitHub/Braille_generator_FPGA/uvm/CNN_UVM.srcs/sources_1/imports/new/cnn_kernel.v" Line 1. Module cnn_kernel doesn't have a timescale but at least one module in design has a timescale.
Completed simulation data flow analysis
Time Resolution for simulation is 1ps
Compiling package xil_defaultlib.$unit_apb_packet_sv_543708521
Compiling package uvm.uvm_pkg
Compiling package std.std
Compiling package xil_defaultlib.tb_pkg
Compiling module xil_defaultlib.apb_if
Compiling module xil_defaultlib.cnn_intf
Compiling module xil_defaultlib.custom_ip_APB3
Compiling module xil_defaultlib.cnn_kernel
Compiling module xil_defaultlib.top
Compiling module xil_defaultlib.tb_top
Compiling module xil_defaultlib.glbl
Built simulation snapshot tb_top_behav
execute_script: Time (s): cpu = 00:01:23 ; elapsed = 00:00:31 . Memory (MB): peak = 7224.320 ; gain = 0.000 ; free physical = 6339 ; free virtual = 12814
INFO: [USF-XSim-69] 'elaborate' step finished in '31' seconds
launch_simulation: Time (s): cpu = 00:01:23 ; elapsed = 00:00:31 . Memory (MB): peak = 7224.320 ; gain = 0.000 ; free physical = 6339 ; free virtual = 12814
Time resolution is 1 ps
UVM_INFO /media/goeun/E/Vivado/2022.2/data/system_verilog/uvm_1.2/xlnx_uvm_package.sv(18601) @ 0: reporter [UVM/RELNOTES] 
      (Specify +UVM_NO_RELNOTES to turn off this notice)
  with `UVM_OBJECT_DO_NOT_NEED_CONSTRUCTOR undefined.

  You are using a version of the UVM library that has been compiled
  with `UVM_NO_DEPRECATED undefined.

  You are using a version of the UVM library that has been compiled

  ***********       IMPORTANT RELEASE NOTES         ************
----------------------------------------------------------------
(C) 2013-2014 NVIDIA Corporation
(C) 2011-2013 Cypress Semiconductor Corp.
(C) 2006-2014 Synopsys, Inc.
(C) 2007-2014 Cadence Design Systems, Inc.
(C) 2007-2014 Mentor Graphics Corporation


----------------------------------------------------------------

UVM_WARNING @ 0: reporter [TPRGED] Type name 'apb_monitor' already registered with factory. No string-based lookup support for multiple types with the same type name.
UVM_WARNING @ 0: reporter [TPRGED] Type name 'apb_driver' already registered with factory. No string-based lookup support for multiple types with the same type name.
UVM_WARNING @ 0: reporter [TPRGED] Type name 'apb_sequencer' already registered with factory. No string-based lookup support for multiple types with the same type name.
UVM_WARNING @ 0: reporter [TPRGED] Type name 'apb_agent' already registered with factory. No string-based lookup support for multiple types with the same type name.
UVM_WARNING @ 0: reporter [TPRGED] Type name 'apb_env' already registered with factory. No string-based lookup support for multiple types with the same type name.
UVM_WARNING @ 0: reporter [TPRGED] Type name 'scoreboard' already registered with factory. No string-based lookup support for multiple types with the same type name.
UVM_WARNING @ 0: reporter [TPRGED] Type name 'tb_env' already registered with factory. No string-based lookup support for multiple types with the same type name.
UVM_WARNING @ 0: reporter [TPRGED] Type name 'apb_packet' already registered with factory. No string-based lookup support for multiple types with the same type name.
UVM_WARNING @ 0: reporter [TPRGED] Type name 'cnn_sequence' already registered with factory. No string-based lookup support for multiple types with the same type name.
UVM_INFO @ 0: reporter [RNTST] Running test cnn_test...
UVM_INFO /home/goeun/gitHub/Braille_generator_FPGA/uvm/CNN_UVM.srcs/sim_1/imports/new/base_test.sv(14) @ 0: uvm_test_top [cnn_test] build_phase(test_lib)uvm_test_top
UVM_INFO /home/goeun/gitHub/Braille_generator_FPGA/uvm/CNN_UVM.srcs/sim_1/imports/new/cnn_test.sv(12) @ 0: uvm_test_top [uvm_test_top] build_phase
UVM_INFO /home/goeun/gitHub/Braille_generator_FPGA/uvm/CNN_UVM.srcs/sim_1/imports/new/tb_env.sv(16) @ 0: uvm_test_top.tb [uvm_test_top.tb] build_phase
UVM_INFO /home/goeun/gitHub/Braille_generator_FPGA/uvm/CNN_UVM.srcs/sim_1/imports/new/apb_env.sv(15) @ 0: uvm_test_top.tb.apb [apb_env] [BUILD PHASE] APB ENV
UVM_INFO /home/goeun/gitHub/Braille_generator_FPGA/uvm/CNN_UVM.srcs/sim_1/imports/new/apb_agent.sv(24) @ 0: uvm_test_top.tb.apb.agent [apb_agent] [BUILD PHASE] APB AGENT 1
UVM_INFO /home/goeun/gitHub/Braille_generator_FPGA/uvm/CNN_UVM.srcs/sim_1/imports/new/apb_driver.sv(16) @ 0: uvm_test_top.tb.apb.agent.driver [apb_driver] [BUILD PHASE] apb_driver build
UVM_INFO /home/goeun/gitHub/Braille_generator_FPGA/uvm/CNN_UVM.srcs/sim_1/imports/new/apb_monitor.sv(23) @ 0: uvm_test_top.tb.apb.agent.monitor [apb_monitor] [BUILD PHASE] apb_monitor build phase
UVM_INFO /home/goeun/gitHub/Braille_generator_FPGA/uvm/CNN_UVM.srcs/sim_1/imports/new/scoreboard.sv(21) @ 0: uvm_test_top.tb.sb [scoreboard] [BUILD_PHASE] scoreboard build
UVM_INFO /home/goeun/gitHub/Braille_generator_FPGA/uvm/CNN_UVM.srcs/sim_1/imports/new/apb_agent.sv(29) @ 0: uvm_test_top.tb.apb.agent [apb_agent] [CONNECT PHASE] connect start
UVM_INFO /home/goeun/gitHub/Braille_generator_FPGA/uvm/CNN_UVM.srcs/sim_1/imports/new/tb_env.sv(21) @ 0: uvm_test_top.tb [uvm_test_top.tb] Connect phase complete.
UVM_INFO /media/goeun/E/Vivado/2022.2/data/system_verilog/uvm_1.2/xlnx_uvm_package.sv(20867) @ 0: reporter [UVM/COMP/NAMECHECK] This implementation of the component name checks requires DPI to be enabled
UVM_INFO /home/goeun/gitHub/Braille_generator_FPGA/uvm/CNN_UVM.srcs/sim_1/imports/new/cnn_test.sv(16) @ 0: uvm_test_top [uvm_test_top] run_phase
UVM_INFO /home/goeun/gitHub/Braille_generator_FPGA/uvm/CNN_UVM.srcs/sim_1/imports/new/scoreboard.sv(26) @ 0: uvm_test_top.tb.sb [scoreboard] [RUN_PHASE] scoreboard run_phase
UVM_INFO /home/goeun/gitHub/Braille_generator_FPGA/uvm/CNN_UVM.srcs/sim_1/imports/new/apb_monitor.sv(31) @ 0: uvm_test_top.tb.apb.agent.monitor [apb_monitor] run_phase
UVM_INFO /home/goeun/gitHub/Braille_generator_FPGA/uvm/CNN_UVM.srcs/sim_1/imports/new/apb_monitor.sv(38) @ 0: uvm_test_top.tb.apb.agent.monitor [uvm_test_top.tb.apb.agent.monitor] Run stage start.
UVM_INFO /home/goeun/gitHub/Braille_generator_FPGA/uvm/CNN_UVM.srcs/sim_1/imports/new/apb_driver.sv(20) @ 0: uvm_test_top.tb.apb.agent.driver [apb_driver] [RUN PHASE] driver run_phase start
UVM_INFO /home/goeun/gitHub/Braille_generator_FPGA/uvm/CNN_UVM.srcs/sim_1/imports/new/apb_driver.sv(40) @ 0: uvm_test_top.tb.apb.agent.driver [apb_driver] Drive signals ... 
UVM_INFO /home/goeun/gitHub/Braille_generator_FPGA/uvm/CNN_UVM.srcs/sim_1/imports/new/cnn_seq.sv(44) @ 0: uvm_test_top.tb.apb.agent.sequencer@@seq [cnn_sequence] cnn_seq body() start
UVM_INFO /home/goeun/gitHub/Braille_generator_FPGA/uvm/CNN_UVM.srcs/sim_1/imports/new/cnn_seq.sv(9) @ 0: uvm_test_top.tb.apb.agent.sequencer@@seq [cnn_sequence] [HW_WRITE] ADDR: 0x000, WDATA: 0x002
UVM_INFO /home/goeun/gitHub/Braille_generator_FPGA/uvm/CNN_UVM.srcs/sim_1/imports/new/apb_driver.sv(30) @ 1000: uvm_test_top.tb.apb.agent.driver [apb_driver] negedge apb_vif.PRESETN
UVM_INFO /home/goeun/gitHub/Braille_generator_FPGA/uvm/CNN_UVM.srcs/sim_1/imports/new/scoreboard.sv(96) @ 20000: uvm_test_top.tb.sb [scoreboard] [Packet] ADDR: 0x000, [DUT] ADDR: 0x000
UVM_INFO /home/goeun/gitHub/Braille_generator_FPGA/uvm/CNN_UVM.srcs/sim_1/imports/new/scoreboard.sv(100) @ 20000: uvm_test_top.tb.sb [scoreboard] [Packet] WDATA: 0x002, [DUT] WDATA: 0x002
UVM_INFO /home/goeun/gitHub/Braille_generator_FPGA/uvm/CNN_UVM.srcs/sim_1/imports/new/cnn_seq.sv(9) @ 35000: uvm_test_top.tb.apb.agent.sequencer@@seq [cnn_sequence] [HW_WRITE] ADDR: 0x008, WDATA: 0x004
UVM_INFO /home/goeun/gitHub/Braille_generator_FPGA/uvm/CNN_UVM.srcs/sim_1/imports/new/scoreboard.sv(96) @ 60000: uvm_test_top.tb.sb [scoreboard] [Packet] ADDR: 0x008, [DUT] ADDR: 0x008
UVM_INFO /home/goeun/gitHub/Braille_generator_FPGA/uvm/CNN_UVM.srcs/sim_1/imports/new/scoreboard.sv(100) @ 60000: uvm_test_top.tb.sb [scoreboard] [Packet] WDATA: 0x004, [DUT] WDATA: 0x004
UVM_INFO /home/goeun/gitHub/Braille_generator_FPGA/uvm/CNN_UVM.srcs/sim_1/imports/new/cnn_seq.sv(9) @ 75000: uvm_test_top.tb.apb.agent.sequencer@@seq [cnn_sequence] [HW_WRITE] ADDR: 0x004, WDATA: 0x001
UVM_INFO /home/goeun/gitHub/Braille_generator_FPGA/uvm/CNN_UVM.srcs/sim_1/imports/new/scoreboard.sv(96) @ 100000: uvm_test_top.tb.sb [scoreboard] [Packet] ADDR: 0x004, [DUT] ADDR: 0x004
UVM_INFO /home/goeun/gitHub/Braille_generator_FPGA/uvm/CNN_UVM.srcs/sim_1/imports/new/scoreboard.sv(100) @ 100000: uvm_test_top.tb.sb [scoreboard] [Packet] WDATA: 0x001, [DUT] WDATA: 0x001
UVM_INFO /home/goeun/gitHub/Braille_generator_FPGA/uvm/CNN_UVM.srcs/sim_1/imports/new/scoreboard.sv(96) @ 140000: uvm_test_top.tb.sb [scoreboard] [Packet] ADDR: 0x000, [DUT] ADDR: 0x000
UVM_INFO /home/goeun/gitHub/Braille_generator_FPGA/uvm/CNN_UVM.srcs/sim_1/imports/new/scoreboard.sv(103) @ 140000: uvm_test_top.tb.sb [scoreboard] [Packet] RDATA: 0x002, [DUT] RDATA: 0x002
UVM_INFO /home/goeun/gitHub/Braille_generator_FPGA/uvm/CNN_UVM.srcs/sim_1/imports/new/scoreboard.sv(55) @ 145000: uvm_test_top.tb.sb [scoreboard] Weight set to: 0x02
UVM_INFO /home/goeun/gitHub/Braille_generator_FPGA/uvm/CNN_UVM.srcs/sim_1/imports/new/cnn_seq.sv(26) @ 155000: uvm_test_top.tb.apb.agent.sequencer@@seq [cnn_sequence] [HW_READ] ADDR: 0x000, RDATA: 0x002
UVM_INFO /home/goeun/gitHub/Braille_generator_FPGA/uvm/CNN_UVM.srcs/sim_1/imports/new/scoreboard.sv(96) @ 180000: uvm_test_top.tb.sb [scoreboard] [Packet] ADDR: 0x008, [DUT] ADDR: 0x008
UVM_INFO /home/goeun/gitHub/Braille_generator_FPGA/uvm/CNN_UVM.srcs/sim_1/imports/new/scoreboard.sv(103) @ 180000: uvm_test_top.tb.sb [scoreboard] [Packet] RDATA: 0x004, [DUT] RDATA: 0x004
UVM_INFO /home/goeun/gitHub/Braille_generator_FPGA/uvm/CNN_UVM.srcs/sim_1/imports/new/scoreboard.sv(61) @ 185000: uvm_test_top.tb.sb [scoreboard] Fmap set to: 0x04
UVM_INFO /home/goeun/gitHub/Braille_generator_FPGA/uvm/CNN_UVM.srcs/sim_1/imports/new/cnn_seq.sv(26) @ 195000: uvm_test_top.tb.apb.agent.sequencer@@seq [cnn_sequence] [HW_READ] ADDR: 0x008, RDATA: 0x004
UVM_INFO /home/goeun/gitHub/Braille_generator_FPGA/uvm/CNN_UVM.srcs/sim_1/imports/new/scoreboard.sv(96) @ 220000: uvm_test_top.tb.sb [scoreboard] [Packet] ADDR: 0x004, [DUT] ADDR: 0x004
UVM_INFO /home/goeun/gitHub/Braille_generator_FPGA/uvm/CNN_UVM.srcs/sim_1/imports/new/scoreboard.sv(103) @ 220000: uvm_test_top.tb.sb [scoreboard] [Packet] RDATA: 0x001, [DUT] RDATA: 0x001
UVM_INFO /home/goeun/gitHub/Braille_generator_FPGA/uvm/CNN_UVM.srcs/sim_1/imports/new/scoreboard.sv(74) @ 235000: uvm_test_top.tb.sb [scoreboard] [PASS] fmap (0x04) × weight (0x02) = 0x0008 (cnn_out)
UVM_INFO /home/goeun/gitHub/Braille_generator_FPGA/uvm/CNN_UVM.srcs/sim_1/imports/new/cnn_seq.sv(26) @ 235000: uvm_test_top.tb.apb.agent.sequencer@@seq [cnn_sequence] [HW_READ] ADDR: 0x004, RDATA: 0x001
relaunch_sim: Time (s): cpu = 00:01:38 ; elapsed = 00:00:46 . Memory (MB): peak = 7232.320 ; gain = 8.000 ; free physical = 6342 ; free virtual = 12817
close_sim
INFO: [Simtcl 6-16] Simulation closed
exit
INFO: [Common 17-206] Exiting Vivado at Mon Aug  4 01:47:14 2025...
